"","ENSG00000000003","ENSG00000000005","ENSG00000000419","ENSG00000000457","ENSG00000000460","ENSG00000000938","ENSG00000000971","ENSG00000001036","ENSG00000001084","ENSG00000001167","ENSG00000001460","ENSG00000001461","ENSG00000001497","ENSG00000001561","ENSG00000001617","ENSG00000001626","ENSG00000001629","ENSG00000001631","ENSG00000002016","ENSG00000002330","ENSG00000002549","ENSG00000002586","ENSG00000002587","ENSG00000002726","ENSG00000002745","ENSG00000002746","ENSG00000002822","ENSG00000002834","ENSG00000002919","ENSG00000002933","ENSG00000003056","ENSG00000003096","ENSG00000003137","ENSG00000003147","ENSG00000003249","ENSG00000003393","ENSG00000003400","ENSG00000003402","ENSG00000003436","ENSG00000003509","ENSG00000003756","ENSG00000003987","ENSG00000003989","ENSG00000004059","ENSG00000004139","ENSG00000004142","ENSG00000004399","ENSG00000004455","ENSG00000004468","ENSG00000004478"
"CAL120",7.63930036774268,2.96297050023585,10.3806032877372,3.6131345438788,3.37955681918976,3.32246052379722,3.56597897282284,8.23676209013151,5.23304537772834,5.37170854231037,3.59685528912167,7.64363026745649,4.54297611185769,4.49374861278598,4.11598880244556,3.02408632949567,8.29574900203972,3.64576123334731,3.77702050108094,7.46468499154801,6.45426027689307,9.46092474473312,3.51866246482869,3.3483044441631,3.74358048306471,2.65975962508484,5.20428750056333,4.9334801701111,4.77201059246137,2.97551629414327,9.7842695859318,6.21670259613549,3.43823360427365,4.07794768666187,3.68974299308465,3.94713025525101,2.83333914133402,5.46109639775298,12.0898935828048,5.81145529174572,8.54833847644484,3.26644961335908,3.77002707157821,8.40602902373173,3.79968399634778,7.278104393696,3.60345169197049,6.76552192353391,2.92945670278686,5.53902325773767
"DMS114",7.54923202065835,2.77582142260157,11.7987794697786,4.06660692658542,3.72960660440721,3.15191243982605,7.83127198033822,6.57822868079347,5.81148279932877,7.21548546179275,3.75189798223228,5.71980895192703,4.30127925668594,6.03600010753574,3.95150819824788,3.12239904026371,8.31611443966529,3.86170294753049,3.91750773579838,7.47857568252776,6.7411424637521,9.47714876073788,3.04383075663766,3.20901014613968,2.72814624747554,2.7857418530072,6.13972450667351,4.5260961824766,5.24866782089346,3.03721402872973,8.84469902245334,3.23948817247399,3.07113725542271,4.54355965980236,4.06570040481359,4.01524400266362,2.78758673335047,4.67799899434324,3.46860917068859,6.48632966332677,8.73449924841082,3.44182507724683,2.96771387540008,8.87608965782783,3.85178637515393,7.37322191435812,3.41065885115603,6.32002943322402,2.91427467947668,6.33434450615671
"CAL51",8.71390166447296,2.64213842021143,9.88317257583071,3.95362901944493,3.23595220420166,3.23895978380962,2.92938971261224,8.25877476577395,5.42767934832929,5.12101996507561,3.94511135251756,5.60324724841766,3.82779135886215,4.54823044110009,4.4380628487737,2.89484527489789,7.93828356062539,3.81147631627373,3.59468128142315,7.42281400377401,5.65843710932786,10.0131987055297,3.92311185148084,3.21391371416762,2.69807646832424,2.9013367118046,5.39327272392418,4.14501968552248,4.64724401264012,2.84805714550382,8.86814379778747,3.05211041421742,3.07955882785265,3.03016428731961,4.00580970380744,3.78405286766826,3.18922100401836,5.52794912387863,10.2399132977862,5.67734240457849,8.36322651811726,3.10320289837597,2.94920819772525,8.80852923842631,3.97999802836764,7.34721707271582,8.43169552535723,6.51265635813523,2.83194818141936,4.45282503319684
"A2058",7.07300644266747,2.88752733252568,9.77436753471144,4.27024252852866,3.81173357736253,3.29616664652801,4.3355714842759,8.90900881994305,5.65523943334575,5.47685248181766,3.75367332805977,7.33502827384739,3.81567333235921,3.21714271540383,3.8878781230383,2.95432471685187,8.45555559508876,3.77430531723236,3.44846980621833,6.54934997262584,6.92744077174696,9.58191316389237,3.73332340598139,2.95765609790993,2.76289235485658,2.73147492497421,8.90041092992125,4.07474635839624,5.09945283630773,2.78169832159129,10.0005248956598,5.84765936949255,2.89436537275409,5.11139607309242,4.54503125674836,3.79766211476243,2.93571639205422,4.80235777034168,6.94030558112329,5.51680278523169,7.95141344771131,3.23467967387246,7.11437101735888,8.34889020727942,3.38291514325546,7.40506209444398,4.77833775513816,6.90651609177679,2.95130409956035,4.39553699299962
"CESS",3.28472060239622,2.82642904708555,10.2563427011619,5.96143691122208,3.01179989418906,9.55898195482111,3.20760216324849,6.78714266459096,5.6196583504981,5.11087350036368,3.23828981603386,5.37930720167509,3.72499341956695,5.66142741538074,3.56141503790229,2.95055867610612,8.47495250283397,4.05087531456835,3.47151730020371,6.3507774833602,8.55760904858562,8.27881266376978,2.8531286492357,4.09284242706939,2.82152199811954,2.72305187234961,9.22488366478655,4.19556584394318,7.56943772578545,3.23316953775028,10.0755986914639,6.78559183198659,2.98935337277509,4.58494274401104,3.6980733830791,3.61207058302536,3.39735468078988,7.98023679108036,5.96862483303066,5.87760332909253,8.79429252081614,3.21500465539321,2.9412994086227,8.39963725750025,3.87110364031452,7.09304694933513,3.03365006868879,6.38995932985997,8.88109474519771,3.65481381612543
"HCC1419",3.4562493663002,3.28910951538218,11.5657324268392,5.56075915118329,3.57121816019735,3.3704558403163,3.11395249051425,7.70455523890637,5.47915281708679,5.01613493063831,3.48821970375113,8.29093374525864,4.24679635105421,3.75272146569911,4.75196288785639,3.15964018221798,8.65271640641789,3.75951299071072,3.33660425625895,8.77610315083824,7.59497794980088,6.94391587007717,3.09884987359855,3.28058806163621,2.94547036002088,2.71632062266322,5.03324747423021,4.75238815560372,7.81112812067979,3.12345817260674,9.38171479912602,5.47498122771109,3.04030846995859,7.07418760539125,4.14787260961583,3.62410579038441,2.84228668459829,5.25310583730227,3.36738888920386,5.21759600502652,7.99165306357001,3.50349067743829,4.5606561703236,8.93547644029846,3.37993395363442,6.97271497703661,5.32834643023874,5.90092976660371,3.20121983677956,6.2394960467052
"ETK1",9.0251762681226,3.09654597901797,10.0665597863238,3.87691925266439,3.66676096381894,3.27478979206513,4.01342861109294,9.49072429632999,7.77233311057722,4.76995976216172,4.13746808808643,7.20390437628215,3.88006315253535,5.74697926252013,3.72589382835578,2.93926345921605,8.6393390992846,3.2228924880434,3.27018665031463,7.65063742944175,6.17018914244336,9.86393414186868,4.44965253326147,4.12538829151259,2.86014498525209,2.79577846620572,6.28939146075843,4.97204015175792,5.24576564326979,3.0268463400405,9.78753247463714,3.384981014713,2.93270329071493,6.58723348255393,3.8818382984566,3.61483761868924,3.34107380987818,5.12221182517681,9.98849658566448,5.41685423149009,7.35809721786898,3.28273996017181,3.04205492444636,10.0434704026624,3.31657491412116,7.6306051530535,3.59403123763976,5.95999809820808,3.29195728790603,4.6695274046196
"C32HUMANMELANOMA",5.53795466782526,2.73445958652153,9.89243290123568,3.3418208035465,3.06524701603363,3.25164093589496,3.29825555446927,8.11209055323787,5.23172057401182,4.34543767296551,4.21633826737906,8.42554912184715,3.82494385922034,3.34210967007772,3.91952853827564,3.00802081660025,8.76155267569067,3.7281899151088,3.4159371592895,7.58163625707176,6.65870418786809,10.2364445159613,3.47897443740131,3.48307369371163,2.82976391399911,2.66675403379398,9.47682261492905,4.20112562013804,5.2150688532818,3.07378030532632,9.18487872355865,3.37905114938146,3.46931538805073,3.5255918127752,4.46547484606787,4.40866855126749,2.90694561945249,5.27596663489987,4.97911814953028,5.1498133363014,8.82310369592886,3.42691673419483,3.20449900904071,10.3842895735229,3.65416539698029,7.53877934966192,6.89275051198692,6.66578999242722,2.77284009249154,4.45169016330751
"DSH1",9.17152675857129,2.85327052075064,10.1134343948331,4.58078884297668,3.88218526834234,3.50585926757625,5.20726378971987,7.80109476107866,7.37933053274,5.19365096160698,3.81773710808785,7.46482082171018,3.71308631381973,4.58252104485549,6.74961669971512,3.16773248783602,8.69628968040534,4.14851481537795,3.58842131079687,6.85475302937595,5.7004495199196,9.26020066852378,7.02191699034774,3.29769905591135,2.85327290091376,2.57910364682889,5.28555069821363,5.11286237499765,4.93380647953899,2.80539635724874,9.53878246408534,4.19351782349545,3.24197583996721,7.43257857385828,3.60817916797651,3.43120072533185,3.18694977831425,4.92529904037158,3.40174146434612,5.22630752621757,8.46066478110724,3.43553467364598,4.98770663485748,8.65372567619398,3.91969538536505,7.16649381431806,3.30167962871398,6.111769284054,3.52002807037026,4.97822153578565
"HT1197",7.07947718288654,2.82237595448471,9.51202217305466,4.02668904683488,3.60825623247546,3.46303651314843,3.43306308166652,9.16455870396102,4.58405333605185,4.98893557613878,4.26995170500872,7.8846770651076,3.46645596835858,3.72192042591506,3.68520833559383,2.81209540817209,8.27853917502663,3.45885893040547,3.66397671370185,6.34855509370939,6.60217122466556,11.0131576273832,3.48158801518814,3.96188823732056,2.83482129158895,2.64736410248841,4.99974761507393,5.50459487798958,4.97040010697603,3.02576563244135,9.16466690432829,3.43786387516156,3.66013819356939,4.99707685566414,3.41599643087444,3.88307734422328,2.86631925624736,6.04527773313964,10.9903281404711,5.30229252055444,7.60566056027153,3.45480649551668,5.44936180926511,8.4857494540984,2.96433132736398,6.15261547021077,6.86266890011184,5.73135761634623,3.1161386306862,4.40680749396424
"MDAMB157",5.50257203794347,3.10436217759994,10.9210122974425,4.48342954028089,3.6961983259853,3.27152006218934,3.03864205622852,7.33906311437205,4.96226881565672,5.07054731752957,3.6174420076198,8.16919608172025,4.47996340354762,3.68965247800378,4.03272830294695,2.96304179873576,7.88429850132092,3.59037975489813,3.39778928594261,7.23761579248225,5.67608028240416,8.83645627317924,3.33028344330356,3.38955681576499,2.90982146197771,2.74478437489263,5.52013645128779,3.99174156225498,4.13779580050214,3.18880170148599,8.46475419620165,3.47435678984895,3.34884484963247,6.74842194037108,4.17644003708647,3.3931080216539,2.74574130362393,5.63047260294355,3.35232677748887,5.43966297929884,8.50332157743122,3.49457181597123,3.02188117560246,8.97758481493529,3.75608202966397,7.30667814920349,6.24309020090343,7.43045646802937,3.17495012315313,5.07853503890303
"HDLM2",3.09329660410155,2.64841497906721,8.88082519231573,5.23059402699326,3.82410994060256,3.39263174271803,3.8766780740823,8.8107576184904,6.09150523407251,5.36463519269235,3.98134191600146,7.40235544568517,4.03053573515471,6.13682022991172,3.85515583540405,3.15414471977461,8.29938267908017,3.94473043224411,3.87235391990509,7.40901923525268,7.6690677593064,9.91922723184787,3.11237420562102,3.41257132675259,2.76749464976876,2.73384150088036,4.41184120252573,3.93368435891586,7.03115641215165,3.1975576627014,11.1705568894605,3.24998865979707,2.79437283330371,3.34355828056147,3.21798588144383,3.40032952448651,2.93409890919957,7.92754261425085,4.4740982561372,6.08453283742537,8.12730333696879,3.33965954591325,3.06799329513976,8.24244144270975,5.20806898447658,7.72864152135235,3.29032360258393,6.74509806696188,3.08988136423213,4.94466832983921
"5637",8.66922922666273,3.08104275895548,10.4471702636589,3.83089003709232,3.60621206090517,3.30285071390953,4.84325607922671,8.59059498613902,4.7289835885603,4.88807293009255,3.64554181729026,6.66546144452662,4.4523123254042,4.03717666628772,4.1411151025641,3.02093426959497,8.72850726459684,3.39734982057838,3.32006407781736,8.02864082737296,5.18829656015212,8.62828369156268,5.99313926885857,3.24872486417958,2.87863118112221,2.71979021045947,6.34965988885895,4.84793351724426,5.95892992161615,3.02639280673965,9.00964366604276,3.92597066676673,2.97108156803447,3.58764075403727,3.39196983831716,3.64667243721876,3.2381474050723,5.27005628440763,7.86765560349412,5.20498507814392,7.621121210141,3.45679993224736,3.75521060175297,9.63044752275927,3.06674060502797,8.0718056459678,4.76032228138258,6.50070253879358,2.75612928350727,4.3016024792734
"786O",6.60751697085518,2.70690478527465,9.77137255038429,3.6280892321655,3.06767838190878,3.07391648895323,6.37381750782634,8.66010299963477,5.02341506714587,5.49672891053602,4.4476031942474,6.63131144631402,4.25612419239054,3.42860063883649,5.79890528321591,3.46529014251422,8.37443142220233,3.3045326753955,3.51072492049273,7.02691656177323,5.84785873515129,10.0818502601295,3.40752819822697,3.70531376950424,2.89180293549324,2.85135131333891,7.83481855045931,4.59275186170144,5.36173894134497,2.92439423191972,9.36137759479109,3.77617745205005,2.98896915705995,3.30193040361362,3.73010049415409,3.70212740540291,3.14943707423613,5.44348520211475,9.5030323960157,5.20624504521593,9.06305635290278,3.45968632354053,3.9321513331032,9.70111962425841,3.55516845876179,7.93160802049557,4.57336134927597,6.76140571890689,2.96646030791594,4.80294222356146
"HMVII",6.60163509693455,2.98187269149656,9.91280762209977,4.72454930961831,3.29187237768048,3.20927008090336,3.52444655069772,7.65509833543358,5.36055218407583,5.29827264102627,4.70623758314216,6.08311553382312,4.16185764712073,3.43525546488805,3.7640375519945,3.24899344332717,7.97740237846838,3.03606957331544,3.64459506441088,6.62150657243854,6.43778705106341,8.45065046317217,3.01839925858201,3.07080815660293,2.92178157759976,2.61343278684221,8.25295659203339,3.70201017796956,5.73813341153979,2.75511859873369,9.88705095622617,4.14065237914236,3.54045655555461,5.81515685463116,4.44172606864702,4.02942693046536,2.88972643679752,4.89173655837862,4.05509169272823,6.91866245740998,8.08144172726936,3.23870699074791,4.85357876320415,8.39912920785355,3.7883159422265,7.9560326568982,5.06462730510736,7.47977143792841,2.93730925772475,4.83107805126195
"M14",7.5738362849026,2.88203015392052,10.4053302998589,3.89942584287242,4.39324160045949,3.35223504614006,2.89991079331649,7.20968165614123,5.70501137921286,5.65940123135071,4.59317894403731,7.8443808527639,4.5401128104255,3.33450200779871,3.59127692859316,3.1093939165254,8.35676094714658,3.89897145278216,3.19996552543422,6.14868826002853,7.22020442993112,9.32063332504944,3.2048605297983,3.1784861474947,2.82218420253919,2.67564496844106,9.50542386699196,4.54666158069423,5.27059075762939,2.93711843997433,9.72568739158853,3.1761842523134,3.23849304521628,4.39013985114248,3.86799752686537,3.80117356485889,2.82371648739474,4.85847904405153,3.48532961990588,6.20081605546978,7.59998903691076,3.37737047579627,3.7669647125899,8.75065378713808,4.00094948296086,7.4612646875956,3.16522723021909,7.37881606099592,2.98294578614004,4.70030518940557
"HT29",7.35441605283871,2.9042344707934,10.404939622316,4.82591268943616,3.2765440179491,3.15767914863655,5.94464172958461,8.04782719221388,6.30633150891417,5.1287182582551,3.92801797771858,7.58249807484286,4.01788129036727,5.44480435971787,4.42563069971455,9.04105170974094,8.85386782640528,3.65363644325291,3.32309819974223,6.83207279447934,6.49828941691903,3.99237328872926,6.98289012478569,5.16372678633043,2.83578314359922,2.70201234529548,5.39493307807641,5.12674303170403,5.07649457533401,3.29539025687873,8.74891482961839,3.4875813033311,2.95521298504393,8.03751127911068,3.85126461476554,3.8209000764332,3.22709653651794,5.62378544423561,10.2778464547001,6.23533135644921,7.53958019781422,3.33256685046546,4.93527065348468,8.88212097136011,3.66492361646447,7.13185997303676,6.43899393320599,6.57523079755855,3.15188348329935,4.42203755455518
"AU565",6.2714007339445,2.73206066013843,10.3327329637715,6.07477213302281,3.4959587578206,3.26311967587734,3.23152233550183,8.38546965486664,6.17933056093849,4.15875713235355,3.49351053041741,7.5107589056525,4.13662684133156,3.71892403540685,5.83929939425488,3.33138623339762,9.23547253777351,4.02406266066667,3.58303379269078,7.50088388566571,6.22154034176129,6.24473483221146,3.05878255040935,4.69636265983265,2.80145146585255,2.73679664753463,5.4582425077826,3.61375434981989,4.02879209192383,5.29327871493081,9.46873237549597,3.89319416037088,2.86616998458451,4.04781591524128,3.64592267442653,3.51477134720292,2.94513523285884,5.7890219263736,3.60513844498879,5.70262499554521,8.07726468340719,3.37369429313932,5.05097085479825,10.0044041925759,3.21136204644633,8.68648751747672,5.56180828994677,5.92830950073047,3.2875711194232,5.80425590172184
"NCIH441",8.6667592962079,3.07268858047106,10.1681691835798,4.96341355257063,3.65671798922618,2.99072622707997,7.44861286266166,7.4963391252614,6.53650282510081,5.73565283412267,3.53956766207286,8.25089724598107,4.34033509129262,6.9024519834618,3.74285764135005,3.29769910871321,8.84778798831423,3.94614135920003,3.86933493765397,6.55934209304094,6.40678829069396,8.65765588905795,5.65976595940192,3.62202855239558,2.79542664336986,2.71770201200428,4.75738461988543,4.61308367151898,4.27820356796835,2.91578498630571,8.95478501006897,2.85350001823853,3.45713138623745,6.2873201255346,4.10784719581083,3.68500637453281,3.24372742056815,7.4992356957597,9.40250124427341,5.71317784040175,7.65296929939672,3.06430015975382,2.99657941496489,9.03143604345036,3.75227650888751,8.17665034904633,6.26486770985234,6.49401257238734,2.98551903228851,3.93552934413055
"SW1088",6.9137759047483,2.84695605672777,9.90460281034928,3.53573525515239,3.54315920755739,3.28555422830781,6.66423927553321,8.64586486637482,5.8285423347677,4.78836838510766,3.61507709510503,6.7494301917754,4.15323077066097,3.27061904655628,4.0416344438479,3.03982758988981,8.67422555502443,3.79723266296058,3.56351846755142,7.28752679034026,6.88390957684503,9.8369298742647,2.95317474004399,3.62823620262804,4.02055929903723,3.15138706586077,5.54479071009445,4.80100748317409,4.89539538616291,4.70442582760231,9.34013082528993,4.96291716435431,2.98880374166066,3.03385822816609,3.46200852380995,4.05641102438807,2.9877228492387,4.95168704458822,10.0788162481971,5.48921704987573,7.84400468881894,3.19201977107739,3.11003222327748,9.12019072223118,3.82604439632774,7.52742837825642,6.30437000974488,5.88023764901065,3.05751699809972,4.690214869253
"ISTMES1",6.66609696623414,2.67457257157581,9.94717005429152,3.41802280349479,3.01276227235412,3.15044742505028,9.07930345521286,7.534917885045,4.57240692825094,5.19217714866863,3.4805125826936,6.20282145945104,4.27442005357544,4.25651094450579,4.06853933473877,2.85701275522374,8.54788759730128,4.16502205056364,3.55223675274554,6.6768049125088,6.51785876277103,9.29695213806721,3.01387692317057,3.14025267636951,2.87718405395868,2.77132756931574,4.82115464117094,4.68034855276529,4.83021933129171,3.0876223903839,8.97470772170646,3.36989027621464,3.81479826911696,3.64414546982324,3.9061131031751,4.03321454132294,3.01169931216197,6.79120261625548,3.28128438826698,6.09428428602289,7.88320534311091,3.2672861125044,5.26480148515455,9.06400934341747,7.66133400297822,7.86394906645327,5.14573083285414,5.79542646329007,6.57389041111303,4.46738415151912
"HCT116",7.56750990702129,2.78033124867985,10.1426279093944,4.16067191485663,3.29966745682148,3.24743756849404,3.00496644437583,8.3316369138245,6.86276280852072,5.22094692806299,3.64007058556294,6.41111264355136,3.78383205414128,5.84860370248281,4.09789865015383,2.99775049501695,7.72687491555088,3.48658689681518,4.1469344112487,6.14115934824839,6.75713391091154,7.98878409910468,7.58315022662866,3.33149297712698,5.26018699220453,3.01600392386226,4.8594196537223,4.29158736877507,5.1261981040253,3.2510071163846,8.83374997389729,3.94069876088528,3.71914728219535,6.54653189635737,4.54663639922457,3.77067463333361,3.15234942235,4.72342408032513,7.55129306933756,5.86571570306703,8.22090860918617,3.22130512747985,4.9202103490666,9.21117021241835,3.22616131467817,6.78598888877111,4.56288535311418,7.23264599870427,3.23535474659522,5.13354675793876
"KYSE450",7.44013764040561,2.78970332063889,10.7291026591983,3.96973481722563,3.21304860672605,3.28919925221356,3.47649613127954,8.31795968453413,6.4744916327886,4.33098238987357,3.66970349125377,6.62025503105505,4.63379088507316,3.81086081996714,3.80911211427873,2.9737154078511,8.50281170049698,3.38259236673163,3.50433411515487,7.27818149990308,6.36576087081795,7.73876600180059,3.22739289368927,3.49768658571201,3.07022306835187,2.81427549618791,6.03175917338727,4.57536710031857,5.7085797009007,2.93934786206278,9.94543667813304,5.71530717008662,3.06769611839333,7.15306541810702,4.07850763719027,3.49775020400644,2.93734968869305,4.10653968350678,3.37304466824173,6.18512444099019,7.79890339047092,3.30600192733437,4.91570648497643,10.1163375531855,2.9824087647041,8.54665782816898,4.86839862466923,6.7558450365878,2.75184978902468,6.58102996713147
"NCIH2052",6.92477619665461,2.81089640808642,10.4743674345454,3.46699538494793,2.95622212842334,3.22700697610382,4.66919888580405,8.01957999601291,4.59703617503775,4.79995911458936,4.06984000357171,8.15880141172149,4.19947676030165,3.43874493725215,3.68002267489196,2.9670454709561,7.37445082638276,3.14223534094231,3.68365798428599,9.04204192763541,6.0263437490205,10.1024033255269,3.43989981622545,3.33787714138519,2.85974308734886,2.64395028293151,4.59556206182085,4.94964586710266,5.80307291550766,2.95110930848197,8.76843449073721,3.18929753530899,3.53426186787558,3.3183255654279,3.61461226486124,3.9092045128174,3.05773390936374,7.17003184298024,9.69456145718584,6.44511500652711,7.44561035302024,3.32031580882696,4.39637752566801,8.36086232473222,4.63096373630756,7.76654601022934,4.86797179102976,6.03597165760876,3.01684482625282,4.10374295150187
"LOXIMVI",7.56833933467604,2.66480408115736,10.429935092313,3.57150371386075,3.11116489521013,3.31781830215422,3.26098081933142,7.32745714272381,6.06536004156991,5.395121408223,4.39755978939747,7.00425284071284,4.14508726269941,3.48679975010722,3.73483562434857,3.04113092554305,7.91128597027781,3.53448343402247,3.81090170453777,7.06891956874251,6.79278447056738,7.66021442289156,2.93492100791355,3.17958692362248,2.8311006289576,2.78442205208898,7.495375093766,4.61894956482232,5.28595181621572,3.03557146384493,9.50227975227461,3.25556247546735,2.94944768622643,3.3396796130973,3.42517443570156,4.15851915745587,2.74555787520629,5.3067368593814,9.65342437859502,6.42912116036172,7.11418795626647,3.40556544392688,3.01601005462569,7.88415602133812,3.13683088072546,7.8372957441227,3.41501396724933,6.51939133736514,2.86284065136505,4.8876240887147
"HOS",7.42937010783433,2.74282923445328,10.2946430141871,3.71855247396544,3.50744464645367,3.44661391165715,6.62157589155487,7.79766079106307,5.57337169048101,4.53028363075829,3.33023246061861,5.76603490839498,3.84527243805815,5.47381774928559,4.41219188866059,2.96920407121984,8.32036053137099,4.18419903513421,3.76002787568796,5.7797023775662,4.61290855923376,10.1210318647457,2.98345150798843,3.30857316122567,2.82948711945103,2.76398759836061,6.30187111850006,4.70662865633071,5.1603304142515,2.94734862860011,9.04538377490477,5.46804627932454,2.85516520071973,4.93755753797944,3.45724155468517,4.53673448517998,2.84309021097726,5.15940092560187,9.10750295110738,5.85043174309254,8.85840109873021,3.3497258768006,5.7574212061054,7.92401211873126,3.7740947369234,7.33388512984768,6.19315140288046,6.18244968006359,2.69753985991705,3.92413932950635
"NCIH28",6.06278398703872,3.29261049764923,9.93348758280332,3.96130739094438,3.77090574352718,3.36627861092776,3.42694390327068,7.7513639622393,7.87910458680416,4.87089738309557,3.21501249264318,3.99249610174329,4.25136192871719,4.45044722030967,4.4035417534009,3.23525518578699,8.78423969810554,3.64828829722782,3.44683066263803,6.02616870823143,5.86553279617154,8.76855454729816,3.81651317253932,3.40638910858926,2.90238833502889,2.90602103163545,7.05735458272999,4.86149446230019,4.58896155719815,3.18867010240172,9.89074604728509,4.23759825713597,3.86194312084493,3.84854419287444,4.1654232209406,4.00177544064707,3.01628559004647,5.86218833194477,3.96090580913809,6.21042465040813,8.33776108562959,3.44186402413271,3.87584772888543,8.24520402721686,3.37279462070146,7.25149420049992,5.54032867867058,6.69863219115228,2.78637497794812,4.91713058472931
"NCIH358",8.57436101633204,2.86115473355908,10.1486035801885,5.20733863349117,3.37392962941079,2.98336770384537,7.22697619448096,7.44955201737409,6.80287970413193,5.7433491231476,4.03128152229324,8.35323235801729,3.65922347381357,6.40213684465675,3.65552286556394,3.14634690697302,8.41128865489636,3.63550673171124,3.27716971658794,6.6252478734378,5.92078625112927,7.93953197147991,6.78330397992947,3.32003909267319,2.79223870315248,2.67603166453261,5.18284367755534,4.29751646417142,4.28179352562689,3.08117261190807,9.23212835875591,5.61564793603461,3.42040722605271,6.53312516048194,3.68873722153384,3.62269063130426,3.06875433753116,5.68105600225678,9.40440142500881,6.09367960384387,7.79288994278417,3.30141282091366,2.84151235652617,7.72783511017977,3.49859562454385,6.81127297677487,4.29248996056961,6.19634803653007,2.92453960156621,4.28333744928302
"BECKER",6.25418721997489,2.68742982611528,10.1210509128334,4.19091187591831,2.9592049168734,3.29595542302971,3.55134139219811,7.86997107682579,5.17355606618109,4.78433665326054,3.84125341671155,7.44058859264963,3.92781765840553,3.51141251869213,4.379793987109,3.00568939466996,8.74705406784048,3.80070762113815,3.5521024334115,7.76772470721179,6.27544341567229,10.1968145646471,4.12472131168828,3.05771930580377,2.91411551916525,3.01795684185654,5.03450640345937,4.04259893455427,5.10807239835844,3.46085692373099,8.63039693540934,6.59256336462415,3.45184106562742,3.20278567188103,3.38522265959788,3.8811615636581,2.86261352059041,6.01318590570408,8.74815422083595,6.03285645744858,8.09598794148539,3.40835111604949,5.94126728408191,9.00851031442783,5.39361651613816,7.48811123359085,6.44576256710567,5.50528245411409,3.00782389412825,4.03888137276615
"RS411",3.27667738209128,2.80719734437629,9.5189683462301,4.21148444262442,3.78353498987275,3.31167778210081,3.34507492785241,5.3759203828196,5.25956422569618,6.3817437963432,3.38986126188674,6.77199235131494,5.00856657250029,3.56352842812216,3.87282606036326,3.30709399706096,7.34312305881173,4.05401423394847,3.98726794659992,5.89766203927928,7.03320739151357,8.25143020096341,3.01412802404152,3.1244740866248,2.81845817156585,2.87831749354416,7.86827396185854,3.91134561890457,4.36400986632341,3.2551959102805,9.31968269973657,3.10785184471722,3.00967566901212,4.38621374947853,3.49502870775722,3.53015685631948,3.25401444088498,4.33674266095483,3.51965052619588,5.57461082662686,9.37905369201547,3.32553579886581,3.02340637518771,8.92474889408318,3.34074456735903,7.04160429062241,6.95677404538105,6.9795579169796,8.50179613234061,3.48558813565206
"NCIH727",6.6134595044599,2.78914251926374,9.57791453485932,4.28714138893162,3.29318214575286,3.11331116005821,3.38962333490051,8.23751288357645,5.65341972321024,4.53876327465969,4.21321553596146,8.37753582365523,3.58060110414577,5.52969236515098,5.25135577071631,3.07273744518138,8.1315069730803,3.74039578882958,3.61354803774854,7.43788869581931,5.5118387300062,10.8541568954674,4.88345086139237,9.55524859499339,2.82835642275129,2.8671460875042,4.69268925959953,3.93325805279949,5.01568728888011,10.1763161560759,8.3382085482668,3.38957363187014,3.78542605967929,7.88609275054652,3.82024358059894,3.83829704999625,2.84979038524359,5.24484221241858,9.7858393198036,5.3452890590005,7.67973721280102,3.23162593490821,6.17001982656195,8.32072354598849,4.06299699790383,7.48309606180719,5.8664381954303,5.98549709704142,2.78683579196353,4.33456642844363
"NCIH1299",6.89621626917505,2.73895807221573,9.8798723867449,3.45581045771901,3.82004057878174,3.08006876460166,3.15259841860557,9.08366124867164,5.64771149005781,5.35153131380223,3.65421951627942,6.38698925974829,4.90438950962873,3.60170649148866,3.55099969956975,3.01018873524819,8.92137707094956,3.97928363968082,3.83291761876061,7.12917238191405,7.83842726848823,7.40387882426351,2.90313523770387,3.43177912764825,3.35982892667987,2.67247014280712,6.85914242304795,4.3535716186345,5.42503367241821,3.28884664268042,9.7221563953187,4.55032414072518,3.06864462077169,5.58023654341567,4.19931906915812,3.94979370659463,2.75390551062311,5.25995040164532,6.54505732901816,6.02775778008208,7.6721914980327,3.6443976020459,4.45939458531598,8.22303620885066,3.09835785935744,6.83007485163142,3.41230546738272,6.58210716434019,2.86104507402759,5.830453458438
"BT474",5.17562489720347,3.01342788803224,10.546771293623,5.82963783738882,3.79799779165064,3.444761440889,3.10623470179902,6.71617646676807,5.86340830832056,5.33513500784154,3.40400116612091,5.78979064577592,4.6804734288456,3.99123436051303,5.65502586629165,3.14049901869581,8.02469009837624,3.4481093330068,3.60134758080222,8.62630655823223,5.18994546570078,10.1415507951495,3.33503711118161,3.57530098247492,3.03458592701111,2.81080923501612,6.48455092618425,6.41686387493376,4.87301750432545,3.34782587131029,9.59898148528722,4.54785724988289,3.07132766736067,8.32052803529051,4.29773668392544,3.48659839689323,2.84641532687987,5.26772913466024,3.68332963876108,4.78766478636996,8.37899795897217,3.30439036043946,6.16086196001405,10.1585056733516,3.57428476943077,8.27115792738654,5.35795621744421,5.9526600881232,2.93241516339903,6.32635095425664
"SAOS2",7.14098780700223,2.6614467838506,9.82302520123222,3.66489604700431,3.32915163888444,3.32365592966873,4.3315444352428,9.44593937993859,5.72088385218445,5.12183911013249,3.91622458168001,7.00222768520044,4.06531140855785,5.54209897000982,3.75735348529579,2.95744674159422,8.11026709227085,3.6356383101106,3.0887077844036,7.81002115531332,6.94560265285257,10.4360744868605,2.82597756979095,3.25358719368638,2.74506312760109,2.77654995942604,6.48171700521909,4.21637089459155,5.18437633347408,3.39033772203293,9.43347994627354,5.69282138240194,3.45917825598736,4.20211217170493,4.36509891256065,4.23966059474129,2.68576713275102,4.55191472443723,4.85432134666053,5.71434806097229,9.32253733910106,3.33433645870302,5.93848445632099,9.64169127964632,3.07032677367623,6.44329536722814,6.59550964715143,7.11320277074963,3.18489038733746,4.29695446656297
"NCIH2228",7.08252254000776,2.8834442253611,9.20729013432546,4.25653589898615,3.11053894604003,2.9587824372527,5.123673457225,8.87330824324967,9.21790598363284,5.15586042497257,3.91825519453935,6.37824016426927,4.38558267237446,3.92336505576207,3.5282550494645,4.95046328030499,7.55073921145185,2.93385305572997,3.46243489903741,6.81005205245352,6.54103295195287,9.39372306771776,6.07152389791077,3.43309180474331,2.728524675513,3.05738577489479,5.20378646883432,4.58206008570259,4.91598442124419,6.89046817016635,9.942132189057,3.03559666699098,3.24426438536666,6.05104208896377,3.25421600300385,3.68540208808552,3.09416454180272,5.99495418910983,8.68925306020849,5.12503554683286,7.7179322733109,3.24246774786401,3.46738279488308,8.3637503258174,3.43954326428879,7.16012567165227,6.45651977492876,5.75666742572989,2.91941489079557,3.77001430354125
"LS411N",7.42703604621148,2.82963547245712,9.7715437730942,4.49707054911628,3.08441353997152,3.02838224329434,3.17753361339059,8.83429375345131,6.52568857408577,4.63303484760589,3.7101959093499,6.61774727755515,4.00271334876504,5.52483973055431,4.02188083975643,6.36760099040534,8.45072495049521,3.74895691391602,4.26817206770638,6.24273865971389,6.3910413889723,7.24738908609112,4.65447294278217,5.43617481106018,2.72748015191946,2.86434739120325,5.42974311332628,4.0230214722308,4.43355373205401,7.78784832939098,9.95479804162142,3.15683603442873,3.59319029233799,8.0380446755244,3.85495865861701,3.69813342142588,3.00746850397252,4.9621243597988,5.43262437679439,5.86096596241424,8.23275979466205,3.30108930441379,3.02110695630136,9.32051922354577,3.88986511507028,7.62092866335374,4.80810698658274,5.88665432168954,2.70277546177656,5.70948508340753
"RKO",7.04427941048376,2.91354939228129,10.5933338091125,3.68183577124213,3.34839855043358,3.39265283474022,3.21236946312773,9.18604938239175,5.93054758956784,5.66706315259745,3.92555349258056,6.80336596486454,4.34037498936298,4.63496647419278,4.18841921504569,3.20818713812241,7.36036658822496,4.38666958480759,3.88674730906334,6.6588581792654,6.50446435836188,8.94729669680103,3.32505949670058,3.38231814515199,3.00836352523954,2.81610699254203,5.66947216727365,4.05202425387053,4.83248502385867,3.23490030540128,10.3907869290156,3.17556262696227,3.60304503979783,4.60330316118867,4.50262907447991,4.30450125691172,3.02074106857897,4.70960060007697,10.3888962266079,6.0836406428162,8.38404440776488,3.10306990356236,5.78206756888955,8.65814643111329,3.82774595565259,7.3916204419316,5.46460267906164,7.03682343128701,3.37122554420378,5.17339205414533
"RPMI7951",6.07337445640211,3.0891656066305,10.5790924705762,3.56233351257499,3.30599571248981,3.11334570900016,3.46142390164502,8.58305472279209,4.79729031892965,4.85431694768612,3.95834177813122,6.51589910778427,4.26397692882183,3.44018759560567,4.12696986097754,3.03073839420715,8.53444792416698,3.50487589103789,3.66780851840949,6.71846399509631,7.03312938986112,9.54778991173132,2.97862150761873,3.19419767097591,2.94171321620693,2.9533283541781,9.09935178652272,4.36083474317492,4.63295814943444,3.07511055129307,9.71447099470809,3.25025920039983,3.62994551690018,3.71119687622911,3.55369801741095,4.20398921578557,3.27495101330706,5.82594883381131,8.76270878908142,6.14079307130025,8.27432757009547,3.22143047040413,3.23588862557871,7.4666626977176,3.66789101262885,7.41490060644948,5.70361874019929,6.15034959586431,3.06358567745166,4.46441256841478
"CAL54",7.61389619252805,2.88042504492644,9.80177380610583,3.77824291139889,3.11935222749019,3.1265729071817,4.82993571291839,8.62278459339319,5.4657360358813,4.89298649157174,3.42339226103882,4.07157988496928,3.941205590865,4.99191366655513,4.20276982341408,3.06256670715163,9.44168463944579,4.17022454399196,3.52976680572815,6.32052893567099,5.31635757230543,7.58320903029244,4.04307007397538,3.22554394067457,2.85917472626465,3.24608663349004,6.23266950284843,4.56038754690302,4.9204240418268,3.07796870213699,9.57386122042631,6.87654892275823,3.18790536492617,6.71558046854531,4.54142447309993,4.44822926593014,3.37337814169166,7.66767606430121,11.2967528982193,5.84788928542482,8.07944781639809,3.3670294105604,3.41044173230545,9.08335304419277,3.64115804432072,7.5131796388167,4.93542737582531,5.47461971022513,2.93698508096436,4.50022956689402
"WM115",7.21815968957745,2.86354542243658,9.22997144836187,4.02019741931533,3.24792581995611,3.11429000473034,8.38744138860411,6.86671479756875,5.03220767589909,5.2353982105857,3.55521214695608,7.34511238257105,3.55516051376255,3.44179436998062,3.44624944240957,3.17064202579727,9.29364980998859,3.71552525994226,3.35124631221349,6.98961899087494,5.71001016172917,10.1140300680523,2.92743047052706,3.10445719279211,2.75944817692845,2.8617285309811,9.17570499973982,4.48208513287342,4.62818814713776,3.01985995764207,8.31176967955305,3.72308977191559,2.94551047723406,4.83906592678094,3.48232940773385,3.80504570814358,2.95114917500906,5.98222038907046,10.336369905702,5.60178859217165,8.39360134010334,3.31356159547433,4.40335900797027,8.67588707193473,3.91283907195561,6.74217115110785,5.66532846635784,5.21072447988196,2.73741863472083,3.83819905366234
"D283MED",7.54414388805534,2.92906915809049,9.75725017185047,3.79017079391386,3.59648785224093,3.30845618058625,3.14170060300649,3.24628625806584,6.54450302167786,4.31268964444295,3.97033874022578,6.30586651086671,4.56045670825259,4.17082101102049,6.69992184445644,3.12535514811837,6.35811433258115,3.10229595015818,3.75980079404426,7.09577309526195,5.20752547682535,9.37299574395386,2.88740266551347,3.25631495726029,2.73810176879002,2.79526138332889,5.57855478411938,4.66633849342778,5.3203949320973,6.22550206953423,7.09033642227244,4.39677153993946,3.09254304167952,3.6384192559379,3.62194487360598,3.55479031266302,2.78026299596685,5.60874937390792,3.46363815806573,5.46282611630288,9.38655304468129,3.41245121973723,7.95412189632931,7.69339137088664,3.67865363160536,7.36694449058843,4.30816981532307,6.32995742990702,3.16387793093436,5.43055023184148
"639V",8.36665289759856,2.52398633686384,10.82400449752,3.95289461169422,3.06668521192226,3.15982306583063,8.96614445824187,7.9459169534436,6.62157648853027,5.65662300602871,3.79594126763834,6.21330637256883,4.31793605903778,5.985139048059,3.82393440703281,2.86958009489633,8.14104683264357,3.84183986993244,4.03724687361697,6.54152019179434,5.92024261873779,8.33604333873377,3.03633812585944,3.33373302409698,2.84251395932615,2.75328978745322,6.02177355932276,3.85725120337442,4.58962884058624,2.9224779330878,9.49902930391881,6.72775709463316,3.06200503289148,6.40691102855331,3.75709315236639,3.79862436312725,3.19589261852162,4.85026943991293,3.52973719885557,6.47135586718377,8.62941754530897,3.35697606893612,7.74953684894789,8.59591348577235,3.30066131884163,7.65492935251839,3.99357387234255,6.45938561034773,2.71179616037238,4.83648119115425
"OE19",7.22228308993513,2.73634494591056,9.7925782374698,6.09496008413147,3.41083577762501,3.42236584766738,3.35979231135725,7.28663128098139,8.30091238274641,7.14996612294081,3.78212805113351,7.31394434167285,4.13324863336641,6.48465542506197,3.81696410620832,2.92082846144026,8.24805506406278,3.67042075405532,3.80210772278702,6.29482357446216,6.706684918173,5.74285798695549,4.51839221708858,5.25643552444106,2.71695498424725,2.76670125439502,4.36479284740487,4.64049286312637,4.31968280575403,3.06836143099153,9.10140856583474,3.27725376817629,2.95018884546875,6.88524542904121,3.46420453894316,3.36725170293263,3.21176308689077,5.24107556196282,3.28802315717337,6.04739655760825,8.07244275573514,3.41410475316663,5.01030287530671,8.375458240482,3.5254445887842,7.3190480829726,3.34588900979594,5.99735095131311,3.37584806270133,4.84315825056716
"UACC62",7.47222760533473,2.80663998813258,9.58466666543834,4.16942143094793,3.44615560596178,3.20527232446399,4.09450694954692,8.83281712935667,5.03804255188787,4.3274860292954,3.92158778494954,7.6626200161749,4.23932082264914,3.22601662274789,3.73794193862731,3.17348301629347,8.63484553570281,4.14258011654317,3.4319722127904,6.21735978141015,6.44580789019866,9.485985460958,3.28959111637579,3.22431275403823,2.92530421809988,2.77539981707894,9.59523771093373,4.13027681379575,4.71907874794916,2.95243773192977,9.06037878514732,4.27405429355509,2.94478365707232,4.17902597830997,3.72944507383414,3.82231443538544,3.14445164091872,4.9127518805609,8.60804052816687,6.30043683433851,7.58012773446721,3.38729511499307,5.69433809321625,8.42985907269228,4.03443849085579,7.34110027435969,4.04321007467513,6.32088200876953,3.09095399569682,4.44286842187574
"DU4475",3.06008206901962,2.87674572319099,9.404856638616,6.11853957120746,3.38320293812898,3.23306152686307,3.04455237506171,8.961215784783,5.89184386208012,4.51003216833582,3.61282455178787,7.29594696281129,3.90164237764211,5.39684986274228,4.63551108304127,3.25606008395467,8.86736321219056,4.1607955361136,3.46118106977197,6.54722106359575,4.95000117236511,3.1476089734761,4.01595645082583,2.99717809913243,2.71677650474315,3.2362441561607,8.9085745487582,3.75295355845293,4.44701950164929,2.93395425505843,8.88616835337094,3.15672899671258,4.1244679426694,9.22895221764415,4.22853539210664,3.83586224341384,2.85624256057817,4.25893096356127,3.67253701729238,6.05015948003368,8.76863717303354,3.39979102547924,3.57729137154019,9.20606413469546,3.80626300953024,6.5251710548857,4.42690451039584,5.61344251722111,3.11189267968558,4.74012138846235
"COLO680N",9.15108734567785,2.81583269389937,10.2603316644317,4.10455560696656,3.65292131788328,2.99818554686445,3.11484241014988,8.99812738562801,5.84027522465066,5.09249477272899,3.3067567157923,6.35155883670014,4.04327893361452,4.77318564390307,3.97868362587817,2.87042231627684,8.10352890128274,3.46917969362745,3.66064929784792,7.2971904660129,6.48108807719242,7.09015149067598,3.62336223509027,3.1276428103433,2.84449646619696,2.62523142939828,5.56733741694092,5.07245345764743,5.02201412982316,3.05009096565921,9.91858496634729,4.7423412549885,3.23416548605927,3.62958036763108,3.60556291184852,3.43898828870173,3.1323360241983,4.93143599529177,9.90915359279356,6.22916719402786,7.15347832120323,3.35382401389569,3.47379639210747,9.01867487258708,3.23195926602396,7.54735647946065,5.35618800682102,6.33546076743329,3.00380750077329,4.60388853148497
"CAL33",7.47123713660802,2.76318244622293,10.5084411323712,3.99467108702241,3.01150657485229,3.55401184598755,6.751445302827,7.29019976755839,6.61898599873602,4.81896857175376,3.76522170550359,7.63128236836672,3.65065424010719,3.4912575244511,6.0078123027651,4.77539384371247,7.49259463235669,2.81622420459685,3.28222233970448,7.41458072142751,6.06171141078611,7.73690050307787,5.71181057521583,3.28961213750765,2.9277923976109,2.72880134042493,6.57410490979979,4.39440578896277,5.20113826618154,3.15301227460537,8.66154679158117,6.58301038471237,3.26492030969353,3.36882254333954,3.46470258275467,3.41323149535536,3.39988525568946,6.90583400235064,11.1501626260497,5.70704632477347,6.92067372956639,3.54597503940467,3.03554344456533,9.18539628413737,3.22965465464358,7.46674095014011,4.84436742859894,6.76850277090701,3.37245609810757,5.61011364817356
"UACC257",8.23935646514347,2.66550940963619,9.90772517890903,3.74779157934046,3.45902269578531,3.23798520618631,3.29872090423431,8.1215930205983,5.37704920528904,4.83269434258733,3.77176512853216,8.00218443123933,3.98819645822633,3.51975491380225,3.5648938804416,3.2281781551874,7.71972569247548,3.61351968035687,3.41817967014622,6.02161111120655,6.16748639415584,8.80454874464544,4.61148192294255,3.20541668074704,2.85688658601541,2.74711037493357,9.67387707933161,4.34579097506589,5.75588239027451,3.00339467788924,10.3721834975127,5.2970085225458,2.90681380780519,5.18300930794047,4.75169554616289,3.81454922589624,2.95701207937513,4.99201309277264,3.2651746306965,6.31115341781283,7.75076832058668,3.36530435873824,5.69799171254976,7.9340754916275,4.32280104595261,7.7904091606944,6.1257760430967,7.42611989454865,3.02765404357283,4.3487614272912
"PA1",8.72934668647643,3.45606851756537,10.2834711335164,4.00817960599229,3.77705909338998,2.9604799575186,3.21150613033783,8.52869164963906,5.31955367391073,4.53735776435946,3.59114507053417,5.88470612617978,4.3477964679855,4.59497791582623,3.81638209826502,3.08011237455728,8.08840396995047,3.55004967610343,3.41553636718057,6.69136225867698,6.28441506508733,9.74359863755322,2.94722018373738,3.50977080459188,2.91201295338375,2.65432933884053,5.59704071912751,4.55748985154039,5.34571520939123,3.07107732720633,8.99329224220622,3.13787534771808,3.06041972561319,5.32776345519698,4.11273422893291,4.24471772587477,3.41950563861051,4.3658147110367,5.30606468859404,6.5583395342766,7.91019445251436,3.39572886728009,5.01373435285574,8.84749278652793,3.18519658255766,7.17463559218965,6.20140954287827,5.5933467220093,2.7567298844945,4.64524272354546
"NCIH661",7.09365208584184,2.99158887328639,10.100242836211,4.20534624194525,3.23623609785156,3.03036758885459,3.0897471413725,8.13454938888634,5.29804116184896,5.34957534475005,4.58999137608303,6.56224030266182,4.40626991839739,3.42852669069853,3.73178655049172,3.03522984482345,8.2413913961327,4.17217379439726,3.37942210850501,7.09619758878672,5.12837103178806,9.36034746584764,2.92455065410608,3.27194095386359,2.79290279650123,2.69712686363498,7.18598226502415,4.62300765197823,5.32162603217398,2.99925115852226,9.59946101497145,3.3742672685631,3.56072402232823,3.3223635164554,4.06303270087278,5.12581022442584,2.72181315978483,6.43524241512983,8.71213111378743,5.61176904222231,8.23626066593143,3.16819888855565,3.02826072257056,9.05121406115998,3.98198326890732,7.49463853481128,5.17938887825014,5.61587554798302,2.68240801250164,4.02239667002898
"ES8",7.18491930351205,2.78792165819403,8.92452579235984,4.65863904911487,3.41425691859883,3.09354516804888,6.82282376868866,3.15393821153116,5.14359268578478,6.67427231406792,3.23565494888879,5.47354112045743,3.35895984090334,3.7135340828885,4.89946508205824,3.20622722557156,9.34076355068708,5.72333179940759,3.86249142569683,6.98809953905377,5.48383571344706,10.0784169930335,2.8119162753231,3.1261113279011,2.88634652927854,2.68184233209307,4.41753056226084,3.61966668899422,5.19280833625151,4.53507194229136,9.43377876727973,4.014126365508,3.47870485635336,4.64965784130435,3.84909679149141,4.42853309191947,2.76595337942028,4.88006241237641,6.84388022580592,4.90513841091041,9.1104382199517,3.48073787941268,4.39617370940829,7.76680261470826,3.72378604992661,7.31674929625854,3.82824073345686,5.90704717877995,2.82569184178082,4.98145695978841
"SW1417",7.37682854703697,2.83484260598369,10.802179841,3.8321076142963,3.03618441783208,3.09881254376607,2.912355693249,9.15093725597948,6.24641094572392,5.0200794341238,3.8339248048624,6.55134368533042,4.36976306561855,4.79648171710895,5.60338738160688,2.99499237809225,8.19704347820878,3.27781246464918,3.30702557133305,7.34110804683083,6.08712991098044,9.53691745313144,4.6438195247379,10.5192936504176,3.11763879164791,2.79228098687647,5.97843005928653,5.09291504864364,5.43571300461417,6.72037688434097,9.80623946396186,3.70728884196503,3.18866903441999,4.30019949409429,4.06965193100764,3.8859522637253,3.01203716045742,6.3070006068643,3.41182015048173,5.49777125823138,8.67558185719635,3.4124810577732,2.97633393701235,9.81394954591269,3.64487702320599,7.9009436377511,5.24917254947597,5.37062568471806,2.94325398532633,4.96393367730009
"647V",8.71186158227955,2.83307704500558,10.5063000842734,3.78736982923826,3.94466358216792,3.10495319421356,3.38116444908378,7.92832557513757,6.17389888655333,5.37109075015059,3.19086427820227,6.47366286216872,4.28164325626054,6.3851783694605,3.57901047441386,2.89222316142162,8.52572168923767,3.34712063917836,3.18874247588442,7.48342144739422,7.09456383453667,9.42717362433122,3.79761006880226,3.28724706121081,2.90117299095649,2.67267173604332,5.67821674675793,4.72095819632541,4.96987698975407,2.91984252383327,9.54877473496311,3.04600685355636,4.07655173681099,6.64208746785356,4.24395831023437,3.95828335692505,3.19285576849714,5.36757556328945,6.63143293802692,4.92541814251636,7.54832215851968,3.27907289441189,4.4320712756193,9.27134694704978,3.85210512042159,7.16832146602298,4.28193623736597,6.25195509346366,3.00922187238009,4.20315502301099
"TGBC24TKB",7.44952713230772,2.93991303062844,10.4604062262758,4.02164922353034,3.67674527191889,3.40593167058424,4.54675187722304,7.75951441471303,9.11512997682023,4.98076656866727,3.77080185781549,6.46021378210921,3.96149974314172,5.17702582656545,4.76724430737723,3.17931076004877,8.14800523888558,3.70025202727283,3.51496609716131,6.51282383889942,6.40725561672686,7.16189109972135,4.65365795669625,3.30663587846363,2.80128697342131,3.1148181683068,5.73698283340906,4.7171560708923,5.22352172376825,3.07604115795686,9.51791739747835,3.27224226375916,3.54979166292723,7.8714810799345,3.79882671436375,3.82792258005598,2.9612067088426,5.51071398419796,8.53025698673807,6.22822685816328,8.0005583381803,3.38610728985189,4.40228013725518,9.02724995147204,3.36233933408037,8.0653960420754,3.96564101776731,6.14834930415124,3.1973468183865,5.79341683542601
"MPP89",7.17944393370302,2.92499832934045,10.4966198996658,3.7657224474774,3.49597646033507,3.0883979153314,6.78963209501943,8.43144493285787,5.3762247616073,4.85656018369931,3.85535737557484,6.45454307517586,3.74798497257146,5.0370071175209,4.88377135556034,3.18667825291099,7.89141303165078,3.27866731685864,3.24284926817857,7.12874327835008,7.29052397624627,10.0728244922962,2.82460180744777,3.13821527019842,2.82438437444714,2.75255908936132,5.25925588510857,4.85568247583946,4.70920846891655,3.1187896025564,8.52994566854575,3.32980164557497,3.39496129545421,3.3888256627767,3.23966794382101,3.76183932592424,3.07699963243682,4.9698907340465,9.00871562450357,5.63346700169527,7.91707957805821,3.41698277985009,4.45619845586944,8.34419936941865,4.55278689002527,6.89400311552175,6.40548178657169,5.14233982604143,2.94698282190953,4.33299981952461
"IGR1",6.36560907961849,2.58873092664843,9.68515080661329,3.98091174651618,3.64433623134122,3.0620458444049,3.21737132349349,8.90905182782037,4.94682275161701,4.70416027983614,4.0558758802793,6.26332449037847,4.20703903161269,3.41124981744592,3.59238303226527,3.27730109707433,8.68028807430725,3.94895625525985,4.55129970176526,5.77730857308212,6.55362397798299,9.81059560504364,3.00026715179735,2.97634495934268,2.91179376875858,2.72083857644888,8.81618237538911,3.80911698383878,5.41799752429015,2.7900389029381,10.6617999561394,2.82307367479544,3.1283382398619,3.29643628438035,3.89962067692709,4.02480500328198,2.9886063246563,5.15113626948766,6.30298987022458,6.54485189479869,7.96237159802032,3.41773061976973,6.5964311072208,8.24248775068267,4.17927556385805,8.19621969071702,5.45654777257151,6.80968867137402,2.84512241175358,5.82489589913632
"COLO205",7.068091409779,2.71145249219508,10.3666024773456,5.31248903089281,3.35422623192687,3.30670873530784,3.34122925534274,7.57505036592022,8.55735840545001,7.06715935091834,3.95222262651696,7.0859001078467,4.21143989809513,4.97394535970179,3.60911931631128,3.10503029066309,7.62993832143428,3.86988401950824,3.54926433821531,5.3614328015705,6.42049126117911,8.71406972118965,3.93671835017168,8.18273551738183,2.75291096461767,2.79735334970386,10.4937321619468,5.01951760468827,5.82678624086086,3.0979865182017,9.30905658029097,3.37018349241361,3.11456502979246,7.29621428363766,3.53968834378805,4.18294162526042,3.27825362873861,6.03139095341218,8.03218507021028,5.4228426362549,8.19380204212771,3.36767224080756,3.16525085075921,8.24517929150072,4.0337877048282,7.81070598224897,3.4585336557659,5.85507759094564,2.9510177055748,3.9622453277776
"BFTC905",7.81072600351227,2.8777556510286,10.2706348835463,4.04791694833222,3.6996779856516,3.03541214237254,5.13029724371533,8.26762121915828,5.8003861803551,4.87733968906227,3.47635722678022,6.28699586758852,3.97815575638603,4.61941396193401,4.95079928401215,2.92675101936213,8.25691501732797,3.60002414422186,3.52333829109367,6.79155303831732,7.1966741889404,8.376666542564,6.74628991760888,3.28794081576146,3.18778250567744,2.99962874580357,5.32277135663008,4.29015135529239,4.73569733969041,3.39995057016331,9.43092109851685,5.42135912931174,3.60454345717395,3.79300393496927,3.96083601986762,3.67488157230497,3.04471522044552,5.36407838747984,8.49618604840905,5.91647100896993,6.91467049870888,3.33909959487999,4.54098688105915,8.91244696657816,3.17580089054381,7.99088697734758,4.80907155708132,6.39036538752949,3.01999521272183,5.33229929171225
"REH",3.39526313522971,2.99556651628949,9.61777989180176,4.1045270451354,4.58169308919765,3.28877054914712,3.08481464523083,3.13385726594436,4.9552135175074,6.25720270705379,3.38268786256185,5.21933949807378,4.31992568497614,4.98478400424805,4.14396875352631,3.0177751326336,7.55181232217868,3.81493118807284,3.65417436031606,6.74616822895596,7.20501274541651,9.39778658949043,3.37547612504127,3.56150466100709,2.91900781903572,2.77282674223406,5.92202741323494,4.35976556434649,4.648335853827,2.98690719826747,9.56605874652391,3.87298157740976,2.87767488928217,3.27936409391238,3.50858826993145,3.60808921463371,3.34796072614442,4.32920988494776,5.43421109688693,5.7559631347867,8.5524301625103,3.54536504126997,3.26115703154155,8.96524166604224,3.38141425927409,7.33803002802487,6.64235012171965,7.31200668947681,7.91404514966787,3.97051130098334
"RPMI8866",3.42245605848847,2.91948065999725,9.90971682360384,5.08582888479119,4.46084755556125,3.59103760602063,3.22124379665765,3.49626911736982,6.26100779172608,5.9702763135062,3.28238380531589,4.80081470189282,4.34564684318658,7.27921927137778,3.63780819021662,3.25240168308646,7.528615968812,3.8905131175424,3.78404962493656,6.01553497425909,6.19486452924442,3.62541725845786,3.21808589653862,3.5393064774922,2.97532094403046,2.8314894293181,4.82127720632814,3.96211680771158,6.18272150361246,3.09025006508052,9.68776612810263,6.37131147901268,3.29049787133112,5.12882348024847,3.49899113092557,3.68723538204198,3.33905522323322,6.91964707656324,3.56982547272613,6.1515409960279,9.24783963708909,3.38204984845112,3.41160448184191,8.84645307486965,3.50873600255983,7.63798022575573,3.61862384678807,6.65765401817465,5.61006499907241,4.42643336087646
"PANC0813",8.01054267303633,2.88264710277559,10.0990331158533,3.80690715389458,3.6595168807779,3.05656729121777,6.25480758446963,9.04183306218389,6.14374016894217,4.96254857792045,3.26459266083228,6.65262166527268,3.82815133758429,6.58951668152914,3.92667635151383,3.40105100972504,8.36748868635222,3.64678564523631,3.3555658868384,7.02696888322158,7.48062997621078,8.31795796951097,7.51554311633623,3.29442133978939,2.74760276654789,2.7361553540171,5.89288574479999,5.15523865675781,4.92190802258524,3.0061381177308,10.0955144037559,3.40159131947772,2.98272677253102,7.29486924032955,3.68743168769605,4.25855928905217,3.18202474657169,6.37704043291768,9.79688560987747,6.11687692478673,8.80751154041132,3.2978433051339,3.49865049857704,8.46673557583076,3.45538817874565,7.36828940322549,3.6607624675669,6.16524400004799,3.13104537775343,4.49512525449054
"NCIH1792",7.247573164923,2.70126812797703,10.0299761149656,3.60374631344643,3.31795793519312,3.0857921669974,7.34153787962249,7.97131970825087,7.32793659338089,4.85855055343644,3.98659329757977,7.06017275708013,3.8543338298504,5.35480175484593,3.59195676988352,2.98340091182648,8.74895905809687,4.06892633736748,3.45723703487273,6.29320256262302,6.63761722386833,7.64448426440876,3.10657530248437,3.13229307569256,2.8486611761238,2.78389264994266,6.04449235742811,4.14922738734519,4.49915596173649,3.16377093629731,10.3763325379495,4.84969251384727,4.15637594714684,7.67443209102264,3.69577518050509,3.68445171104986,3.13003387675414,5.61693519174207,10.2173517620456,6.75824457239236,8.25309982041215,3.26409022604997,5.50546076771236,8.39070802088192,3.36511099229148,7.97814104170704,4.14122671485907,6.1680803267058,3.03066743398345,4.35114808980374
"NCIH1355",7.32547638492143,2.71861075068774,9.027550604807,3.94809727930022,3.05850948493671,3.26210058330759,9.76209142323524,9.37784055467006,7.1577454222668,4.518972728848,3.59935211613997,6.9942773102458,4.31298178477408,5.00112865526912,3.99952424926467,3.14081094440926,7.92635078352624,3.46599286203389,3.50039149055113,6.13777813081325,5.85457374994972,9.37100239886061,2.986363340986,3.38955407641,2.79276827584395,2.76394529482534,4.62063112863014,4.05696317555816,4.8401744508535,3.51873281157045,8.92344272832473,4.38575754035407,3.4234459401993,6.527075908555,3.36940906288311,3.82412864269798,2.96831717177229,6.00810284147662,10.7075701598754,5.88537351184851,7.94462792342163,3.42757550737051,7.64676748733824,8.30231719201688,3.16365766900147,7.18786267487987,5.15779231614724,6.01621779769271,8.70496934571308,4.39489620450016
"NCIH1048",8.96086476759321,2.66486836048822,9.45073797155981,4.63757430800433,4.4241768136318,3.32946894154797,3.21630168501701,6.52509625844808,6.06314163586483,5.44927086260884,3.57523453110815,6.23920823170743,3.79407579740836,6.56148923420495,4.19188109935424,3.15103417143327,8.04741490314968,3.83679233251431,3.26431964404513,7.47273633541263,5.47002926998515,6.83360849489214,2.97709161110917,3.00187216324246,2.7633175898897,2.81772073799855,4.69426428443349,4.13720928689577,4.51196920430674,4.36493125119884,8.37330890219715,5.31191102107933,3.11538394531426,6.64289119280968,3.83741445633022,3.87437580430633,2.96068970521275,5.55665798439697,3.37236400319511,5.7481677772552,9.09310839184727,3.42975337820669,4.79228947404102,9.37460475820563,3.64415354211287,7.0595528153388,5.19440627051852,5.95336579763329,2.97296538875995,4.72595224878557
"OAW42",8.06166599608289,2.83648742042325,10.6781626327843,4.14633471573096,3.67383871913161,3.54040547308048,3.5301726442498,8.22567844172299,5.62966020685432,5.52443796636047,3.36444775550109,3.48110913404957,4.15809727069113,4.22506451962035,4.77824600029848,3.25998780460016,8.0314123954208,3.90494858710344,3.39839939826192,7.36392274681998,5.933699401484,7.64290443138056,4.69521936503991,3.20410325397116,2.75142480625185,2.82068209345142,4.75034659248282,4.64938923729105,4.87348339924279,3.29183062735681,8.47563819721842,7.19440981371556,3.68809975516979,3.5559918305912,3.41542635246164,3.53965129152379,2.99723151479104,5.99077843309576,7.72604765298789,6.09133569453602,7.87726794746547,3.74189534793612,8.89175506276716,8.87133762746504,3.18208467743606,7.75263416259302,6.36190814735969,5.78202224304041,3.16252429799872,4.46100174635157
"OE33",8.45708098553694,2.79508009062947,10.5200470283069,4.59824819695712,4.38155944877684,3.236261646978,3.44137214602892,8.67061166385032,6.51055649373838,4.88284631477078,3.50569391078031,6.62215631096727,3.831689358932,5.06363355739408,3.82941493504488,3.1634704066577,10.2603714568984,4.42336725117207,3.27086440309259,6.66280469810286,6.65505514485996,8.06595343405619,8.42993725793581,3.28511606706109,2.85675829255216,2.6438634904461,4.92549439032357,5.72697469873441,5.11454754342707,3.45956363439521,9.36551458528008,3.39042077425326,2.88175870851516,7.21208772221454,3.91014373745831,3.68649599531378,3.07355459148553,5.92353667921611,7.82695511151329,6.05423959588529,7.56271993875087,3.43002661234097,5.68942923838967,8.06781054595513,4.10191409500968,8.02614920147626,4.70407192054906,6.0075505215753,2.82118840584882,4.47984857885504
"OVCAR8",7.8397531007451,2.86750418989395,10.3123982721193,3.61393926783397,3.03741477712104,3.32903912266656,3.30713466291549,7.68763264121677,6.27632116929582,4.26298370281447,3.8028038660658,6.76033260114451,3.50975507365167,5.78277161953446,4.17057797316548,3.01021169105703,8.13480498608145,3.4547702314982,3.49008966159113,7.54866707210644,5.43456667388315,7.58536446524186,3.07324030908818,3.2516372188365,2.78915394024682,3.08355914382299,7.75320846886851,4.31878881461743,4.67221806598478,3.33802649339504,9.50797611984599,3.62409035116261,3.2066152676751,6.29798947247152,3.65228660904886,3.58850908008495,3.0305758036579,5.37276977503892,4.35622311607618,5.55515707640472,9.5893842159318,3.48625615259935,3.95018446779587,6.9036099032506,3.1754974571263,7.04762294181168,5.41583656969993,6.31137997559125,2.92797770840432,4.13627351437714
"RT4",10.4438824460052,2.62709525083843,10.0445610820417,4.64009897033309,3.46331964949879,3.4723755206406,8.93486031532607,7.78938181334405,8.37652153684654,5.57132124138859,3.47781656068185,5.37047790730876,3.48331284610337,3.87418881956463,5.77159055999951,2.93800928101487,8.64915242169759,4.03802530526952,3.6173920707657,6.60595087273305,5.62483950935167,7.84925072838976,5.7138690432854,2.98273211529173,2.86414304298952,2.77314593813813,4.54708771626503,4.39878471238047,4.97456532560161,3.38169802343894,9.981731235759,4.05000261929157,3.07971625539189,7.9542343251959,3.39447004539209,4.00287909186719,3.12799929275006,5.65150031210149,3.62078871596848,5.68869947290827,9.53509536322107,3.63062413960849,6.96766077200815,8.53984536989212,3.79756187596075,7.27839501481883,3.72001271064481,6.04506506701276,3.13182977099819,4.47141146793804
"PANC1005",7.11576715796649,2.92613999699109,9.043499750811,3.98210902995564,3.58740165636222,3.5918399558925,3.61244074374013,7.4244738963944,5.30363508286478,5.55462250561937,3.33336564296377,6.89948548665718,4.07015711615396,5.91674722912724,4.31935756623246,3.07049075042124,8.2079388724227,3.93662049701505,3.60684811412205,6.10155878578535,5.95171470088578,7.38156815448798,8.69660639841992,3.81099790629526,2.92205302612434,3.01184660005695,5.17641890320262,4.83700498985584,4.94907901916626,3.66130812912936,9.93719760003043,3.59949070163677,3.01732525808443,6.83600458496374,4.20947312284946,3.85762857820958,3.25289146451033,7.05620363225835,9.71893914671289,5.36267777658214,7.23207918601197,3.55192213830877,3.25069571981744,9.16875016397174,3.71893273858075,7.70879093564296,4.26706325188364,6.50841397417095,3.17991276625069,4.54666007351261
"NCIH1623",6.90909272776265,2.590866009437,9.83177339061688,4.54334139531683,3.69740852822317,3.24744444756142,3.79632964035746,7.30189537461809,8.59135923985997,4.70597326121223,3.29299314170726,7.40246108448835,3.65077916970214,4.32093810733632,4.27651303667991,2.94176945885084,7.92250840967976,3.37689387502638,3.56534514772592,7.08610816739174,5.69400550071479,8.73071948627699,3.10326919109157,3.01587388093535,2.81217880881877,3.03427482400222,6.36304785402169,4.04198784919253,5.02995706285767,3.07689177030481,9.90012955297881,4.30003686386318,6.05506849347707,8.17534947892958,3.4226700396249,3.79547352738157,2.83312732751299,5.29543834086766,4.02552596284414,6.71233205412894,8.8500460230663,3.4278590117258,4.93340685079162,8.98451437336518,3.23052009254169,6.9163002824695,4.97450147184886,6.20499712004399,5.33937406303006,4.53111673555403
"OCIAML2",3.24981301060058,2.81613652003698,9.33894846316773,4.20615779803269,4.14753841748797,7.61147829485162,3.55550284778785,7.43537717569938,5.82279917703617,6.42040963649272,3.41413593764264,6.70652864377247,4.07247725133987,3.98508527927011,4.41414385791434,3.32937097231432,7.46699867833917,3.62402159586036,3.46459660361093,5.30252773969943,6.80411388491609,8.16111280449427,3.03722877197723,3.00308628439496,2.75794603743849,2.81309132022895,7.43336756495442,4.06270731226357,5.3857371338912,3.35307866872457,10.2855437565312,3.68800498959074,2.91459983822857,3.48526089925804,3.37454150816487,3.53451201933575,3.26646174222235,6.42002533944526,4.49618531715137,4.77145641031251,8.6632084248164,3.53364564773968,3.5047427881241,8.04978216565039,3.85523796818946,7.04920621022976,5.29986283065728,8.1303941908959,8.35779058397105,4.50205558398014
"ONS76",7.68486383104005,2.74433147763191,10.8032912059992,4.19983806078665,3.38428735925225,3.19626705299483,9.81309667039099,6.63548402836373,7.1423935424616,5.30540633208567,3.51312427161142,6.83082924698726,4.10571796470346,4.1490821350916,6.75718019008802,3.18602169573797,8.67494003625581,4.22789139063016,3.51481688874225,7.12941976005947,6.14255461242457,7.98105595560124,5.46819957712345,3.11737000603881,2.78133415489136,2.69466492048416,4.34829775045775,4.38389686069185,4.8667947253816,3.21545644159342,8.99688492695898,5.8653634866317,3.14875567724029,3.42728165585856,3.5420937913582,3.57082166093678,3.0232273547143,4.67298524763209,10.8527776089472,5.54053381775715,8.40036395638472,3.46599384738222,3.54019089454885,9.48615995828579,3.77714335384518,6.8705748637253,4.9640130946085,6.4895472063245,3.37296902125677,3.63855068813257
"RT112",9.28521487824572,2.73036943445545,10.8486366969461,4.45624767306369,3.61081291559246,3.55255699036602,10.6150215792213,6.40373191803641,6.47394660584203,5.13682602843293,3.62531510125553,7.34075074128841,3.73891938081788,4.4000311026595,4.8614259987212,2.976849781631,8.49613684265401,4.44383526903134,3.65269215168959,7.25295426896674,6.99028460506441,7.71346165233922,7.24760646724222,3.16766894760151,2.92224952258201,2.76689571137357,4.21541899713903,4.50231657091742,4.28032626741597,3.32917367957199,9.1411074265303,4.7948205306721,3.38959428731572,6.24993013391054,3.19462191985576,3.48353022673461,3.13352943656806,5.14594136023659,9.03969906501159,5.19672742826343,7.79925377060844,3.39132510739625,3.01243973828818,8.56969728811263,3.66707211277116,6.56455302916214,4.45200162676036,6.40514015182281,2.97248361530187,4.64072693887154
"PF382",6.71764502383193,3.0757100717863,10.2445532325092,4.26911263275812,5.34283994131252,3.3761128649205,3.20420790621716,3.61542084089986,5.26890866791057,6.32256008881027,3.36309096435296,7.36055158213784,4.44017377638179,5.30132356048567,4.31661726755986,2.95175142720479,7.80677360472899,3.46693338516121,3.82380255711506,7.34870743113023,4.90834632664727,9.15871981298231,3.06032830791958,3.67087412073622,2.9164234782533,3.03425556339663,7.07614736707208,4.22832898939447,5.21887148486403,3.67942386726833,8.7758057973892,4.68257017506902,3.41846669314141,4.39801658055595,3.36727706702895,3.89549253957494,3.04995183465497,4.9907562398892,5.87752772564833,5.87395292942936,9.20893999648246,3.76799180561386,3.27060212774154,8.52925077749936,3.77065058364437,7.18549582161184,5.01205400215748,6.12614136258412,5.81503254461593,4.50263228206076
"NCIH1755",6.07745848332551,2.73347725103659,10.136827313488,3.98469543575314,4.03129099645922,3.11438718156894,4.12730019362122,7.89033902343633,8.6165901721799,5.05658507531514,3.9271291031619,6.55640145409915,3.79165596388096,4.10923470474171,4.20970078103307,2.96222132002672,8.4592330561136,3.97351658383936,3.54521594862819,7.03161472199108,6.07443060732018,8.55799735508586,2.96761163667559,3.11759196643492,2.86723249010926,3.00125829321784,4.98694170938558,4.7270472540996,4.48890043475332,3.1804735593416,8.85057244213382,3.5291238550501,2.96388777061487,3.86230310849963,3.52030442974601,4.05632221184011,2.8562144730736,5.06027290045758,3.54403209810687,5.60996906924177,7.89675498900918,3.54686289298971,5.65349079876778,8.80809770160582,3.87839004782199,7.58097076592013,5.74028247937594,6.37452733975611,3.06203084578804,4.66822755300369
"NCIH1793",7.26965999752532,2.88785138550042,10.3162042372645,3.38237386442973,4.02998375945329,3.34871486457252,3.5823708285371,7.84134012958959,8.48683169412297,4.39097396481678,3.36798059471579,6.1757158415358,4.31526773926588,4.54463351315385,4.09303240624398,3.15965703304428,8.09795933305311,3.45427828262017,3.32697895316463,7.00286703157873,5.37342169278745,8.05222365266708,3.20204188126175,3.43015569676991,3.31584087478277,3.07542191364446,5.11000402002167,4.41221876291361,4.60410307755183,3.14618811210599,9.44587239907801,3.94922922662466,3.31062719085639,6.48586477841356,3.51979508575586,3.937062062042,3.20477378988985,7.565001048449,7.51361521065976,6.47777911460022,8.60281576019974,3.42842781402252,3.2342801733527,8.75258390788895,3.74120538787381,7.67000831514519,5.47037224556324,6.03840451668154,3.23711023951189,3.91036107537292
"RXF393L",4.69994291122063,2.75853166484749,10.2698704535316,3.46279256541597,3.85534793360775,3.2891287676276,6.13018938577918,8.83654393521643,5.07867379527277,5.30462411790704,3.63654295315705,7.53842587794563,3.81249213513956,3.183086452695,4.71284343953953,3.18407361363242,8.91046305384244,4.48310988444351,3.29214141274537,6.30273069486171,8.18051556117136,8.54486382985087,3.10225425748762,3.25694609369765,2.78636353119627,2.88464953041035,8.94196647239276,4.57513097754309,4.7040326390315,3.03198219441017,9.7989144928261,3.69719396388056,3.08629402416791,3.37382287778233,3.21614651446729,4.48293893023943,3.04912013667076,6.87935337996871,8.79437934145357,5.47685355823579,7.59782464046558,3.46787574131873,3.52837997343127,8.69974484656658,3.03070048812788,6.6538537632523,4.7421613514313,6.39075072993897,3.08991703461552,4.27712385040599
"PC14",8.57849286423025,2.8476572211383,9.98013365905324,4.10606254500083,3.37344971386117,3.21325441138445,3.52060189673235,7.69469996514013,8.01606676960631,5.2014636583097,3.28983632635647,7.04932618001934,4.07013809568563,4.72623223181071,4.65693897009005,3.18186712531845,8.78492354315949,4.03825788947938,3.41178909186372,7.2862787252151,5.36773231104918,7.46463534658523,4.69811433259074,3.28076408746959,2.91062082961786,2.91049559169822,5.5574800501733,4.55258266849996,4.54182216251673,3.24202226459908,9.67053849962516,3.4450651853858,3.19402272333878,7.5468256772284,3.93306005806584,3.77851755415684,3.27541081524447,5.30384055729442,8.62478313814523,5.27753695077179,7.87223245671485,3.58226939127282,3.66523441679139,9.64681479838535,3.54801350377317,7.36565759867041,4.68515387231198,6.2188713067779,3.68810699484059,5.07124834128114
"PFSK1",7.78389285291881,2.75101746410525,9.96200748726268,4.34953368267761,3.71414703378639,3.22081147743312,8.22402342549088,3.68636478678364,4.75957064970929,5.80652416760507,3.19929884039432,4.53680032934353,4.16686433970077,3.55999999102385,4.73072019463693,3.19477302188348,8.19963306861782,3.63026523763141,3.47533353035562,7.50961302825469,7.30106430273957,7.82735098198907,3.01290882616584,3.03633509594034,2.82875304101696,2.82326839279537,6.2172330234553,4.70717256453848,4.56384004250612,4.80487527207733,9.08791386603084,7.33204420133071,3.11157198022815,3.39656856185659,3.65700840996338,3.90058496513722,3.15986504886031,5.3595009813574,7.16683884639265,6.56027803868217,8.41389483230378,3.4737435482301,3.67118498882763,8.84739855791795,3.13208143836714,8.08641226808211,7.02074857587305,6.5649261317854,2.91466071532855,4.47176058933539
"NCIH1581",7.94269070290785,2.92091584394805,9.88116508441911,4.29731144990651,4.08545768279609,3.28822026294798,5.68729571212506,8.59594016002493,5.39648890328069,5.50912121006382,3.8247334581519,5.61289600343831,4.61651575310846,4.16461111322791,4.01976947739793,3.14317161281885,7.18793648014534,3.48568057332058,3.52353196812095,7.36139572056504,5.58910913118741,7.81892362600188,3.07668017795923,3.26428669563714,3.39542129754328,3.0853403681145,6.3658520459772,4.311355414375,5.51135809305894,3.10323607285846,8.85679621753613,3.23971388347925,3.31606151555956,4.13117869538089,4.94448826827724,4.17448690421634,3.09178960508259,5.35045341290632,7.32714539932935,5.86513687233544,8.24984202607635,3.44548237155233,4.69514821022683,9.72914790561588,4.27313121155214,8.89472409057492,4.37150431923286,6.60247540521353,3.2148967164483,5.35486969093554
"NCIH1963",8.25187027722367,2.85035713979785,9.86251960852432,4.32863358728127,4.14736644620496,3.09821629763036,3.26606723224011,4.38299249818328,4.57702071567231,5.23528953628213,3.30267653884847,6.93355594825687,3.98978796593391,5.83084989605195,4.05545056869576,2.96596430655739,8.02901502171589,4.54875615283226,3.60594406543694,7.7243976345277,5.1681838373786,3.7991343733219,3.43784167114011,3.13574395957196,2.83413499488838,2.89524591512212,5.78617256794212,3.77485964813936,4.28450614933802,3.19452174825267,8.1111841429351,6.64533386528731,3.08661306218139,7.60880385826854,4.11246069751579,4.14653362622459,2.80787445484689,5.2268340020839,3.22692625370099,5.83138007450972,7.86901982441917,4.05635638375316,3.15382808921478,9.28090816609201,4.34172440305739,6.79348555781799,4.51165743157249,6.53745802671573,3.06056853370374,4.65576910460533
"OPM2",3.21447075172565,3.11120818004575,10.9781333671013,4.35517570370829,4.55520406804667,7.06085599745173,3.45665834618532,6.89740566580379,5.51673256885662,5.68042384999219,3.28136486154922,6.63933213580094,4.81515508388045,5.06276506265131,4.12970504692375,3.15546409608606,6.9027451454777,3.60024978790612,3.34292277064508,6.70026754081617,7.4314116147859,3.97773163965748,3.04913808146032,3.20129850293073,2.7910063647212,2.96113357497583,4.27261623606161,4.31249088180137,4.71373909937409,3.31683885800948,9.76736868334718,3.5505792331872,2.81762287128898,3.56042464456054,3.48587905914222,3.80019080568971,3.55735995377249,5.33812871234553,3.60517080183964,5.91658004884417,8.60532905304444,3.63083660761956,5.97605441492805,8.44136559352355,3.22624737582327,8.18599458289014,3.31261644583112,6.94576751123518,8.21851345599678,5.23954556129224
"RCM1HUMANRECTUMADENOCARCINOMA",9.04233981543848,2.90316559274305,10.362484202882,4.17359736001599,3.47460347235748,3.66411926787061,3.42332439162734,8.35396154322574,6.44255453364584,5.10925754979619,3.48058868126556,6.41735204332402,4.01154550971929,5.10687531148045,4.54540475565674,6.16814893927833,8.40143907298981,3.88366481222611,3.38081437903221,5.90536089381109,5.58580409980504,4.7230977673062,4.12505400966824,7.12482288509052,3.01237050544471,2.79036853583242,7.46375212108946,4.38118238182481,4.77319439970583,8.66568885550183,9.46182666062439,3.58785009377442,2.96446778021139,6.50806970723599,3.62678733014024,3.81053286104479,3.22393446128144,6.62547682933856,4.53667507547858,5.87302298044956,8.23932067695457,3.27189976248737,3.1607787902785,8.67285602503983,3.42038851713786,7.46778232945241,4.80573409476468,6.37070581934887,3.10377590789856,4.64915220418114
"PC3",10.2996765818232,2.88522317527441,10.0305478790884,4.26394676148732,4.32923407813178,3.1319029645702,6.7085979856335,8.21462899843767,6.65720912453267,5.41883795909992,3.22439326804414,7.16431716425159,4.12554624142707,4.19228409875988,3.94964927080847,3.13430617143119,9.33765534516328,3.80134688670125,3.4774218652538,6.96218300020237,5.54771811665408,8.16621019506178,6.32155238697638,3.5212317140119,2.8070672012258,2.8527771569367,6.15329385410586,4.36293682281995,4.6701964451935,3.17718751842864,9.12350439144677,4.895674322093,3.23319483228148,7.58726876785249,3.3037580970272,3.49695234215302,3.4412865803513,7.81660792962646,8.15032881088643,6.07632025009319,8.12021238018879,3.3121111415778,2.90384275926863,8.97544966622278,3.48687396730553,6.88825260382287,4.44243859224413,5.69830716118992,3.66664699909659,3.71017401235778
"NCIH1092",7.1834558466288,2.78361597929797,9.46258887494664,4.13902709093959,4.01535741437268,3.16109002452954,3.39808728592445,5.77790124121495,5.6862227069351,5.02122514863238,3.95533609307684,7.62650984448593,4.38072023715713,5.55174765564725,3.64255546542505,3.06671227448444,8.49013791645741,4.9479553241329,3.76763470903638,7.29029768814734,5.58075260024596,4.07993243006971,3.4622621133614,3.12578755646305,2.83675410214793,2.82210033885236,4.84830833003526,3.73463717991334,4.4143777131791,4.0356020412629,8.31717468852494,6.13919657039275,2.93883173714799,7.0140411147874,4.0304225859712,3.58834847507885,2.93303251287377,3.5863699744709,3.3319470017475,5.34224445201884,8.9749086080458,5.71900424802384,4.09520535395091,9.37586587166989,4.78185631807235,6.72532604803139,6.87116169968397,6.62163967169117,3.16996533907865,4.85647709555092
"NCIH1651",6.9629020590305,2.9086444044136,9.72392948123647,3.88089127576835,3.43089935288311,3.09497804218849,6.5353562730212,8.11684336410348,7.25883324427234,5.03251921954614,3.50190548362546,6.12541173176238,3.98753774849346,5.86393754739327,4.34191520017528,3.14454164532933,8.28109037891763,3.77453493549713,3.68530464047565,7.11259273166503,5.59435470500122,8.73906769023243,3.19789311509067,3.29512551259726,2.82132835003827,2.91186240926586,4.76106858740021,4.61004395312844,5.05316197251191,3.53130639630253,9.64374334685748,4.36330190655403,3.38559403157039,7.71448255755075,3.62142705699231,3.49945085736045,3.2088856521625,5.66307237841479,10.3470681172331,5.55755271244368,7.61853706606438,3.30085578819916,3.29014824014122,8.78748706390467,3.49408138745385,7.50617896097449,4.37614910751605,5.87726330475753,3.27227788712883,3.9444347407925
"PSN1",8.21284780869362,2.99394905507631,10.7667651270941,3.90430316283683,3.04076246088925,3.12554334267197,5.73667652765112,7.57281678765973,5.21827292920497,4.4642578496176,3.32947245050135,6.66320312118652,3.73462607265345,4.85408218940286,3.81099887095054,2.98885795708027,7.89171396930746,3.41333990515505,3.53693977857037,6.25072569236048,7.14504867502188,7.0859316406594,4.36893221850159,3.1905223373545,2.71056661456331,2.91319399116178,6.18081387435585,4.60954592183279,4.34527540563953,3.53396787764154,8.93504080377257,3.33549606939593,3.33026111868355,3.68716007703544,3.20847342322596,4.01033975664886,2.82805571322757,7.1871647433086,11.4388956407456,6.83262065465023,8.86641355010382,3.17556011771621,6.18914026766894,7.38297781295633,3.29540509948147,7.28063243837596,4.51747571770587,7.85855096808649,3.15196576650836,4.43928919193184
"WRO",7.04272042459595,2.84549611974362,10.702116088075,3.33881074530582,3.38581254153669,3.1645508949947,3.72260215722769,8.3047814134018,5.26267839969175,6.60037114312877,3.71895071116583,8.47105345715829,3.65588967066966,3.3956696602012,4.05785973437258,3.13973071040566,8.05594765088632,3.06306246831899,3.63506554968213,7.48228372430098,5.22762129348516,8.57022498309106,3.08578790053556,3.66857025185697,2.88061528677206,3.02780351334686,4.92316529463951,5.03565440096087,4.92884594209058,3.17615053364074,9.10512004773995,3.47246758305629,3.1532276884314,3.78786602762458,3.47568688341514,4.43700979140072,3.16439625890677,4.16537013382532,8.32208340891532,5.50113915823109,8.80548363615615,3.42330856759113,3.27837088307746,8.54625161357544,3.91721109669056,7.34923324391336,5.68881038467256,5.59752617446411,3.03620301822172,4.4736213676462
"P12ICHIKAWA",3.34815676182916,2.9839329028135,9.78659412771782,3.99305140990745,4.26521632179428,3.83013864271149,3.10931159655339,3.49744254258351,6.50626494679924,5.74286954516461,3.63025572155693,7.79795225656454,4.22110434855233,5.7947773318702,4.17422886686737,3.13178244234802,9.04691082378006,3.9148329681963,3.443633864116,6.2901716622669,5.18393399744905,9.12963275685273,3.11770126716821,3.11659795531705,2.97923688463284,3.14259912101832,6.7780836953875,4.40933851893798,4.57632241016455,3.39336355915587,8.6285469494155,3.59508130575479,3.07146867140839,3.93745573737979,3.47840177259537,3.95818875792491,3.22770255813943,4.58064319626117,7.52634425088467,5.51764658182135,9.21513623329153,3.62576396058682,3.24825240773343,7.97592792503243,3.30057830969318,7.08463663250711,4.40222978771615,6.6304793632251,8.10804164519652,3.9154250870781
"NCIH1563",8.90224364796356,2.72194521570834,9.87497989740811,4.04716764693813,3.34475770855857,3.37312966384511,7.62106779454084,8.13767629948571,6.72282623418144,4.49715514182456,3.12340557500428,6.3359307938428,3.90019522402479,5.04184811470223,3.95413538335132,3.15783726124836,8.40287977311968,4.01012419966934,3.18688634478089,7.38020063887367,6.17247890152066,9.16442245257307,3.10770117619824,3.18600204211349,2.83278304695999,2.85619040739129,5.06680981456591,5.38125854255992,5.46415620039435,3.22795263268621,8.84738838660403,3.88547062504314,3.647058958975,5.72507946300145,3.38346363464916,3.71616730059198,2.99522435994481,5.81225374282839,10.7168558506536,6.24829456947136,8.55585693050753,3.58400437838774,3.31340006847169,7.7707886869963,3.3706784196146,8.55023486890781,4.93199035286111,5.71053576611803,3.20032708054938,3.70375778691579
"RPMI6666",3.26520214020347,2.87304453991908,10.41806003064,4.97086688809334,3.34269480470801,8.76312002518122,3.62272329175654,7.03915753076008,5.26747468242155,5.27940715212858,3.36420664884591,6.35732629200036,3.85147578915841,6.28796996500572,3.64068644650484,2.96546174497728,8.59502289813466,4.14128493401011,3.44880607889803,6.40109548746158,7.72448785745036,8.30702871696045,4.77039292818373,4.60482597935047,2.93372756889353,2.8780386518228,7.07201152837743,4.04771741197453,7.71214198363204,3.30838444919421,10.2034323125894,3.30768926879671,3.02209915696224,4.31140459800502,3.62891671895963,3.66628926675873,3.1896753382831,8.49258133343992,4.28653024954195,6.0033687336712,9.04804548778134,3.34925752520796,2.95776674940671,8.38850216144608,3.93046441441439,7.23844919929524,3.11699813247413,6.43903637553238,6.50794247915863,4.21823167211933
"P30OHK",3.61521707522529,2.92684046376251,8.96637877331613,4.22613632460647,4.12353547466658,3.55610317747122,3.3011030221299,3.02768138583738,4.71307434957266,5.08308454577607,3.29604123809467,6.49409388128827,4.03938856047505,5.84976693979275,4.16257285971477,3.27275281096126,8.36916976190109,4.21393232814436,3.41681460089293,5.51785869172701,4.58065151892589,6.91553325949399,3.20379369347171,3.37522344099645,3.12383512666488,2.82333559846965,6.03717017255935,4.09673856191716,5.20161728704911,3.58704052770866,9.61652695962026,4.73872454518657,3.38617484150166,3.43816296880316,3.37627975817737,3.73495190996434,3.60813214865335,4.64307082512518,3.41999030722406,5.78516432444906,9.58826938845839,3.68196330366327,3.35623531009041,8.17532414870712,3.36856775208567,6.48712774308668,4.97050587709955,6.72264252316218,5.6760040574269,4.16655685278513
"OAW28",8.7315807084428,2.67226372745954,9.52676250966294,4.04898118515986,4.05028026817945,3.06991686821262,4.77553247384342,7.7943927205022,5.44774587936571,4.20984805717644,3.23064635562293,6.49603171430248,3.75282882347456,5.89689415394003,5.74470546313013,3.6326848734779,7.94180950522239,3.70642873247473,3.39108152137583,7.53038096126373,6.00655749986262,7.91288507369118,3.2284449739584,3.22365301486114,2.79259493657585,2.73056395169424,5.44649604659247,4.83179596912532,4.34638159702952,3.3343831390204,9.34807165219162,4.26665016519695,3.3187932848138,4.41871617097614,3.66021204402175,3.75112196649653,3.18121998574752,5.22291221376892,3.16531873809416,5.29625700742039,8.01464542234688,3.3928799267913,3.0504227400574,8.92104900871306,3.48043201367369,6.9581228264933,4.7758711760946,6.7897089284575,3.16060154319246,5.34351047841641
"OCUBM",7.99947456531923,2.91625412369346,10.5917657333532,5.51432546151821,4.19720013518979,3.14253455503603,2.95601585495711,8.92067714949261,6.48899086292301,5.88938316683274,3.41656375142687,6.33710018438271,3.63571028605418,5.54151491329403,4.56220328206399,3.03275408831902,8.71683489620171,4.13609574518291,3.35187165906506,7.40409609101565,6.4648903859077,8.30213147169004,3.11062507991482,3.26198752773711,2.86400498817594,2.9172195131626,5.72686814028614,4.46141138962791,4.59859836196582,3.0868666146467,9.63877251567774,8.34044678487194,3.00432066689572,7.93753241025758,3.85852198008405,3.81091014140342,2.89159558858022,5.23900044011116,3.43979628772446,5.82842078375133,8.09261420789624,3.45891397723116,3.48269295946263,9.21530458794391,3.15587269261397,7.81327251927859,6.57335304683015,6.03544843138935,3.106598871503,5.22748778861276
"OVCAR5",8.04539174675924,2.69987941181764,9.98000727116762,4.03928989317642,3.64180166281388,3.11878339635133,9.82437834857643,7.89737299717273,5.67252931235924,5.6813950300049,3.5534590441225,6.72329611963207,3.70619654002521,5.90212544769843,4.6533995000159,3.07066373871335,7.92514234053237,3.92868686641755,3.51160245031876,6.93910557980625,6.03674543003633,7.4390374748575,6.14962206133852,3.68764654434155,2.84294034157348,2.79484823746935,5.64820504769842,5.2458484458941,4.4468421362495,3.1129066820506,9.06699748174585,3.63527967563978,3.40285630540542,5.73454232775501,3.29742225385344,4.36016165012872,2.97215148747301,6.00018767711133,10.563330450464,5.66114801615659,8.73777157349283,3.37696677823058,4.18545056908607,7.92410044282007,3.24647398730027,6.40531319521166,4.43760682179534,6.20577357554439,2.76930032907064,3.81709302059567
"RD",7.9850212420012,2.81326511328671,9.69151949886911,3.99916420553003,3.65479838635264,3.31179102282582,7.73936128244992,6.56264876052396,4.60893560921651,4.88549225426308,3.27339137051503,5.09555490508036,3.85111835659046,3.7553259367466,3.79880059363255,3.2466590913741,8.1418946394164,4.53029381906876,3.44022236153287,5.98750959953714,5.69832614495936,7.95299833050517,2.89337175162249,3.31699448370378,2.85172495897774,2.92319806310544,6.93046849981848,3.82688741863884,4.62026417509237,3.24824730819932,8.98156355515067,6.17968019617717,4.52509505326329,2.90766160738943,4.09595920111109,4.73236474560067,2.99907288546075,5.35730830452398,10.8712058113303,5.72382674072999,8.80673538766991,3.47121217200675,6.05388216060484,8.49573237527328,3.89224284745585,6.51089183608826,7.417196421776,6.83433668979386,3.26235250692873,4.12903415892248
"RH1",7.77829160376778,3.35457683279824,10.3417181624237,3.88060483257883,3.15551323956673,3.2177318568141,5.97999908005331,3.43724442054405,5.68706484506609,5.31457059749554,3.78006860298471,5.54043171766981,4.04695478686653,3.29359718976897,3.76077390921141,3.05110501885149,8.35090347558502,4.28053833967828,4.22656232394067,7.7966760933092,6.91015655558619,10.4479934927667,3.09027583917327,3.15179336183726,2.99565175921133,2.87440861653548,6.63277311666533,4.161704808266,5.31670007655553,4.76864958664779,10.4308693223748,5.85844230219988,2.93520451261957,3.27267836934276,3.46611215387142,4.39666045812086,3.09153038190741,5.134554120747,8.0208280895908,6.62764435178899,8.33783529834548,3.36910840619611,6.24141843975121,9.13070819899807,3.6642995130246,7.36045436267221,4.89450594059532,6.49474190322728,3.03751302714013,5.04727997958182
"RPMI8226",3.18351990163618,2.74083271186445,10.0580605237162,4.18082781468389,4.019544337857,3.40300309482897,3.32578221741934,7.3272206713788,5.96884215690995,4.70541713405861,3.57947265391094,7.96168978241591,4.34828397044795,5.00425367740755,3.92525579477308,3.03354721397424,8.32987041022618,4.70320396281982,3.64715978747969,6.37203729350998,7.98432736126416,9.46861773462222,3.03403170601741,3.41736197287824,2.9731200684531,3.07458792218688,5.04447853967739,4.17382551947066,4.94809997891394,3.09122006982525,9.67238187306706,3.15986638299465,3.25969963934371,8.2303605673449,3.67941567865496,3.40154786619423,3.88176857566838,6.1828822355625,3.39561348432228,6.48780299627054,8.44809102496798,3.42709928420488,3.19589465025765,8.45822476647803,3.77319703105495,7.74604748255702,5.86720379258276,7.11567426578003,9.48328321892312,4.62356290816197
"NCIH1993",8.24611720878927,3.06624725038382,10.2250204610697,4.67686357185814,3.34225004979787,3.06833440851248,5.308405921201,7.58144091005448,5.1050937453453,5.04082929278647,3.78971180375995,7.51504823303084,3.36502985095841,5.47668979667256,4.02489711899665,4.81041699634098,9.78888809902786,5.28384547346879,3.41870749219426,6.29858906351181,5.87849579518193,8.22964151424465,5.52128732066672,3.13530961191425,2.97251020227162,2.83833551668738,5.27555693883836,4.22660576091315,4.70055708978154,3.06003841136999,8.67791372768515,6.1980491533678,3.30107755427591,7.54236885368671,3.78991916646201,3.60208222591871,3.05215773266293,5.69987784941369,10.3239638105368,6.20060956863662,7.51234223998894,3.56630718098734,6.64680487534582,8.10895637983515,3.24786282935005,7.18901929499622,3.9118534864689,6.23737965711668,3.08127309338513,4.90515717758738
"NCIH1155",7.8712682655278,2.63346141714178,9.29925527908359,3.57913863542122,3.99331468731861,3.01617783049899,3.14506501653198,8.27419970527026,4.89526862435181,5.30491097298082,3.47323567591585,6.05090089523794,4.94934160543966,5.00238895473713,3.97867459265334,2.93924042200007,7.67202800592713,3.27880416159931,3.47419068955836,7.92807673317082,6.2509397775597,7.13810277599385,3.08485703749145,3.28432061489162,2.82306876150241,2.87364918090144,5.6807426953478,3.84114735847927,5.18675490747014,3.14804569760199,9.06664841864384,5.23778731799581,2.93344205265036,6.52521972884362,4.59960727603278,4.04676594090335,2.97844378148973,4.98056736591029,3.3794567615103,5.6302009713312,8.38578845039053,4.15828817481505,5.86549494831623,9.33787773437985,4.64623824103157,7.74872910436345,6.30643356594285,6.64949801091054,3.01222646600154,5.20671899778012
"OSRC2",7.92038526608807,2.87216739038224,10.9394070914112,3.79119980060373,3.73353088213928,3.09486939495187,8.90551382520696,7.74628793678976,4.74849984574806,4.38981228340956,3.48379220413251,6.68554105424186,4.02717712005731,3.97316668800239,4.49912246338899,3.23630245407972,8.6072038419789,4.83601739265958,3.51450981273254,7.17889409869973,5.90366377815662,8.98507127138102,4.15133138058229,3.06208278364318,2.93212143651333,2.79830652300227,4.17830475330511,4.49589662127215,5.00793564424944,3.02538633808825,9.90353517370004,6.76919530358488,2.91741485611779,3.10608636761751,3.35217706748631,3.6298191318938,3.04678689470261,5.38648590507967,8.8047382170838,5.55620848797651,7.69013790765254,3.30963697272009,3.05082241188936,8.97257088157233,3.65829840502776,7.10365648016966,4.99685105828906,6.09324173701814,2.94786361255168,3.97523911971002
"KYSE520",8.15415652274967,2.70437943886631,11.1651055813913,3.63415691197706,3.83782203879752,3.21240444714398,4.74470655589935,8.55176834231072,7.91424255473049,4.66116500659111,3.56837137846285,7.01777471432624,3.90230390641921,3.19450983085546,4.20662921777232,2.89817373582102,8.28895942584734,3.65463688526999,3.37407613941965,8.61243834344504,6.43915920811385,7.35240264223643,5.42561742530399,3.29901061484508,2.89538563821582,2.86050280053864,5.71024697875074,4.55036373400493,5.4050565051655,3.12453283305397,9.73647856863546,5.2031993039801,3.94785541973116,3.8289805890769,3.32059211348893,3.37187429380753,2.86332976299861,3.75458518382329,3.20689665798705,6.13741545210424,7.7278457722017,3.23198422649475,3.29263786319781,8.86608841397217,3.13682033125245,8.06681104507631,4.38000803582139,7.11916200587335,2.85096972483591,4.73447146660668
"KURAMOCHI",7.80225807346876,3.06075527439101,10.61951586326,4.17189784403451,3.8627984202364,3.03862072137525,3.77067335325528,7.86928292057985,4.74497371874986,5.82393486142013,3.67581609158185,7.30926225797135,3.96908015931951,3.69506812563378,5.1019481697504,3.0599804512391,8.11947107342074,4.30292517428481,3.2382210892528,7.20888880815074,6.38885410584749,6.2129878664284,2.84234666422743,3.37721337452887,2.73670825010532,2.802482150133,5.17650013068597,4.61587260999004,4.38925840795498,2.99811544679561,8.55491426744342,5.93555833543653,3.03221600487425,3.72585215406094,3.50798683576572,4.09781185408471,2.84962951326238,4.75924199735947,3.9088155763381,5.94866354567726,8.44409893680727,3.22857251439366,3.70804893706174,9.32079357997505,3.15990888704351,6.53527962935618,6.82624140441042,7.34512311983672,3.00090402971798,3.94461050934143
"KINGS1",6.64636335282393,2.66693369055403,9.7412659821711,3.71834755602694,3.57137816120611,3.19986849867088,3.50114132202435,7.97863330901396,3.91447028118557,4.65964747341093,3.67791658191931,7.61605145071017,3.93507835510161,3.26224083493102,3.64088097102272,3.00384492123518,8.41566252630614,3.80629368133753,3.66718020686351,7.45969699553568,6.4039039445758,10.8486136280951,3.4407502644914,3.33482651984078,2.86697857429443,2.76814144195504,5.6812215379377,4.52468199678005,5.11356015902057,2.95146534884452,9.07405698791268,5.7078059682885,3.19584183981009,3.2036571686366,4.5443780812445,3.70168569283729,2.98684857396578,5.2351276324103,9.05379630986914,5.09923606955349,8.44233907734959,3.29373763359835,2.96566601295139,8.89143780658358,3.80505942877675,7.4579652687552,7.3860929195486,6.68028112211348,3.07947547329034,4.35804577033451
"LCLC97TM1",7.06336835177582,2.76568433076018,9.32505190133873,3.97096418023491,3.83442822772274,3.13192115852807,4.83214881791432,8.01711597463592,6.27782440604854,5.12402172382729,3.63150480012585,6.86057710069587,3.82186715152755,3.48017921866017,3.79066837393832,2.88231319835401,8.48557503049589,3.6596044770593,4.09929694484229,7.08170705848616,6.18737489103712,9.70307995905829,5.44673832285714,4.85696920576434,2.89237268737997,2.75692367907778,4.8623773429318,4.20720547431661,5.10479217904739,3.0049174397591,9.72730779529396,3.39383124387817,3.2683029712714,6.27715945873639,4.08709940010879,3.49082910132009,3.20125169994765,7.56732748233016,8.22640758115036,4.94035441018462,8.58059735266671,3.23060293784609,2.95697730801211,9.25900016219029,3.24640293063233,7.16906009103303,4.31443707729864,7.08084638935146,2.91860751652897,5.79489907572773
"LU99A",6.45724460402073,2.721242296787,10.4225521748248,4.28878698916371,3.69821503421686,3.21621631394029,3.44795892160136,8.27720100004304,5.4558115232527,5.36400356363472,3.93365144411792,6.80615912600481,3.93642689486729,5.71917595517668,4.39149736083518,2.93065710539328,6.3702166059695,3.08075522208406,3.51591488693492,6.88158893793067,5.9326437097795,7.8742317034098,2.98555007963029,3.25822952401152,2.80772910019113,2.79641582947115,7.56001778008475,4.88028958472355,4.71107274048968,3.10812176099681,9.56316233988083,3.54426393789226,3.55567363575382,6.81879972466493,3.69981300784629,3.56350930706741,3.03513581147943,5.37690625199931,8.57759475758261,6.10365325158729,8.58828360651127,3.38306136859056,3.66768639569795,7.16817743914661,3.56275291304286,7.24451380501279,4.71914219812133,5.9204051360552,3.12667169872686,4.39219768297245
"GAMG",6.77541514393724,2.76932212243911,10.2701054468806,3.64587267048509,2.9939641211218,4.02302517642906,3.27269975575472,6.11147365946716,5.52293587125106,4.17176050846431,4.02390764090986,6.74968153927573,4.08315296604169,4.33972144964323,4.12266716807598,2.975276038145,9.15004886798496,4.06068046812711,3.73536671154987,7.15622814575984,6.10363633461009,9.53334729556017,3.02737921397603,2.97842613144554,2.73277448283205,2.81537781958512,8.03941969421506,4.29866861254372,5.08643998204312,3.37282918478339,9.35050798765468,2.95149754760939,3.08862426722375,3.21804677440995,3.46617314222453,3.70649650062758,2.94076436717729,5.49313981950865,9.41667742148981,5.15853589542949,8.90182184612893,3.28509661390719,5.27350093036467,8.98785856992402,3.81769818525644,7.32842656782398,5.00145818093591,6.62747791275001,3.6058303068946,3.88296950485333
"GMS10",8.37344670028961,2.65851291170874,10.4319485038667,3.68779174321809,3.39808179990831,3.15476824989553,5.59280217681904,8.12767152659653,3.7055804376013,4.7338426073403,3.25701860933592,7.26597665383915,4.23025048674561,5.64031147589272,5.47308280216533,2.95727314252869,7.80459558146632,3.28337753643232,3.12000092612585,6.99249624771083,5.58082927491475,10.1874042249556,3.15515671234118,3.20346631513248,2.81071531174214,2.76717540840812,4.99487913225875,4.76655097845808,5.19401405868869,3.16517257139989,8.93195085911193,4.46127624800297,3.03841897106482,3.57611856600626,3.40845009977973,3.77282313719157,2.88193793980324,5.13679196332943,8.8239178325664,5.22266109426524,8.97222956280889,3.39682163809168,3.30309467514642,7.8486367084728,3.83747464136799,6.99359770591759,6.38441060749694,6.22119466378898,2.74736241231403,3.6427222846835
"KLE",8.41650724912589,2.64649507216701,10.4570542513853,3.76200131675125,3.91657628989482,3.06163250562531,8.75867720712997,8.03180819165253,5.38568874333885,4.73121795955618,3.84087899067121,7.0189205332992,4.51131356129181,6.51273882846357,5.15556171337171,3.40159739483003,8.04252157436861,4.12542825083024,3.16784887819508,6.24992423447186,6.95231806115273,8.01438866984529,2.91228604331389,3.1075596689781,2.87377479719704,2.97894430146127,4.64061635277758,4.66272413179437,4.42297732462957,2.91739742119086,8.91677022177024,3.30820814984507,3.41613278373202,5.44861202029866,3.53807989032276,4.03574073466205,2.93630314186865,4.78325354168006,3.51921411948182,5.39089618614926,7.67028963451811,3.39950923219766,4.20036267546228,9.45634266896273,3.22794863389582,7.12652620118938,4.21017236094464,7.26784252635334,2.98931134341027,4.40022463458091
"KY821",3.33184835160739,2.7079703335307,10.4427474744862,3.94254717843773,4.33628175305421,6.65796801950015,3.28147570119624,7.89754882330818,6.60276878568561,5.40049151232406,3.68677519268405,6.85862865502937,4.50307681541288,4.77750505034274,3.75956236879204,3.12177295067649,6.87531359849775,4.13326499179174,3.74770122058492,5.78548290196136,6.82837174835157,8.00053109525044,3.14089547345037,4.84541589561588,3.0879956618003,2.95074300286697,7.78932160128117,4.16469197544185,5.36389752728976,3.173041606341,10.2755017276776,3.41099288892854,3.09171347658924,3.93570392830555,3.56411573138184,3.87736713444829,3.30939289657869,5.71215623958981,3.43438577068741,6.2490828525303,9.04063665742345,3.2750080476214,6.64167836334597,8.39278734913922,3.31735798705187,7.42934395574735,6.31382023581505,7.19886835682227,4.23228882243796,5.43797467763452
"KE37",6.15236742191589,2.90476462856037,10.1256446056086,4.07456131151226,4.6428783403267,3.85843637391142,3.27777653150835,3.31117658309322,6.05867685764809,5.72207096092554,3.3938151046198,6.75428112480707,4.46544686374398,4.61517591776385,3.92026875791408,3.08877815746032,7.72936673619967,3.73966159871492,3.63506267600504,6.42258772859873,7.00075126035453,9.69579151948708,3.06498151922775,3.46493760768691,2.96585666529273,2.95256124967713,7.41018729875184,4.38936702656732,4.73286664103357,3.03917050462609,9.18496222375117,5.17239505976989,2.89144935596557,3.62435778454794,3.35818731018557,3.77333590740704,3.56043900923068,4.85171933667209,5.57489055824434,5.38002568279117,8.39136802333004,3.39257096847774,3.29646618562607,9.09219449052583,3.37737290425735,7.55328939671173,3.546368892902,7.01547733615099,9.01125166316953,4.50130999045757
"LCLC103H",7.81255715389278,2.6028720360677,10.1549675112642,3.2612156431382,3.37914781828562,3.36099991926303,2.9725146025116,8.60941979480023,3.85066543146856,4.71138495750224,4.0836005599583,6.89156358698613,4.30981456578683,6.09948987004522,3.9662084442627,3.04858015008295,8.43925694643249,3.34966040555273,3.44726295277989,7.86208043566596,6.3349086579334,9.7928466435572,3.29162414201472,3.26648010000953,2.74713286285539,2.89910450405061,7.86776699123493,4.58936781649026,5.51574255371875,3.3768106558311,10.1800618270101,3.92096774780684,3.51107472818501,3.89854401432394,3.59093442839963,3.86928726441253,3.15318725342207,5.31391282011191,5.89264356754121,5.6072851932158,7.75325240103355,3.40234644196479,4.13247323892404,8.58142230927577,3.39387209058399,8.14356984858839,4.47452803444128,6.65792011579531,3.28272665678708,4.79759674305912
"LN405",7.35925344028202,2.59791566445012,10.4901428634355,4.12095985406885,3.72102521936454,3.11294934008605,6.05005776461205,8.00162288802359,5.29725439592451,4.63011319518359,4.05274170903045,7.3118449574309,4.38119328908478,3.44934803021693,3.75611979425357,3.09103473267972,8.43533850173682,3.63938878176389,3.27748766385283,7.14859492415847,7.47840216759745,10.1902521064786,5.39064966441373,3.11016031499257,2.75944331655807,2.82859887573323,4.83783946595385,4.4709803489836,5.22757020103638,3.39607840868101,8.79206358246793,7.97898263172084,3.63331843688169,3.20138804592094,3.8241153974206,3.79895173027666,2.91036881254208,5.36918997366917,8.69933444150446,5.4322112089351,8.00671292787843,3.2829314466164,3.0845602155956,8.08502247465792,3.49259264701331,7.52305492271484,6.03057229661536,5.81751499279912,3.02350948556644,4.21745372541743
"L540",3.30725239140891,2.8690139759897,10.2198657061708,4.38975634291366,3.91086248329911,3.37636346765498,3.43953166787396,7.55264878294229,4.81723017834756,5.19649964453854,4.31911544840254,6.26775152468676,4.27066674890908,6.45086451702836,3.75463995988698,4.89529527820824,8.46769297783998,4.64583111910253,3.78635948438485,6.86828413097347,7.54129849136269,8.74556460766397,2.83961568122325,3.69646837844846,2.97937057872873,2.70644614164916,6.33258390920755,3.95584385566471,5.91638240305559,3.05719103815487,9.88024206346271,3.23086305190257,3.17536013778143,4.58974184678394,3.29587621495293,3.9070095225181,2.9947642984156,8.15836689798191,3.32037274060631,5.64984610862816,8.65124553993312,3.5980647933166,3.20273466920772,7.90961799011612,3.9008796127048,8.22829784517066,3.54126586107249,7.34991573028583,5.47726995292411,4.19713711693864
"GAK",6.6485279846942,2.79151648939718,9.47515301649057,4.173480896406,3.0937322147842,3.42646388365234,3.04146469947041,8.43096879322549,5.56788296890006,4.99098884458978,4.26392695438707,7.26306990053247,3.86498741933336,3.72778781030642,4.40743447709242,3.14235738547168,8.18401400706681,3.95666700460783,3.83383494685603,5.90163405957644,6.40044192213963,8.83312335537425,3.08814223578842,3.36506047908306,2.98526494791401,2.63426539094954,10.7346241448953,3.92874214391447,5.09968630896325,2.92692904976148,10.1377802749681,4.64460435482032,2.98684611558082,4.71186729247405,4.06499200559247,3.81934874246197,3.13252639467078,5.37303947989814,6.95593406597536,6.01062271990808,8.61350486530759,3.51499280671175,3.37714164482784,8.36589793560827,3.85400062655863,7.96180518991199,4.61431396882661,6.20378035150906,3.02725719669238,4.27892924216831
"GP5D",9.1007115129947,2.87719607547399,9.9299755351636,4.06260624417444,3.49702801955952,3.35493395211587,3.08117646542681,7.85089371380122,6.41927104915477,4.94030236850836,3.80924292924636,6.34180609745196,3.47385790445628,6.27335111584154,4.34646213799105,9.44713960171751,7.53219434887021,3.66921968844498,3.85120989336237,7.26757690322628,6.92245916939634,9.13541555185754,4.00703067687954,8.72016641127269,2.7523806617488,2.7586097360002,6.9345974659803,4.72615002972338,4.82619275197067,5.8388281574626,8.96479251212521,5.32191309429293,2.77901941722098,7.1054021534151,4.20823949461135,3.60817792483312,3.05260714151205,4.9769809838681,3.2067057822744,6.42723769176522,8.94866911493,3.47901592403,3.12732976641002,9.3782780013268,3.94044633091273,7.77429737638716,3.86638939617554,6.770185984617,3.23181935149749,4.69069583613008
"MFM223",3.25457926748875,2.67850427471682,10.8099214197893,4.57867860115031,3.63888409649669,3.37008853675091,3.12726978153432,9.01896128082736,4.77025293680153,4.02477429060021,3.73881619029539,7.15265124513511,4.34296837109001,4.01406928498567,6.42904942510929,3.22833856673009,8.4417241123034,3.57256606550125,3.49795835296831,7.00193556724167,6.88856526475375,9.18678383880066,3.034762682488,3.31535557400984,2.90635085835868,2.6374094211851,5.74072253972108,3.91429598411078,4.99218315071622,3.11298196472637,8.80659021086657,4.25350470849109,2.84106554049473,7.64424350991636,4.4594987146612,3.60477931169561,2.81930839843957,4.85371583575679,3.82357658522776,5.55727344522763,7.40967286367944,3.49854563316691,7.22325172006315,9.84352380401057,3.16277620915888,7.57279494959572,4.05839868873919,6.21069520467439,3.22278382168696,5.44826555939796
"MESSA",6.59597092617831,2.85471549738757,10.5171218700975,3.57565824537374,3.41821089926194,3.35847511304795,3.45039174617551,8.21930181258658,7.67468289844754,4.83917183232986,3.71601727447963,6.57187633903282,4.02280260759578,3.28015538216367,3.62543555200748,3.24771634775092,8.3181517632845,4.08492556026018,3.88588058319228,6.67982462892836,7.61562035573701,9.79764048603707,2.88802821358008,3.48940044538626,2.81356959743385,2.71160103049767,4.06228583314639,4.51606692247428,5.28457913851539,3.14109068549886,8.86794117706315,3.5321687136015,3.15402745856364,4.04330710605643,3.57740409695299,3.68311471766008,3.21645727303413,5.27950999488787,3.16760209216818,6.79890999349087,9.06518882596274,3.38041839928217,4.92289713167445,7.38461978306463,3.0424095004793,7.71839482364462,5.45905561954784,6.63690059346515,2.89823908810116,4.26128360904593
"KYSE270",8.42746184114921,2.72283514528271,10.2534888912561,3.39957626607338,3.14749895449631,3.20129500929884,4.35224183517845,7.86335050246638,7.48743562714875,5.77041440091132,3.66292166492723,5.89079464703325,4.01857162523739,5.60966599014558,4.02751771640846,2.85000477827475,7.26996726990089,3.12347238245296,4.2315917940973,7.0229693506653,5.9013478034779,9.40121943444156,3.55869641188619,3.10909491428196,2.81330682967383,2.7571744682113,4.64634245135965,4.07611969373038,4.93976947514299,6.62501389699178,10.3173451141553,5.84538840399519,3.63526082426838,6.34392122367635,3.94927430466213,3.66867028663906,3.01536088729297,5.04626593728331,3.18928470966101,5.49419806419429,7.22800940659297,3.42674960235456,6.02093046314176,8.1653137151186,3.1300561474955,7.0480734254182,6.66009257328674,6.38729256952711,2.74551510785926,5.67094537938924
"KYSE410",8.49283189288893,2.69923426418525,10.9186973381705,3.7464123343937,3.71535622764315,3.3338398346376,7.45702438502488,8.15810705075988,6.80304764688774,5.14567015173476,3.42470821969315,6.14389830233244,3.85318068964107,3.42056019907989,4.43661970095734,2.91053101023384,8.84666544724944,4.09733915389866,3.75117721959319,7.13702070176726,6.14751646368616,7.81832350643622,4.07545446927763,3.07186039917602,2.8318189014745,2.75777915606624,5.19492355906644,4.74447250734624,4.80187179067311,3.14837122000522,10.1906090422337,4.8648363735107,3.40033299437416,6.38244363450892,3.2782049860147,3.67364534768707,2.95114364541606,4.30247354778109,7.50275923494128,5.95546343128368,8.24736344931245,3.33652506344423,4.00351386359506,8.6818696199744,3.4877747000629,9.03802209698001,4.18175892171987,6.32751496765477,3.21657214443941,5.22890173920258
"L363",3.18520958103445,2.76312236956046,10.0274276854864,4.25805236709012,4.22610955367836,3.43882065219118,3.22969810306176,8.06558238522178,5.48992430223321,5.17049901206134,3.11268014390404,6.42265432464926,4.60471700331616,6.04644760173689,3.8801667956227,2.91126199765386,8.23895351998226,4.33960004606241,3.3625742120348,7.26916967425994,7.14485879974709,3.97191866522158,3.33145826489867,3.26224678116085,2.8970235181964,3.68590552816009,5.91560800867682,4.44673847688729,5.39847776710471,3.410687552111,9.56688623137294,3.2709692378214,3.13943563530828,3.75451766124428,3.52993821639538,3.65957042248516,3.52782190759169,6.27862478940527,3.1930176882796,5.9135437962264,8.98589463237338,3.3166498569908,3.09828737101435,9.31863006417364,3.74764070919301,7.78081742298211,3.64141333271331,6.93696842050653,5.76792410648695,5.23724562605672
"FADU",6.9765441344303,2.77078545156694,9.98855638648081,4.18311799657303,3.7303330829272,3.52677927601029,6.234268157692,8.66452462975682,8.60153546832238,4.8671930973277,3.26405827787486,6.34196643623081,3.76673418134696,3.50946611654369,5.12452336816224,2.93867722990811,8.28938022763131,3.91179870256714,4.69218684891915,6.54394857505006,6.3709563567768,8.32117388379056,3.54060116808928,3.25611246901077,2.75865891797084,2.80568072834746,5.08166033243442,4.47597564305808,5.10070255454366,3.18705916248808,10.2857935478971,5.03341949025761,3.25821229454623,4.85515616137699,3.40403599475732,3.31926987424323,3.18990308486272,4.60914181602162,3.3091940640877,5.12091346157865,8.75116435791381,3.50011922802191,3.27570647083989,9.33958574233847,3.23126535450513,7.63611530287866,3.60965220168144,6.80757658091337,3.27563063844395,5.48545910054068
"G401",9.1210103601767,2.74767265839708,10.0322679481265,4.38776254786413,3.51853818687104,3.39448226022452,3.39816498028644,8.22073966782443,5.07277122536758,5.1430342463816,4.00811620623659,5.72947360904041,3.9696500909389,3.42974966716627,6.04202549243777,2.8181951908551,7.84302421632998,3.58076028020327,3.92309109324595,7.26986921796681,6.90775138414957,8.463676980027,3.04545728989553,3.09023753638208,2.75223068331569,2.76539474349098,6.16195952214232,4.0312911469287,4.76048693820224,3.21752363567237,9.86182500534855,3.41580960106015,2.90826275638885,8.53912100665793,3.84341023483878,4.38592008659675,2.95051780058435,4.8689109167815,8.8448917619842,6.6725680530617,8.9612265921299,3.56676548154704,5.83700311070507,9.5441599655107,3.86856082554134,7.87479987177656,5.8049480970274,6.30848530021107,2.91812952989258,4.25678862774259
"GI1",8.08145542931694,2.82709770995991,10.6817708943622,4.20341786941156,3.68867192596378,3.59563830791634,4.83772138721357,7.42242318141202,4.68889507705186,4.89368842444266,3.44353437308806,5.62784918997721,3.83560112793417,3.83307490246504,3.4595187104256,3.21041735882944,8.44538475758343,3.89601507441981,3.86267143812715,7.19418107475757,5.34820007406791,10.0915959047033,4.33243778181417,3.2107778895746,2.99768223914511,3.19534480538811,6.49360254717436,4.26358822642699,4.97057893014298,3.1880440046323,8.72840621651475,3.36897793529958,3.55241992537792,3.21555497123742,3.3887930422444,3.78825972600618,2.8617304945342,4.54126638539149,8.1676995559249,5.20034520658923,9.06299422535252,3.77903196421037,9.79648462033735,8.89272224331747,3.92969303514722,7.17288975971272,6.30432666740839,6.87776300176777,3.34406955869407,4.05042722831337
"MEG01",3.34192466125325,2.80145862467347,9.92350858470554,3.76540060947668,3.45059836715553,3.35709591690607,7.69106848407183,8.18750327809805,7.00707563588783,6.29991150781721,3.46094832650317,7.26778492919725,3.97975824925171,5.78031334518435,3.86972311693438,3.13018111385532,7.4807068255866,3.49842223276366,3.24032572157641,6.15671921032236,7.70894528408431,9.84180844097966,2.94861400707562,3.41979083174953,2.88535572483008,2.83128378971638,5.6629481947092,4.17605896660583,5.24949834526998,3.09983404090054,9.94677946455,3.65710037086287,2.93136643748675,6.68962282513918,3.40480037187721,4.01347572703564,3.4116481272426,6.96195317661638,9.59270547246007,5.96627799593305,8.81001510960148,3.4757982469662,3.01033561473798,7.84876363665063,3.16540650860483,7.2474186832704,3.89885810816145,7.40287578193792,3.38610787808049,4.72628341909914
"KYSE510",7.74854818279213,2.62543579104326,10.2908105531825,4.29471325440506,3.91548663013023,3.11387712373848,5.61930775129796,9.09918660298647,7.85881969279894,5.28629160154786,3.8252996768961,6.44151235807687,4.14468436480139,3.32552962833358,5.6756873792402,2.99603786040492,8.06284128826055,3.54917484078314,3.75403377571228,5.87470108292936,5.16122822311898,7.55864001901026,3.42440617049253,3.3795908920067,2.86401864643667,2.81676686138302,5.08909895887818,4.53116298726796,4.77442728728939,3.04605670818272,9.49144269904879,4.84093660031236,3.20562135628509,3.23441934237685,3.51545069108829,3.7652291386019,2.99899470767684,5.35769035984218,7.21968138585437,5.80092279775069,8.2010015876649,3.38913474107563,3.69465310704758,8.22201170469672,3.49352279250345,7.42553593165397,4.53513717491247,6.49788356586445,2.80238330364827,4.52316493928852
"KU812",3.2223968569061,3.31259258592843,9.61613887332703,4.46728611040502,4.11852452739863,3.64718377104652,7.94539777005706,8.11998732677323,8.33987523324813,6.14453382993931,3.72239456436332,6.89557866794084,4.02714183042083,4.76187453787347,4.07845780585163,3.0782537292452,7.59380338650639,4.26601272806323,3.24730739168187,7.09388095220598,6.9780409764461,9.06052249287511,2.94092275396235,3.31533875568595,2.79719647307841,2.86165341913475,5.98227821082502,4.32725446933058,5.15119250011299,3.14594062992717,9.57332766944297,3.38204280938573,2.85055122283079,7.82893296864759,3.26173154092234,4.23473466600877,3.30840081666943,5.48926717843875,8.85855502704598,5.40915082970268,9.25298260389502,3.49176925730722,2.98123886830083,7.69817524694283,3.22523809128849,7.1351734420646,5.69348614676682,7.10872211395687,6.88119125693343,3.94684752476921
"LXF289",8.07247776285743,2.60591885800377,9.16886251213963,3.69893382780091,3.32740963292056,3.03367877226753,4.60154799712132,8.45918832970356,8.28520597977103,4.53772933176271,3.42414896655871,6.32594771283973,4.11844719785794,3.46570403538225,3.79780378762631,3.00891811826243,8.46577978807754,3.40870461327288,3.50854776477481,7.25278662666855,5.87312205752515,9.07438708459779,4.2077954928161,3.04657856379565,2.87344066675509,3.08044665259196,6.74344041653306,4.73284680351687,4.55014442554647,3.09174682158184,9.14392820428257,3.06916672500038,2.84527400434295,6.01461224667278,3.89784408116647,3.82194818159324,3.03505497803535,7.13858456911743,8.72775867466577,5.93642557049965,8.69938046899332,3.32030645548859,5.50843088844335,8.36970432124728,3.21389697803335,6.81361085964929,5.31067212482832,5.92354774359339,3.07243546137664,4.57680957837938
"GCT",7.44800544890905,2.91343208700571,10.5597381874213,3.85388156089456,2.96090679458719,3.44196018933804,6.49530014991987,8.29809416288386,5.4176168193713,5.08415252831143,3.55662185869248,6.63756899515885,4.33520863995971,4.07391849528369,4.99307178919408,3.19354178672283,8.19523731008265,3.376474006045,3.55667394142427,7.33918935002386,6.1631939061142,6.79625075011423,3.08218486786266,3.6745384119784,2.85516595084295,2.59677788488476,6.76483477148055,4.16313485170655,4.588622380263,3.25482072963848,10.2957884906129,3.27515262791264,3.05144459472494,4.36159380444391,3.47033802476902,3.70766964527421,3.19239874206131,5.53240838120954,9.30808147007441,7.00674518287596,8.23259511658889,3.71336570308172,4.75201958703472,7.52362968266988,3.33324547046474,7.66108833025682,5.40082237275998,7.02587590758757,3.33958604979214,4.83693901196753
"GIMEN",3.13812190768235,2.91876585937043,10.3815284102662,3.59374167429939,3.37621618468607,3.46247991951406,7.13857438383993,7.67645362452798,4.90351340789389,4.81179275074839,3.26236179239614,6.49025001278957,4.22521589234462,3.5573427780338,3.80390350580217,3.4051095180435,8.42895139589573,3.82789987937941,3.87781838555861,7.45255904296764,6.63197760684634,9.34290272549288,3.18503186480915,3.40280830259582,2.82039147575036,2.75698959392729,4.92788836530133,4.95709373146511,5.51537449342988,3.4819708577805,9.92713706392932,3.43238360233981,2.90690509825552,3.31668614724255,3.50171398819778,4.24349862829516,2.87888261238459,4.89433888143051,8.35012032124446,5.80315740833139,8.35206367512383,3.46516897669886,3.31320059574706,8.6436846832354,4.32223827783879,7.68004630087999,3.77423619134227,6.43121137536474,3.21484500494381,4.56065042532961
"MFE280",9.33147068755586,2.97294500599498,10.4929026415661,3.63775595168981,4.00055627758761,3.0898974781019,3.06175983567882,9.27564280160929,4.91573779351541,4.10479282186983,3.44899643204087,6.33703820997323,4.29807431615326,5.04654253417938,4.2933992205078,5.23665881615426,8.28645286701202,3.83855965321651,3.34966905865815,6.22148632068501,6.05822246017307,7.23617875497843,3.30322820818274,3.60030611219678,2.88623757727893,2.6374721522742,6.10398228084949,4.31990871530497,5.0825637219711,3.05735628824472,8.79325431836972,4.54586382678052,2.75909478622326,7.40818942577741,3.56252107055914,3.82872823920288,2.96187123609637,4.88242976932491,3.25435771760016,5.46713324167544,8.25980530578534,3.2872559637312,5.33275046189056,9.01008905845594,3.86291294815479,7.49098951235707,5.55544437018485,6.35792476758994,3.05647720192737,4.19028791759286
"KS1HUMANGLIOBLASTOMA",7.74341669794993,2.65181957697728,9.62995393624949,3.87245636259605,3.49029731877406,3.20989873053197,5.92529323805368,8.02351128268572,4.03960987092242,5.39763975792939,4.15459075595316,6.79413188501309,3.93175517602868,3.24001600100842,5.48377883460065,2.99568122004585,8.47100516691714,4.09212987000269,3.69658086743835,7.53897074249727,5.5528883062887,9.25782222316504,2.79651676858316,3.18086044299222,2.81272147227959,2.76368884945466,5.22178483412749,4.484336399909,4.52784503657283,3.24190429931777,8.84353099776571,6.55586865823755,3.77753301067954,3.24677719856643,4.50903136058777,3.99255873324891,3.00923646525148,5.43817385281016,7.78688214169952,5.22750451460143,8.63454783346924,3.26162623186571,3.10281315079555,8.97410791474195,4.2414449407727,7.43164378734614,5.85061786948994,5.66851439559533,3.5038185635888,3.71758302580862
"LU135",4.69879750966,2.86523116305155,9.25540109096998,3.65229409788047,3.53000802306139,3.11477866459478,3.0755092198861,4.67133498372442,5.80081721656603,6.0256632692964,3.86190440580982,7.65598328750174,3.96661536890628,3.57666462395897,4.45877835205333,2.93955553838536,7.76123278160879,4.00021392348046,3.84397127160949,7.48309383238522,6.30851581320975,6.94804674454103,6.45782883140554,3.32446014927447,2.99431281842934,2.79888765700036,6.46569089514022,3.81875417471542,5.52036109312306,3.6387846789681,7.9165354612279,4.27118667473861,3.90018402019566,5.08689112664088,4.58534134809933,4.15090606587021,2.88970437466224,4.53765389270807,3.39412358968343,5.31095743348897,8.04504033438824,4.08823201752839,3.17201969251037,9.68137849397478,5.39691772334121,7.49266728605664,5.05563078008751,7.51255659126555,3.14555996024656,4.84465244600417
"LS513",8.11635788399132,2.69747962986291,9.68760072594297,4.8234405228316,3.51258937396363,3.18992392334148,3.17139701963878,8.77763873580145,6.43285143367051,4.55315957603772,4.13357627883646,7.36485624237238,3.64011435629874,5.9202115713776,3.87062904633881,8.28754627738312,7.97399998136552,4.04846471140509,3.2873811950265,5.00648897331018,6.51273064786689,9.09945019179909,5.93782183147195,9.43739762988606,2.78152777659105,3.02453679233351,9.28505954770897,4.89126124882104,4.60905293298403,4.75341014181583,9.44872611417158,3.11573712949635,3.02516541801598,8.48182086398405,3.75794778777758,3.39490090989119,3.21383310879199,4.93459501289889,3.33179111779632,5.54271448749255,8.45354994809851,3.5476472758777,2.81947317813807,9.17644321813725,3.41124522679242,7.38837213235147,3.42936461320893,6.2501156246915,3.15155006788775,4.72918307832985
"G361",7.12812038832971,2.89162546450609,9.80473845896151,4.02005604075026,4.10235666652662,3.11083384375529,3.46744729400388,7.05507010680072,4.80031570090345,5.00369930185793,3.34306236715823,6.82254609063149,4.21607209997581,3.86312912320416,3.85384278033009,3.42468259182529,8.423282692188,4.38113553067172,3.34198194530801,6.50865489663845,6.46279822929922,9.37359045130942,3.40988682689903,3.35678943357319,2.93305639822478,2.79964708893041,11.0258697853546,3.99877996579965,5.67230195701189,3.20847928764961,10.2353549004599,4.19513788794763,3.15944972428945,3.74993491768917,4.52387524783196,3.90987901622149,3.07292780912193,4.95979216127308,5.60857154809932,6.42199997803764,8.33650533394123,3.49400527433686,6.82713524916661,9.44744591539598,4.82759572177508,8.19947197112008,5.15689478680867,6.48198151997529,3.10779900359483,4.5054314365336
"GRST",3.06096326764031,2.68430033624439,10.7610939250087,5.36631741789615,4.55625205164987,3.27731215763605,3.3551370153741,6.08271425288371,6.62584486086682,3.92290310055784,3.89959298998693,6.91676209484542,4.27163617443475,4.97467126965415,4.37399150044591,3.19632980826811,7.8219250630911,5.08498638277432,4.20211230014507,7.02669218533032,7.73711417369048,8.66532809204988,2.87846544066441,3.40566301930164,3.0451009745163,2.75437310611484,9.05563699086212,4.27004325185159,5.00829866266296,2.98659144032348,8.66754842360756,3.25074753418718,2.94040358914578,3.47040056040213,3.32210653160368,3.47822520697717,3.25102289624543,4.93883959832769,4.70056890059464,5.89752640476345,7.95188844011559,3.4113673532264,2.96265039462803,8.96690684736294,3.34002452631039,7.48045369174952,5.95732460036765,6.74762775428775,6.65180956886452,3.48720696839677
"MOLT16",3.30474326929899,2.72903816296066,10.0306869918018,4.87613190201627,3.81022133493676,3.3164056825177,3.15243306535992,3.22577614247348,6.03999899856029,6.12949019960331,3.58029700465651,7.73371808208939,4.2073423948041,5.16249783209681,3.86462755226083,3.14616134558608,8.14315757276348,3.90210482517255,3.50961444799549,6.37578674429396,6.13461533442948,9.3385119696695,3.03006991201784,3.36614251831837,2.93486513108319,2.89834118835162,7.27386226215675,4.63335182946151,5.30279840828205,3.451118234764,10.8374204415143,3.33422073169292,3.0738897964899,5.77671360212518,3.37985184795464,4.27385186301047,3.84712548841431,3.87389139159508,3.510873442067,5.55364673201825,9.00596599039524,3.56961589223234,3.11152733961335,8.8088824807601,3.37732402957151,7.1584774663451,3.85573222141243,6.80462946729337,6.75736538702221,5.42894240848599
"KYSE70",6.35150140245385,2.63051422079687,10.7929796986655,4.4909075618481,3.74752888835387,3.22202036550051,3.17732338710456,3.25042956942835,10.348163440267,4.07277825127175,3.69899482239823,6.65935761707629,4.69569084142285,3.2608635469376,3.95068703712477,3.02919510780954,8.19739777230178,4.01038102067884,3.57316513553543,7.97723322543396,5.65796862979472,7.80311360701655,3.9484606045884,3.2542876448863,2.90923627736292,2.75351775719205,6.2171276504435,4.16859164829848,5.25019703354939,2.89618186450483,10.2750420153758,6.69178690132511,3.13547669935878,4.22912756131988,3.20658612370677,3.9651728212016,3.17894043928683,3.44097080814981,3.14579573524582,5.75198092501332,7.99794076177993,3.52834684026977,3.3363027212782,8.73158246482708,3.02852243990309,7.63383553643206,5.03643172773699,6.02693677393018,2.96810622475427,4.96690271160606
"LU65",6.51892654803179,2.93498819845114,10.1472779104515,4.19483832651023,3.21872314377416,3.42036729182329,5.99674603691388,8.91943351364999,7.01875777156039,6.40760936432416,3.77066347827207,5.90121121420111,4.13939769179932,3.57178792545296,6.35118433139012,2.91529206020624,7.91645366414864,3.49328180834329,3.38052212871106,3.76426884625452,6.77687548260177,7.36186457475857,4.55209127575369,3.34370963501705,2.96406806152129,2.85191340522314,7.00999859626971,3.72659020230723,4.68126273904337,3.16981615749429,9.46447460083348,3.22572130243937,3.0320558190202,3.72508573155148,4.06191377623291,3.95575667559334,3.22727822115888,5.73867037457893,8.90076679528635,5.0623553588948,8.47067691929599,3.55729007292168,6.39450234516934,8.36475280749783,3.3521583749598,8.35974500131561,4.31307450571927,7.3951400303799,3.24557110187455,4.96792323488279
"LAMA84",3.26807838272478,2.64877809712307,9.96218998337447,4.07143999720715,4.02989758427237,3.23956036827748,7.48321918681759,8.58245489050221,7.02108633286771,5.04153516363031,3.49669542975579,7.14316925865282,4.08443412696961,5.39366254002293,3.978298621093,3.07674758558896,6.85721812677435,3.69233239717508,3.73989157965374,5.86509925542254,7.1390110940796,8.6315495130397,2.90349446184069,3.47116178354812,2.8707424741926,2.76396657863013,7.44612838142839,4.33702003966405,4.65730023667161,3.30728103302219,9.85841829957992,3.26678152440952,3.09820481301792,6.94094359118775,3.36866971476246,4.06029982260377,3.39310528038363,6.15090616254129,8.37859903545377,5.00278448962524,9.10408714969838,3.23948481179417,3.29142772047141,7.54252546554032,3.13238294947054,7.82513562754968,7.5518606271801,7.36908809476584,3.30524207463782,4.26254271485626
"MOLT13",3.83979541226068,3.17308928826038,10.0138029398825,4.14479704019448,4.42025102575224,3.74891760606731,4.12080823672985,3.02967058540113,5.86489504953532,5.89467564851433,3.21188521419747,6.57643683572183,4.55298976868718,4.96518970960167,4.00608686138636,3.12083711338003,8.68155344341389,4.67793060685255,3.90107780905287,6.59971289188614,6.31627852600983,11.7322508993517,3.01365686283719,3.25132320570448,2.90195932588733,2.92605536449371,7.62513315716938,4.33564002547793,4.50280289273339,3.30108478816055,9.26094475374103,3.31001040012766,2.96236251297701,3.36090492147162,3.4178402697733,3.97012058302895,3.50045398123361,5.75866684882203,7.65799698386392,5.80955128021086,9.19811821322445,3.58014998354749,3.13391324812205,8.97036573113286,3.65558150427295,7.16124089515648,4.36312133547239,6.52145645535226,8.47168893116022,4.29874369379498
"ME180",8.19987242864042,2.7652635224261,10.3458061606789,3.71612927886978,3.34763058250995,3.39603598563611,3.32606595185779,7.47093168927283,8.23014914543062,4.31348049865668,3.5897099245142,7.25584948048262,3.92339056707963,3.73930143364152,5.93103881927964,3.03219299468337,7.78738655084561,3.51371740296938,3.5564027489046,7.30517901759479,6.42628042128418,9.3558194107183,4.13100948487092,3.15918248306512,2.86749839507176,2.66852506767405,4.53414133704692,4.53813497591575,4.932636756489,2.98616360773658,9.41255255980334,7.83192304149735,3.05558950935541,3.59177962100388,3.30106036619001,3.71641890174894,3.0915613430953,4.70429767581062,3.26793461245372,5.54479420962396,8.1753986074434,3.39586982996068,3.04425813692937,8.67066146583342,3.02829221795136,7.0635858412322,3.41837618097805,5.68847298937713,2.81236317547912,3.80020270143233
"KYSE140",9.19009860196592,2.78523469343273,9.3826876844432,3.87790070939859,3.70873852758453,3.08099132843429,4.97491693928227,7.02856497557338,7.98328665756138,4.49645100268231,4.51526483244223,6.91859687773745,3.9453627140804,3.46226585280416,4.7632420311348,3.36096394361342,8.6014146253858,4.16879669003115,3.4017720147991,7.00734264097041,5.47353391005293,7.13641168780042,3.78562640651136,3.07195531109255,3.09317815899234,2.94343764889639,5.7914682922138,4.13260596083251,4.67574409019385,2.96574344836974,9.77422317060602,7.55300250324394,3.1723633905353,3.96926391260421,3.58539644041024,3.7223918546918,3.12850289577621,4.08798907431108,3.42917153316851,5.8773945506967,8.1319726515618,3.37891786410483,3.55575857312372,9.28763374617342,3.10483376810968,6.94627631482749,4.49843273439333,6.370375805177,3.08555831875209,4.65639307186716
"KALS1",7.9656004504635,2.755263900802,10.1982618046212,3.71187185493188,3.6508646245186,3.072517232509,4.28215318536158,8.76544509431907,4.81457435105718,5.30629808962122,3.56759430486175,6.9411340975492,4.51325993948625,4.32068915803805,3.88665667648579,3.27512764101948,8.68933931702949,3.6742981429824,3.17444985874893,6.88790470965191,7.27034782558163,10.9016322609723,3.205169310462,3.26845575585341,2.84620365156032,2.74582712676362,5.09311257488776,4.52073424425859,4.99904361020652,2.96894290667643,9.51369738343217,5.41825192576789,3.56478141785426,4.40532595292987,4.20992170819235,3.65681803362148,2.9933226617137,5.09536205690974,5.26536184136323,4.74757352344647,8.37120086554991,3.41370877184128,3.2334838693974,8.75002860069608,3.81753864144027,6.72996894415985,5.01731159105179,6.44166891304868,3.07104713879703,4.06247095568692
"LU139",3.25749292665193,2.88853616241965,9.5903736520659,3.97761474344238,3.58863166523159,3.14610979660762,3.01797137529273,3.12591558651157,5.49428061853603,5.63961430268865,3.81393825817026,8.06561355995276,3.67296387203676,5.7114018755998,4.48020887790291,2.95576031970472,8.27391041085878,4.0215325921455,3.57182047489712,7.22299292612218,4.63042556061795,3.5968247926475,3.71365944356408,3.22731589822103,3.06630957380007,2.82573939737609,5.23979420334213,3.82848136665632,5.11533523630455,4.97135947535896,8.58776086817046,6.68210187258004,3.13296719267702,8.1938203727782,4.83300041146516,3.47133878915896,2.96057303519252,3.63164489664871,3.64810495300715,5.34243034140067,7.75795038774235,4.58741816331416,4.64811722309759,9.26480050281171,4.2794176570446,7.50640673091686,5.56441803635761,6.59431912120384,3.26672774733594,5.78467334543869
"LS123",9.05146806211646,2.63703538730984,10.3452840138549,3.96882770839456,3.88362987640713,2.89261979193055,3.14862832584863,8.57100222825982,5.55419748827374,4.97173209233767,3.43479461893947,6.94827639961999,4.00363067809127,5.25935556640652,4.16758019785602,3.40909439740204,7.92317226566943,3.40888939953671,3.41979616947645,7.5182745212741,6.1034583003127,9.10766787518988,4.09064393004562,4.12156772754766,2.82320027027181,2.82999650190923,5.6875409973835,5.04085264994149,4.96778408709444,3.14622810620819,9.65407047378462,3.72259465552046,2.94737009662224,6.04191876931311,3.62315933464163,3.71843452185287,3.09851610353315,5.96177327842943,3.52299691951004,5.02384575394954,7.78349026523739,3.21501059375444,3.58055169977533,8.23169588698462,3.63049397957544,7.36460746641986,3.94563575853147,5.49963149021565,3.15987123689392,4.6420549293828
"GCIY",8.29335368692414,2.76778266905278,9.21078336759416,3.61165889579316,3.36968946046347,3.03506666174329,7.82210709518332,7.78256225170942,5.66462772647897,4.46262315980639,3.62665267197165,7.81560260165295,4.54988611362724,5.92745372573818,4.03226345100057,3.19714746501064,8.41908575542753,3.77053483792121,3.50658820827641,7.4652887033215,6.28489397721736,6.64726667388051,3.29334932020531,2.99617456300117,3.20083531889833,2.7185207386614,5.33860851370157,5.13501621744374,5.1754167717318,3.05033126796985,9.11082759285975,7.12919192634428,2.85774014035382,6.34214179472933,4.06515447199169,3.55171936257564,3.13209806444151,5.77715232128664,8.14895594749258,6.49007336118309,7.17130320156942,3.41313357519669,7.19690446440162,8.63952528933544,3.11440217110615,7.10359551546367,4.96525305523171,6.68513191095553,3.04287107838163,4.93250570243618
"GOTO",8.28115311037524,2.97195815156247,10.1161457590131,3.6487058660373,3.89254804365563,3.35732946153222,3.30803197455021,6.66405231272091,6.05493945420296,4.98785155251963,3.12291022000522,4.39331592412508,4.72204381847752,3.57712015931982,4.13251601566565,3.1287298918753,7.93954852097568,4.34617857195067,3.28058625110599,6.56748566093264,6.59797059730039,7.56157595265244,4.57613341200166,3.12169652937878,2.92619111984455,2.77295419252428,5.37423982230471,3.94000024505249,5.18814928656347,2.97561438268186,8.8694407038212,7.401004840367,2.95626813349211,3.58683196132497,3.95686435253286,3.99087142214225,2.92348490651926,3.3129365373916,5.42812884534645,6.80939804385842,8.4802531115381,3.65952155150229,6.36026201207645,8.96573668697963,4.24224528568912,7.18071684221872,4.07272169856993,5.66824255269588,3.07887731367867,4.87050322374854
"G402",6.62953205823143,2.79549759566939,10.0032446213342,3.97876734726212,3.74231885479507,3.1548890964037,3.94728088314553,4.99383656367862,4.3871553425141,5.87817754221724,3.57381224757129,6.01655657069148,4.34458702629962,3.48995287614618,4.69898880312878,3.42661843793996,8.18055425658922,4.03990378905619,4.03432073395879,6.55533908020679,7.08829436703768,9.26701973615891,2.92056522916164,3.30754120157481,2.90665051332916,2.85132139014937,5.49126721850354,4.73897736814362,4.60785446897859,3.23065209980605,8.94408271407763,3.36327944692083,7.46280496606083,6.3682714460986,4.14009905096102,4.19059352632693,3.09485211958097,5.64911385362045,3.3399550353519,6.95204801292945,8.53173216260439,3.44466451672813,3.28031922587627,9.22203489499076,4.05471274260028,7.76658116649215,7.25834523613438,6.57960632316377,3.01517390994336,4.66118485022167
"LC41",3.236615439347,3.07508370123573,9.33445505962214,4.06265859364171,4.15280678804517,3.36278781243327,3.39309828411386,3.93007540016367,4.80642029456879,6.15919190531703,3.18671941624085,6.54648042787332,4.56879604100526,4.00414999016136,3.99861667859544,3.16663677970062,7.7417264519347,3.99972014062395,3.53538173553503,6.93111856057997,6.38142489049053,8.46065374326158,2.96701383509991,3.46325633151894,2.79718016629504,3.25539820211153,6.23284611742542,4.03453373520864,4.59449184309731,3.26844446380545,9.8307648378397,3.15175885421946,2.95817511669404,3.56676740114155,3.27579434885723,3.47667782469389,3.66889142576775,4.25777236541174,3.31961718054991,5.81269328340169,9.56744391368263,3.60650169318596,3.29561261016796,8.68280472728839,3.68868978215998,7.3490550428949,6.88606572644619,7.34676279822056,7.10918833034591,3.51126891048835
"LU165",5.55861406899459,2.76727542219123,9.55686749636513,4.16462942449926,3.36909132374249,3.06407427546293,3.31697737922892,6.83799397792557,6.56050817846246,5.28524003105283,4.37214471516415,8.10204712830445,3.6653591632723,6.13310978499125,3.52090000917469,2.96332042849156,8.28768024030076,3.97130475141459,3.17492503344165,7.52614889493214,6.58333891991011,3.44632072934703,3.80649409658621,3.13728835591354,3.49918598103296,2.86184570620412,4.09647394425592,3.55134251658363,5.64683883813672,5.42870329132376,7.89553816279995,6.18940342277959,3.45574444187148,7.98935474154504,3.81337587740677,4.02219757309359,2.92078785027655,5.28738313223118,3.36618758183493,5.60146692187328,7.940468328459,3.92088602748478,4.86513041809921,9.36575035611427,5.02383791263442,7.67167677869928,5.76294354835016,6.06648689222114,2.97683822830644,3.52200767186432
"LS1034",8.94779469557786,2.96553051859477,10.2210710568298,4.54020536311486,3.35266076373328,3.27729817162013,3.3295573331088,8.82327290580949,6.46320909022277,5.12214776684798,3.7410368167775,6.86957785635145,4.082795712971,4.45369271080964,4.94048331748579,4.04844112162556,7.96475118450112,3.76467020815187,4.15155856073569,5.98915564921428,7.44435984517745,9.08953554812781,5.08804802720568,6.83711069052931,2.85945118988097,2.80528994854648,5.45819158098659,4.93042611924842,4.85726607723964,4.19856357502869,10.7342889757766,3.11919879216295,3.12665864725196,6.31356652173533,3.28664499186571,3.60147502764728,3.1903064134639,6.00484477091218,3.89519370624193,5.73620717106173,8.72879534947688,3.17855352479862,3.04919610028837,8.53089123842802,3.34132268212763,6.71475295290208,3.69716903565188,5.87590759813292,3.01649396599668,5.69936942626197
"LOUCY",3.30096435552947,2.66250630230764,9.86527335053595,4.73078075495413,4.43104045506044,3.94120800973052,3.28456792378052,3.44379428342035,6.98139170941645,6.3086729768708,3.56925397811036,7.33101077458974,4.36209275033027,5.95205975328208,3.66930646889241,2.98648225982169,7.89235280307271,4.14212286977857,3.70018392936869,5.79713205813347,6.64055889029819,9.10612923736038,2.87592133775655,3.83962124445174,2.88793532118389,2.75274783910644,8.32163017628832,4.43361642613969,4.86891426755909,3.05630206620358,9.64924732291631,3.2298544342792,2.90779412374,6.84026319278464,3.32859500279201,3.84138755613688,4.15572163739655,5.39329382850258,7.45169204821742,5.83533284918712,9.24872584973469,3.5160883309799,3.15264773862814,8.82998535838695,2.99194674794956,6.72422464766708,6.28623085281015,6.73381086174333,4.01122160280128,4.68467135408149
"GB1",5.92205179706126,2.71667912456581,9.84322298566987,3.98457565650448,3.32292062110029,3.13408691684954,3.07456569109001,7.27633816506128,4.97250536752066,4.70982326428786,3.73714527978294,7.14524702115552,4.62513940889122,3.27295635856346,3.56328660290319,3.11869420424781,7.50572696035907,3.48168019644763,3.81273611730025,5.82042523429106,5.61885842434126,8.88326653955883,2.94798940541555,3.81247058838418,2.83999405748174,2.80057355199645,6.48709431965876,4.30810163918995,5.70260312656,2.95994737618159,9.76111461272559,5.65456621505601,4.42604290987719,3.07084079750788,3.14506625767886,3.54036225672031,2.89888446842028,4.99083040559134,6.93678381550999,6.26677601991251,8.97453402776364,3.43055633381207,3.63192709182425,7.80222928358895,3.8410763471242,7.12131429440378,6.37149864983216,6.43472696327638,2.97215777636581,4.99350493854789
"MO",3.2116739989002,2.80582148859802,10.3847337611713,4.39950989340523,3.36691273969546,3.09763137418512,3.12839675260982,3.67831382315424,5.71775788624046,5.65188397297184,3.83125376290817,6.68703448465045,3.8787643135844,7.95754020830072,3.67546138618883,5.85480104505829,7.45060540842327,3.3802969824078,3.76135719305337,6.86003317217053,7.90592654006939,7.79762382758623,3.11897343364215,3.31313920511105,2.87449025001048,3.30576080653977,8.5017041383606,4.73744004835462,7.7041585440549,3.0278961161487,8.86654148076086,3.17355625661418,2.97002223069883,3.27797190320803,3.24557494203515,3.64947899813384,2.9303903230548,9.03134188622562,4.69262852462455,5.7618440587731,8.85006483309342,3.42275642457672,3.51845656196426,8.56733517621897,3.64486727708813,7.6328396178457,3.60882460030863,6.0611324377803,3.12709222241563,4.00671400065101
"U118MG",6.5985593985763,2.69039920168599,9.82743355564832,3.69490175559731,3.46937858352235,3.20619095100612,7.261571402578,8.90835257178491,4.18374415803738,5.10777124731633,3.93110194109848,7.85063543978238,3.76883167786088,4.12633308413812,4.74646152058503,2.92558409535995,8.61964840298038,4.0166813790763,3.97691493254732,7.87503879490212,6.35545667113858,9.41275992237215,3.64317924551303,3.20470623727851,3.00716386234729,2.92424769750672,6.90898672564051,4.43128672988929,4.59414570896084,2.98636660418065,8.97283485259091,7.07770604915453,3.30793908019214,3.24975017510822,3.57185079312235,3.73744621256635,2.97683458006376,5.23074172850651,9.28245988438899,5.49904833055371,8.54711664216224,3.29266339207655,3.00248280941664,8.76779689734378,4.06411251148561,7.36656583091459,3.56769064035582,5.64970146573811,3.2276981121691,3.9552944251145
"YH13",7.4684612734334,2.92119611747288,9.12068627288444,3.88433275623707,3.79316510825786,3.29528669482942,7.80621044247324,8.89398433582948,4.37842244479788,4.82054296828669,3.21478053742903,6.22267794934832,3.85104786677822,3.56284312487085,3.78948830502258,2.90274498714969,8.87537239408433,4.05639327694728,3.48146203591626,7.64797656141678,6.64248831641945,8.80645114192666,3.04320525670159,3.40069516863601,2.90983238580906,2.88434363371261,4.91763804687373,4.72796651749634,4.71450286567181,3.29968936959243,8.81918397263106,5.07025901326826,3.24731718658739,3.34641638764512,3.44134900633619,3.45392736886649,3.04131479718168,5.05748325673282,8.9644488117971,4.59415955791173,9.01927592141444,3.56384602419613,3.14930187736015,9.26447108055883,3.95870801153651,7.51229576383295,4.78135536221695,5.65157977701238,2.78184059198391,4.00946906322123
"TE1",7.93354483668277,3.02391661482646,10.6929523097405,4.47845646287151,3.94586040775128,3.12456776774722,3.35884325220246,7.54055179367838,5.65294516111015,5.10895654289843,3.50456181016453,6.07884256841234,3.93029046022711,5.4569762099157,4.21651651352961,2.90478584698649,8.41003194366571,3.87300125838904,3.71007699449775,6.31701166575336,4.92220460994964,6.60020847389529,3.13896488783019,3.46800709860765,2.87038132414727,3.14013631897858,6.44290168602513,4.8675520801823,5.16394802833067,3.36257917612018,10.4618783685216,3.6939661569243,3.39640030089038,6.36608375441138,3.33643818250101,3.93051549162299,3.2534002598865,4.61225414860365,4.48860966909902,7.80551207898347,7.9126829202647,3.2482704629772,3.37001423880179,9.3158193315063,3.24509025776089,7.06117518320416,4.50001983991571,6.18311569659606,3.20614913614646,4.68038925117494
"TE8",7.23435495355181,3.02093551812266,10.9628738830859,3.78140978222425,3.28765610538213,2.92688946657944,3.17914267470429,7.60331381824096,5.24200255352704,4.74720880102426,3.20789217652352,6.54050505617948,4.12123151644489,4.01696116205056,4.35483790754311,2.97293412852683,7.97445013203483,3.4684691010913,3.70712972801605,7.03117189569694,5.11441460018208,7.29066260297252,3.01261958952879,3.25735140880814,2.79918860738688,2.94272485269683,7.05203469228884,4.63901411914476,5.1382874556218,3.15466229198328,9.96347953795397,4.53746104423541,3.20690856034492,3.54575045751592,3.83926367972665,3.7221727434477,3.01648054543597,4.46567768770092,3.34755016343363,5.80265256839923,8.6118113892201,3.3587285976609,3.19534713674161,8.88649222865846,3.61860273453926,7.46308800770955,4.27787122187045,6.17029764654372,2.94854506214777,4.96377886244976
"SIHA",6.67367388693251,2.71517527208296,10.3553811994977,3.99505218535278,3.76397036151479,3.27092534259925,3.29208980922575,9.01474952052623,5.12798216181556,4.6687914620814,3.3965159919394,6.42659277537555,4.11304457611241,3.32892917865256,4.15982854568468,5.91740796543304,8.46120609569156,4.08212100549229,3.73383169323341,7.15306253135881,6.88084694815617,9.22453007856254,3.00179323867113,3.33264389987305,2.92923578416478,2.87193413830706,4.97614963628058,4.60120715041381,4.66825974211066,3.11855876511575,9.56482622753477,3.97557319664252,3.17150901154044,3.22081899930988,3.49830199366402,3.67027725878353,3.17043713451278,5.3041706654659,8.6501337897228,5.61890449084209,8.45711972261397,3.42692636599641,4.05787656154586,9.39190268881475,4.68388761538496,8.34930366085188,3.72363116559548,6.36478647705105,2.92731300298883,4.65039417912307
"SCC9",7.98659176550301,2.94073221383496,9.80342056280298,3.85856356591579,3.41281608482155,3.51744328272221,6.21264729281328,7.85336492162485,6.56672705632863,6.30926297513856,3.72055006716062,7.35978669404616,4.00037882994758,3.34641200903466,5.08823673076236,5.95950526866313,8.25868663634395,3.38615190288098,3.1806013106979,7.23984039983696,6.28495066404814,9.18202039536365,4.49194618506605,3.39492638775383,2.91700016108828,2.7605895152246,5.53375552761355,4.4006164126876,4.6010929088921,3.28914290892724,8.31314606141055,5.1378815498617,3.24963315782073,3.38330414792244,3.75438016411756,3.76726506200733,3.31769213180951,6.63931810584059,7.65725792739747,5.54573833943235,7.69456121013185,3.39076324758356,2.96368640670625,8.93155855189066,3.3237829127158,6.91483433148237,3.78033412041255,6.0249360455187,3.71754336828087,4.16747537983766
"MS1HUMANLUNGCARCINOMA",6.30944540255874,2.70526660180669,9.64978507863021,4.35276987152207,3.84620618616831,3.16386687332216,3.26063394369387,5.24612232346965,5.14958286509646,4.35387872866141,3.82405281803668,7.24624456729307,4.77702931310451,3.35836126742762,3.79173396840975,3.31044397147698,7.20077997760769,3.89444498284781,3.35099096291094,6.43313362635141,6.22875621985206,8.85170567736774,3.7366831000511,3.22958660281589,2.8576906500672,2.77821236035488,5.22563974082589,3.81550111143821,4.82804134891724,2.95579652594034,8.7660404899012,5.14929628788778,3.49368783961647,6.01423881577598,3.90894719292625,3.55149790261263,2.93922435627665,4.45911686823022,3.59172709982131,5.96310251852906,7.11471063308199,3.43901522829602,5.13549764194144,8.23534647758904,5.16049167913353,8.00956586364605,5.89395522216412,7.60409067829959,3.4513940084835,4.90819227255148
"U698M",3.2174421093191,2.81204813616666,9.6507028597683,4.60883301768961,3.9398851127166,4.87890143660778,3.38777097177567,3.50087062311485,5.72610308772734,5.72366778621442,3.69761305651462,5.84206988364474,4.41776713292448,5.08292176503957,3.9723363822697,2.99163056115754,7.68745324745422,4.5810515344541,4.06914780364852,5.52107381032658,6.83871589887171,8.5046298452455,3.26118846369992,3.7076102013074,2.8064425787632,2.70816766682148,7.04321848964755,4.09324481681721,4.48029450748884,3.25181791223858,9.29602304995261,3.49283405572105,2.87490573336298,3.40564394510325,3.47152383857211,3.57632615785793,2.99463389116796,5.32733344492568,3.62071929416838,6.00284917764388,9.04021460223418,3.76907324809615,3.29880062248216,9.43000896922187,3.36894201917484,7.59022666875577,5.28824653755936,7.27097148001959,7.7567939150358,4.2734701075191
"YAPC",8.32985737239781,2.81479217217733,10.1405262444046,4.34873365933852,3.99219624668697,3.32985302564076,5.58044011157548,8.4621431486941,5.73005775678978,7.2062284816495,3.71196860306735,6.15650997152741,4.06172089948394,5.81123130934048,3.94367210017547,3.2900278841423,8.54056428031726,3.83237072071007,3.18122756842932,7.49674272751598,7.13067810516492,9.07686615942086,4.68771023060559,7.29740240731868,2.84742856123972,2.87431901948968,5.98837154672811,4.82379325576487,5.19174397536836,6.12381703607372,8.75669655844009,3.57269285555895,2.59733000305426,6.23630830479432,3.579913297665,3.57840434281974,3.27750662708542,5.79336179280209,7.79745837475767,5.07220013218835,7.99709526430901,3.6813969818333,3.12489293360063,9.06969375993493,3.45164872041586,7.42030485019704,5.0320715460026,5.46402203015113,3.10202698941106,3.57136982144265
"TE9",7.5662727362446,2.97178219094884,9.90232701694086,4.02031904242042,3.60926543443921,3.2580637451042,3.63485423055654,7.69241551408512,8.19145489365745,4.42157642642981,3.52490270856326,7.25382392700806,4.60488526383588,4.06024534927694,5.25595994322247,2.99398654284737,8.13252245566813,4.19022504789638,3.63117957709334,6.90182072934753,5.45295090881247,6.97462087294206,4.57550473633678,3.16080355950673,2.94302043316554,2.8654985492867,8.99417485202147,4.36246691168486,4.57128904843717,3.35009424449659,8.95860470601777,6.78828032204004,4.1536406862745,3.3768976884869,3.50624296459728,3.70546500391849,3.22611672720909,4.94599658864087,8.49995777533462,5.99848523904636,7.6519427218704,3.48305065176244,3.05357829863268,8.03025059168498,3.37015693421632,7.53868803006108,4.2559392452844,6.3635045832106,3.55167752762933,5.01536888711806
"SNU449",9.2993826089877,3.1386098636175,9.24875188820245,3.97498409857533,3.58856122829738,3.45247504000722,6.48022844861868,7.58623216288899,5.54749036970053,5.92413411319551,3.91497781435157,6.58300385902037,4.28049962823069,4.22076200922394,4.00770965047372,3.09443922466913,8.97720382408888,3.89973820492152,3.90156275431482,6.77985263566871,6.14739946902196,9.31038800243104,3.25400901380947,3.56521115073909,2.79899915679383,2.76805460910019,4.58450967395474,5.0425751612593,5.33529781269093,3.36639160093224,9.17401632991287,3.83927484606905,3.17912300156863,4.50636892885954,4.9056956748666,4.01725457963509,3.31267762278502,6.18425334342351,11.1128211621229,4.85349917701152,8.47566276861492,3.69571098034733,4.98846894773176,9.33586508721113,3.35465912165405,7.06812855012659,5.09900198662807,5.5243842773106,3.26008201241791,4.01006281245148
"SW780",9.80099012106829,2.81895830589889,10.5938757124851,4.46621722047919,3.41263174029282,3.75406974676148,7.39862236852629,8.05896869287928,6.42923697436311,4.92401726585296,3.74616051329037,7.18175218686264,3.84593912548588,3.90057659185541,3.89109688060113,3.1751750560624,8.90051438132292,3.85775055993905,3.70439533184868,7.22445229893182,5.98605343706049,8.07813217110038,5.55735971101121,4.11691760522632,2.78316242077916,2.82400974451727,4.8890801498489,4.40975969775899,4.95572130415173,3.16791931405943,9.29490894465189,3.3297860255524,3.27753481261742,7.46384922290992,3.45192916228304,3.7836826687955,3.24042470572116,5.25073826025593,7.40761581134151,5.10042002828138,3.26887228570259,3.46145035973865,4.32066413509638,8.3709502936764,3.52305048526745,7.39617630570007,3.77983972004273,6.16489786628982,3.30337330773946,4.40509573789191
"MOLT4",3.23838337276342,3.03710373277936,10.2919370795001,4.18227863120516,4.84748623088803,3.45817417556356,3.14340499336438,3.09015177254679,6.36416510344351,6.6811147310393,3.15687702889801,6.48600103435818,4.80668179368145,5.08757538374365,4.02297116253307,7.51068558717526,8.27581827714995,4.4449637942554,3.86149846906756,6.64424837063448,6.39484113549565,9.99277383193023,2.9297742695367,3.3199870178109,2.94511628343384,2.76869310430637,4.2385257382368,4.18112896863084,5.06251216197497,3.33048898875693,9.08413633482089,4.72155868160918,2.94779467021638,3.44710323666251,3.4866774615951,3.64486091042949,3.51065552703923,4.29499096387568,3.64120722605141,5.67540603488682,9.01013865021913,3.46266812543664,3.55871120546627,9.38904064238312,3.38756526649335,7.32960787289566,3.82075079468089,6.54164935379499,8.47455336817191,4.46487177773561
"ZR7530",7.11795979453764,3.09678312034064,9.68921927053548,5.92406898668574,3.85264565184574,3.3683346470347,3.28806166555511,7.13688894343325,6.62207265218401,4.56363731598951,3.28723889212249,7.80548149089834,3.93856332523192,5.34985541608894,6.18491088588562,2.87849856943925,8.247823170947,3.61696689789381,3.55445543941601,7.01772186792503,6.12903946339649,8.17569134644374,3.26678126434123,3.17375033993027,3.00562351888424,2.97061939926316,4.66228047128572,5.88832679953582,8.24811423545671,3.40287516401652,9.11939464947008,3.74511102045799,3.11426195404672,8.17942992017352,3.75512170566749,3.59629982163307,3.07098672642277,5.53247217208119,3.27961471919157,5.04691372618513,8.98498926153792,3.49285225871059,3.11257285486795,8.80705235524635,3.64943335759924,10.7761969540582,4.56120085871705,6.23054005998054,3.25335371347816,5.71297263361327
"SW900",7.75436298143924,2.81500308839034,10.2147378181688,4.38725152654996,3.94454070709023,3.0872137224749,7.49806171795203,7.79040277000335,5.79438022818407,5.58548827760083,3.77423538883652,6.97107608723072,3.77787146754926,4.9537477451913,3.75927904972372,3.63178387722338,8.72018719674694,3.80894847463021,3.37585955732188,6.8486344376157,8.05771453789252,6.92952118692557,5.85621205164495,3.32299508147846,2.85095638626552,2.84729212670735,4.67697320537657,4.2893911203368,5.02485188284801,3.03357932979207,9.75433169372978,3.89244099132167,3.16293690795807,6.92169482436814,3.61877663795979,4.11911565119721,3.08821983487717,5.89985639240429,10.0023187901516,4.92370439085692,7.96551661720746,3.45306395736982,4.00199493466166,7.98958079645029,3.18766639033207,6.7524350751622,4.99201659010952,5.7462736121863,5.76191124393049,4.17525981206992
"SKHEP1",7.76533908063368,2.84702766416695,9.33263148173062,3.68369080779895,3.32288554788297,3.33544228711876,5.93906945539566,7.87719205123551,5.25939257499307,4.97867880458178,3.4031232015307,7.26848252083099,4.0253082203175,4.13072605206956,4.11454108869984,3.37962537250037,8.34983413998017,3.66227723347794,3.66286024387366,6.96915090711165,5.79452460304023,8.55186087843829,2.9894057611772,3.28368436819534,2.80968707907251,2.73470788065934,5.14917222237489,4.7783113868506,4.91173991206775,3.69136265578167,9.9829030913374,3.49042182113771,3.12435061611743,6.47881434355288,3.63694123458833,4.17116008363704,3.07007457822899,8.23334465323133,11.4455081037383,6.13042707579627,8.34819560807848,3.61838358913641,3.80718596035531,8.53695545613631,3.77406755726627,8.03647088431807,4.37316234679485,6.40182539398817,3.14433106779712,4.24156651352123
"MG63",6.71001358306879,2.72356719492554,10.0451256477785,4.20082619645654,3.75814061606732,3.1467438385764,5.3749625871039,8.09376196420455,4.55056508232426,4.48267975306943,3.73416154362975,7.72040142875408,3.77920003297804,4.25125996606736,4.49877799252107,3.22909093974409,7.403657547573,3.44429550686624,3.5260895709743,7.12369550422415,5.0943595999126,10.9834006776998,2.88316242067087,3.10503284386481,2.94812359550812,3.04751016126873,5.10209940489435,4.70425103975907,4.15849194850758,3.6858350466816,8.60261520924113,4.24232606379538,3.70985624205376,3.29283232538028,4.48564806154266,3.78105665253741,2.99630289622602,5.20428134170147,7.21005678618375,5.41234524691766,8.21436409885965,3.56962683247219,3.46347140302836,7.93841832942299,4.45271583008739,7.52913858342445,7.19141838086681,6.59966096791412,3.15286185668361,3.95769417823619
"WSUNHL",3.25529756541789,3.06231487115245,9.50813008731038,4.73553847895868,4.88401507735922,3.83265915120266,3.33316268636142,6.2011968700444,5.66488768747818,5.25535007262994,3.95142593414693,6.95980219936838,4.63099180968144,5.68394090512768,3.79771377483127,3.12205546334436,7.8577621426568,3.87073921019738,3.88089814603762,6.67791238455727,5.57194065981216,7.11108776114755,2.95152727513023,3.22301551936809,2.95551653552997,2.89615831522668,5.1295179276542,4.79494335866116,6.2618799355314,3.04005444869519,9.09128609838701,3.51256722320506,2.92834440694768,3.71592080616771,3.58647329887002,3.65513562465397,3.24744219572833,6.42154243968566,3.36370174961168,5.68483804110516,8.43774707902086,3.56848773371332,3.16034243011109,8.85792638758071,3.83323757280141,8.02796190639046,3.50381871077875,7.08269110526947,5.82360337052225,4.65316316941727
"TE12",8.05645123230948,2.63803142553318,10.7580354702462,3.97941312367123,3.79207600331561,3.21274017616151,4.93861794124482,6.01586929875708,6.54717326144762,4.3879511422778,3.41429446260004,6.69256135357603,3.91609035422356,3.09381419500353,5.27753888663688,2.96948437172306,8.64157356534582,4.43256831715026,3.59951074514575,8.08400278593391,5.80837840717287,8.83898923968856,3.48385548547368,3.19028930445703,2.85857694983103,2.76152894608814,6.16219235539929,4.42977857048418,4.73655518201981,3.08118225340114,9.82449817859299,6.92811050859995,3.54559992777583,4.58937374257171,3.92956727892261,3.69680703392233,3.06678045931785,4.42122372948596,3.05641557726311,5.76629712359014,8.19125911451669,3.47978309506133,3.10669419885434,9.19659951742168,3.16403550881938,7.53572887235488,4.41869302230026,5.72491402391164,3.1789703440796,4.92798210570546
"SKOV3",7.28547021139396,2.87582066062742,9.47397469801004,3.78989187871241,3.01297547098922,3.32201008239068,3.65997097363753,8.17564010045444,6.73024353899367,4.7707873558805,3.67783414105492,7.51197649279373,3.90411031946879,3.93273931709855,5.23120202312635,2.90546377919699,7.60427656608373,3.23671750874192,3.21998494287266,6.50583103138787,5.109396661148,8.26696613612446,3.46316545545641,3.56425723064562,2.93589433525099,2.87356168177425,7.43537655202164,4.51577834470307,5.24068420398681,4.16013083066956,8.15192491930938,5.40367076743144,3.04675014075365,5.12938400264664,3.90862309565055,4.1389261962279,3.12165601926914,5.53762611279002,7.28075619383405,5.51474633209986,8.18113041780066,3.93923457195613,9.95841986146528,7.83462112810886,3.35822238349652,7.62205027034921,4.26499854526718,5.73908805379173,3.35738903918411,3.62406823905059
"ST486",3.42596256473866,2.97649626110418,10.0311588011002,4.24890849484047,3.47322000629793,3.2035758455799,3.63647991169985,3.38768138087452,6.34098831282797,6.37647921439645,3.45949561378816,6.6739474628798,4.16102992929124,5.28150928212501,4.1111885292426,3.21761544801697,8.65956838140484,4.2791888041563,3.64761798520943,5.89389033424632,6.36714594164187,3.83401921034645,3.0940556232168,3.14047933008152,2.7314733599088,2.88979924629295,8.0915515387072,4.18443942401922,5.20723516317728,3.3898595037406,10.2724730818988,3.45188670643411,3.06527879070051,3.82575699654571,3.5407194368642,3.82138448560059,3.25061692778463,4.59452907702751,3.65986949307607,5.44309893445183,9.19488996399014,3.88651229786917,3.25285591199753,8.35504797703971,3.56536976429268,7.71200103450375,3.83442501312057,6.50818312950649,9.83342879682619,4.39333340688432
"ML2",3.54267620943139,2.83373448470081,9.72663440102576,4.19971858635123,4.05761522203512,3.47558858074975,3.43679639197731,8.42429811462567,5.14495622660982,5.80737747444876,3.50749696332936,6.46331462662122,4.64322939741803,3.5739096198828,3.86090668494144,2.9730404906919,7.20395101743762,4.3039544193835,3.81673823771355,6.11076439807817,5.7317843629219,7.88013430089002,3.00449123409018,3.45272750413408,3.06768739093892,2.95405759951614,6.71494342143909,4.40644218938189,5.41874427457882,3.18111481136058,10.769886310679,3.48171677915977,3.00994863804012,3.48328162752577,3.34256555605514,3.53764985396667,3.29874752486718,6.11655696547218,3.39892465229138,5.70356463672214,9.06599779435924,3.45689162110275,3.40473257715686,8.24137011064944,3.24456714207538,7.32807276692667,6.57195621221058,6.26303448987442,4.32472566287016,5.45212384424951
"MHHPREB1",3.35507868193959,2.98127694096377,9.88158153729743,4.27694611429772,4.00257979449682,3.51263770761874,3.29567175395184,3.26236322170192,5.68241318901969,5.57214916425032,3.02897271814912,5.26515382750565,4.47235115703644,4.19624898923531,3.90834896553286,3.22419236762138,7.11060430541292,4.02225228522277,3.66311846847098,6.58549634802606,6.4069564513288,8.99044519351913,3.20221154782879,3.20246231576099,2.92807706314014,2.79821290424317,7.42338346717997,3.97008717469818,4.76487757403178,3.23397323549861,9.2934860490304,7.42235111110056,2.95620916972596,3.48943529947582,3.47295241537566,3.68619592112285,3.22307170361554,4.3908914856817,3.47827425056843,5.23260942033825,9.50609295075605,3.5699372661854,3.23697309052184,8.80469203598345,3.48913902893885,7.58674454718717,3.99804451159072,7.38147891622639,7.62325746135695,4.79070501513152
"U266B1",3.47720975928087,2.70752367428239,9.70995435528278,5.45696983255831,3.66532203891182,3.4347383310457,3.23463527475935,6.05321813307856,5.94091585871489,4.6237883244395,4.04957404042082,6.99688113248996,4.00334502598652,5.95773311530608,3.91592516091563,3.58503837209341,8.43842155585692,4.26170534481187,3.28011993557848,7.34201103770842,8.05191264552827,3.88705073990308,3.04992704534218,3.31406646907292,3.01010365936508,3.19648857646183,7.79534850937995,3.93538665870235,5.76928325085519,3.20516190467386,9.91104491518747,3.39889590766507,3.03309791421439,5.00182350431074,3.4973385348292,3.83262032979506,3.2635049774612,7.7895390062282,3.42101193529873,6.07610617764062,8.90832862775086,3.68805555886416,3.33851044497341,8.95725783574133,3.66371167539911,7.37879805129685,3.52091562970248,5.97912453152096,3.40224372279867,3.82228686225961
"SKMEL24",6.24646491474471,2.87323475950401,8.93237512534598,3.74568126588741,3.5746767123305,3.51678752192848,4.76983068095827,7.75147642826127,4.74861698277169,5.17750330534566,3.69967257373956,8.57961411811965,3.5868842154446,4.67641092392186,3.96802721535749,3.00316182167332,8.30155081281384,3.95242179008349,3.33047408940652,6.87964675656819,5.42317038817779,9.98781844408085,3.15541025780071,3.55132950890392,3.03059571290783,2.865240521508,7.2351146581236,4.48322062746251,5.25917740733211,3.38839607121688,9.44124805578379,4.45989028290556,2.80567092441545,5.72526232202942,3.46141095492934,4.06298864857732,3.11229580123461,5.27911633135639,7.94751710784626,5.43412822738412,7.48176514986657,3.3767169114542,3.44924757298405,9.12107961699209,3.86447158916855,7.05509470108537,6.15547116662264,6.29802264022225,3.3952752053906,4.23312787714962
"SW837",8.14163029118406,2.90976281201175,10.0726385219291,4.52973343921905,3.61833010250403,3.12229975152699,3.15736899063526,8.8141764792896,5.84159975320629,4.92191634897243,3.56354569681659,6.72397224937655,3.93973959572847,5.78786547305643,4.21647895368707,2.94045859217228,8.59184823277907,3.53980772146885,3.61500038348737,6.0145088856672,7.65395940092153,5.73731818792059,4.52325465744336,6.19745343779344,2.85158024109334,2.85378774483777,5.50495169083455,4.42153258565634,5.02978551705102,5.62500278138632,9.56140992191548,3.87327012866368,3.07599613541104,7.62884157873516,3.84341724904137,4.16339905659824,3.29197510638691,6.42771272238028,3.39259659290968,5.42207012110088,7.83389839714099,3.44907378003909,4.01164912117957,8.87904224790902,3.53309018598494,7.42480141366269,5.24433510736567,6.17238267869201,3.13258360573611,4.65132879308998
"MRKNU1",6.31704703103051,2.68645357951292,9.58718472764626,4.61175160821601,4.25509389152709,3.27330602925487,3.39331476557197,9.23446994169837,6.5720832115242,5.29481991011537,3.39762636596647,6.15440529483383,4.02913029076839,6.06927507446629,5.05182164936737,3.19384146894694,8.10002368493584,4.33945610532557,3.23705857633804,7.04932433221458,6.04836901656858,8.40834230496188,3.40759687629011,3.26529438545834,2.94946370864031,2.90033206045209,5.60069501496433,3.87134207178616,4.59681552336751,3.76235886912086,9.39325723677442,5.17773151991136,2.94038545333138,7.620140530203,3.87689407948695,3.60128121261437,3.06920380941789,5.19762546920463,3.51227089021287,6.25736279711273,8.27882744440526,3.67510111912592,3.25048530561558,8.40747040773974,3.25084100603281,8.24872388160715,4.53848300563986,7.08194501019865,3.63722300684101,5.69907342284807
"MCF7",7.62600513266365,2.90471940986097,10.0653936030686,5.08102762650224,3.51762198151,3.20641572466434,3.25331107743457,7.28983897727485,7.04985675338635,6.17537429468451,3.48185111210322,5.91089086275904,3.33870367873652,4.37716035304437,5.11913424855655,3.08847532451465,9.19394415837101,5.27788687282115,3.68830426282348,6.43616151042412,6.73428626926465,5.866278784175,2.84235898904625,3.12264203009175,2.87074776624073,2.8353239161574,4.93051578706487,4.02911324256658,4.12580799626948,3.2316486068086,9.03553486615508,3.4894978431604,3.1839232717922,8.3815146766058,4.18678757527507,3.76777417174625,2.95415813633653,5.3566504789862,4.42329205492953,6.33186480604047,8.65194375188745,3.46122931843717,8.63648567934601,9.97912872908416,3.32064182038827,7.4907980741334,3.88900318358151,5.70571727148969,3.02160266952566,5.64870295971521
"VMCUB1",7.18923496256261,2.69137896163166,10.1830699156887,3.51291852762487,3.82228253515095,3.32077738407486,5.63442135914,8.45787266789505,5.25150468251158,4.94847072524198,3.73451588435399,7.17233882470734,4.81884099765589,4.61453680613646,4.12205106213762,3.00858069807789,8.20765714500618,3.84225779807217,3.41794017617655,7.65244995528806,6.13678286643602,8.16689992996795,5.96472521371238,3.22901304407884,3.4626341971667,2.837657426185,5.81075092774747,4.45354150886222,4.87926063959564,3.65460504551809,9.94846646987311,3.95712154822434,3.71224747868491,4.70362705652057,3.44453605459296,3.86885833484501,3.01186322213131,5.40323536550397,7.13323117168797,5.94056359646311,8.1032374071471,3.34779227442515,4.13928035937271,8.39959089438654,3.188280983958,7.69402774448868,3.6907976227568,6.80303741770367,3.7604535580258,5.01664709865593
"TE15",9.81109486751702,2.881706045513,9.98786718270624,4.91157953450031,3.16436955007335,3.30695862670362,8.2673011960186,7.16559564162341,6.34344562023995,4.30074409409146,3.25398779763941,8.79545454643945,3.9001965397392,3.42154703383686,4.91044990284852,3.05420479422384,7.68127373546367,3.64668110699773,3.30570525040132,7.70005662534538,5.24039162052662,7.4182883215643,3.63083524938282,3.56850298225409,2.81050529872306,2.7947958778833,4.36803243832326,4.46914707829703,4.44897067795634,3.13527086008257,9.0967886609588,6.82327486294596,3.25123074518906,6.79212722480203,3.32513674289446,3.63401406807652,3.15395227193942,5.44880386624678,3.51278369282098,5.18676202493461,8.5213082467717,3.58139177847958,3.07613148224197,8.75545498568286,3.51146308688319,6.55049171047807,4.25930247650995,5.69123521269995,3.71442281003278,3.73010453097372
"SKMEL5",8.59976804919429,2.8239110025131,10.2350709998095,3.59851504957413,3.53623034183792,2.98914675868383,3.34315011998348,7.74002764510026,5.74034873252316,4.56670292229911,3.48783461895661,6.54402105867453,4.31094193576845,4.1620196006737,3.88289037448525,2.8519595717481,8.4384187434049,4.49632752113297,3.33432130393342,5.01613225712529,6.02908101117882,8.39670282427771,3.0731401497885,3.30512799203441,2.94500497114339,2.70212621041282,7.874029497763,3.71149949964325,4.96134822080817,3.00758641239387,10.4000729843777,3.50165657575249,3.09250751222674,3.29468068442467,4.54018510509155,4.111385204512,2.99507299086762,5.43682370211524,4.88400405038659,6.22203911165814,8.16200509424464,3.38485104842586,3.34399348763868,9.17880062253349,3.23806718587435,7.32827247906487,6.01030605133479,6.39131003293769,3.29714152957721,3.93261224742367
"SW620",7.81987062044302,3.0594149633355,10.0021288945193,3.99124363383926,3.40065877652921,3.46521873143503,3.28043325210147,8.09876473244381,6.01528140761056,4.77780314252919,3.35013710820646,7.21195557307787,4.70879092117329,4.53099878295213,5.08190925798076,3.07797949984837,7.97380705024457,3.72678874580444,3.70312319635773,6.10943755314318,5.39120126110379,7.01620554532391,3.3570954957381,3.91508938190333,3.02461447625015,3.02324360468076,5.88765629879556,4.44784832802757,4.8075067709622,5.224633620246,9.5851397708424,3.62508112919958,3.15384708927667,7.6976243097412,3.84515159337468,3.69027647515813,3.05785292257369,4.84189698219727,3.89061254382697,5.6719160114666,8.62286591970111,3.47282763689865,3.30065237831962,8.5763728487659,3.33334300049159,7.91252879628232,5.5369871003059,7.35232351525215,3.49615806870802,5.18942217794858
"T47D",7.3413503988863,2.81860350928273,10.7872956131062,4.67427269722679,3.48377365301833,3.32080264803436,3.38418463227324,7.61778348483742,5.90419548120779,5.0644692261804,3.81661528617608,7.20409009229098,3.8450674983412,4.56273279503294,4.51855970119441,3.24610033647226,7.90142898481278,3.69660644375159,3.47122115587974,7.74147150245877,5.7637242299755,7.95376417751866,3.07014282693311,3.26147763465132,2.91016133913857,2.82071505805866,4.95791118447836,4.12436862264613,5.18756251482257,3.5546056109575,8.39372943364917,6.06070338410081,3.02303685485645,8.08022548039404,4.01930416527539,3.6124160653293,2.93289860100483,5.10568495848686,3.53292133425779,5.67110803240033,8.24023144470407,3.56527114114809,3.22980017654224,8.45142834109773,3.22852949691017,8.4127873478317,3.6513389454214,5.91533201478552,3.01527275012619,6.16871607289441
"MKN28",7.90508398527694,2.77125316927772,10.1056724035646,4.14236247984546,3.64589730561942,3.37325564505291,3.13935488347102,10.4007636135769,8.60344594702597,5.39777522139966,3.7477306087004,7.18304343484216,3.65930623430828,5.53220871323479,4.00310404257029,2.99557618879004,8.53653747002611,3.72038296052363,3.22202272647012,7.78934405153298,6.33156182019939,8.94951805423885,3.67351924708026,3.16986544665992,2.87071438426462,2.87828672414552,6.09227823922768,4.70190279645919,4.82465415682732,3.17444515034938,9.26054991574988,3.43432062656764,2.92501373764866,7.58794807720445,3.65294771637453,4.06152466493883,3.41743605971673,7.12524917755115,3.47828250983459,6.04790278833299,6.82602313081048,3.29378539350903,3.23299320130794,8.55764776566768,3.26812239518411,7.29902096564495,5.85194895612105,6.22608543245243,3.38435590512539,4.25260788718688
"U251MG",6.5298192326077,2.94834981868319,9.17923506782997,4.17420403739474,3.6525875226924,3.46513859149794,3.22454381458438,7.54101957506357,5.00246770181699,4.30552574604076,3.71133647372868,7.40623194105605,4.2583604267587,4.84398046282547,4.26144730709799,2.99161493426157,7.98438566229534,3.40215365911807,3.47700075123844,6.32919335682255,5.3623200989102,10.9124384474405,4.81494740720172,3.28261675632405,2.90066471328457,2.91617642739562,6.17386051921016,4.51655529216334,5.19552232255738,3.10834702299767,8.66304002015714,7.50142051169894,2.92122425503604,5.03063519306485,4.09791561705984,4.04429896367435,2.9004053695816,4.81766674168186,5.90439615455659,5.47016193913711,9.21235937336791,3.40888375431755,3.22067646732689,8.93049858779038,3.75516430538598,7.32259036575634,6.44214988446363,6.53975913638308,3.04265947011229,3.77645585293675
"VAESBJ",7.79602455885952,2.91429478114697,9.11923913117048,3.719316705369,3.37206643066077,3.1339065666405,3.44064084976688,7.67899461779017,5.30161453325939,5.57950879586654,3.701760705581,6.92401944630852,4.0929375180299,5.76021325637589,4.07122609255771,3.12382941613249,8.67636842336214,4.64104145626945,4.08725387338288,6.3249708613654,5.11557242372475,8.5055145429779,3.19515587199626,3.28178483309437,2.98994321494605,2.96639111852145,4.69812015969103,4.28503247519343,4.55677070254734,3.25129949005853,9.13197439017635,4.14674590047358,2.91094907587622,3.9900189788402,3.82626068264696,4.06480596619379,3.43449170214505,6.91375772521457,10.1726702669651,5.35879108945219,8.41312241033618,3.486481912591,3.32769481886999,9.21195427827722,3.51113849070438,7.2461309764446,3.99890156832057,5.50001926368981,3.16399193255878,3.84827746952811
"SAS",7.50014127841824,2.88382854794297,10.6033470959774,4.41721220428898,3.82835355452205,3.23518241802625,3.34076811411193,8.46566958062971,5.45861804984976,4.57404516997275,3.36671069711598,6.03073905450263,3.676364501988,3.82197374057948,3.9253897845081,3.17656154526898,8.22000957448304,4.26648134957351,3.38901775593815,7.39902345595503,5.97118369455728,7.91971953321719,3.9398533822262,3.17624670522969,3.06133515737845,2.79267209800635,6.52161389157906,3.99795714159857,4.90638261950378,3.20050414029953,8.98950174858883,5.46034979998803,3.2839964848205,3.53835261632073,3.36222384936163,3.76641207691692,3.07704151091124,4.65563631856339,7.45105831359981,5.5847809122485,9.03636393116507,3.55637797883373,3.39488985137261,9.01919272828851,3.30755591807955,7.98527288740237,3.62526790367827,6.88618695204825,3.32849175855398,4.54700921685897
"TE5",8.83546445529097,3.0493931279077,10.4525433165973,4.19327018177566,3.69257667247568,3.34802049890622,7.34628942324474,8.57658555790389,5.96696823318584,4.39557391360033,3.54554751202833,6.58114772922536,4.21320107244726,3.67202166826213,5.37813579864565,3.01079098436116,9.30193381735717,5.47209688145813,3.88782227725092,7.97153808541586,5.46722438138396,8.13956653358086,4.64507201691635,3.26437183008211,3.14588791691099,2.81253106256406,3.63800439301343,4.79781844757968,4.56086152510377,5.41522034647117,10.0970497134184,7.21743590874395,3.2013902898313,3.4878308898136,3.3892308793457,3.90278822577323,3.28771832813541,5.00481275628781,7.98711144354946,5.38517332521557,7.88425606986898,3.40435455345509,3.23178673059989,7.7225901529128,3.24493351095154,7.80669388292708,3.93409668019184,5.85623373134234,3.47519386625649,5.22924508387893
"TUR",3.37523818147061,2.87076034890042,9.74486718848462,5.19007426884042,4.60703713999302,4.67707794452255,3.16225269996781,8.1482411297926,5.98094475881281,6.93525157633292,3.42973572857353,6.77265143106661,4.78344264925001,3.41734899856786,3.89119039972228,3.38375857398944,7.81443522889237,4.08261617250348,3.6920360512598,5.59306755505534,6.41283882380518,9.08917181908462,3.02603092291963,3.51224619064451,3.10102071711673,2.89842031499686,9.82659323013829,4.46267318351719,4.40098110582676,3.3846473950483,9.80056692391265,3.2583048248094,2.99086147941343,7.03751268255863,3.47146173310959,3.55283885000538,3.45266868706998,5.42731930965713,3.45908210015527,6.60181460542803,9.57613502894872,3.46891161908795,3.30508135717116,8.03005673393825,3.16703924295066,7.37618061665194,8.04189803681338,8.23676937933946,4.90415242982568,4.38008164272283
"RH30",8.01421233989368,2.7808210625985,9.8742059987202,3.52630126325198,3.65263401698485,3.25609326065881,7.39515174148134,7.39883397662302,3.86014724815828,4.44164422748464,3.15077790067377,3.52578223112396,4.11455285400938,3.52349760253668,4.08335836885556,2.99764937201928,8.24049609418002,4.25288777777054,3.2885465294827,6.17101661329258,5.32731776202921,8.23592460173121,2.93310315703896,3.35368020754737,2.88552006941972,2.911600748823,4.75931342490773,3.65179698486203,5.67923160549267,3.42985133031605,9.43545953414304,6.59163211063998,3.8692054053544,3.2307582636353,3.75889759404228,3.90299183756044,2.9678453141646,4.58384166560307,8.9366832610317,6.23068720109462,8.6172519600776,3.53538064613784,7.859283408773,8.6188135349889,4.32934020077276,7.72022721295748,6.20856537820225,6.71877495250463,3.30378885744834,4.28296672193781
"SW872",8.68770496672533,2.77189809816622,9.9944594066285,4.00887642659514,3.19211487730137,3.35824616619675,3.02494152360919,7.23045482410969,5.9303299480958,4.69180388998505,3.40748784584036,6.5549458865564,3.66202868514633,4.30978329601845,3.96021147464685,3.02161784177749,8.95026221243267,4.61450495293749,3.37189810554426,7.03680907968101,5.31598037209102,9.47327625487212,2.83975364605985,3.15581537215895,2.97059662460707,2.76349769475351,6.2505914745129,4.58056269949752,4.39669852920354,2.92196027868125,8.40787418481409,3.59428195194503,2.98862812018936,3.48919323136759,3.55498662754327,3.99317990137828,2.94975969057157,5.26615133157845,6.92112226531447,5.85159521698098,9.07090995396127,3.3971773819892,4.58739806378877,9.40538086855074,3.6122651590699,7.33118560006618,6.58980122530032,6.24755981881973,3.18596496970046,3.49640201352269
"SNU387",8.7431964673168,2.84484602803637,9.73747230177181,3.80311976265169,3.46117622395135,3.20137458936936,8.5408575366661,8.82453811430702,6.58948958053514,5.20670916867987,3.24508343210295,5.72309400755304,3.9616831604589,3.57180139514363,3.96899666959558,3.08906147093175,8.21597689005574,4.18211913468978,3.35315845050605,6.85814148185585,5.88679290895213,10.4178506213467,2.92916737986375,3.289803077514,2.81622109378071,2.78349276537917,4.64516135013025,4.51331426008275,4.58212298835121,7.36659122820715,9.51493284537299,3.31659384057882,2.97790494163966,3.13950941746503,3.31714492323072,3.97191629005087,3.00754124608544,6.48747782988901,11.2158445426282,5.19153367819531,8.28104477470952,3.47631587618331,3.99459173109022,8.99931531060977,3.21899043115214,6.48455479750695,6.63941940279224,6.67923646021371,3.30851255001591,3.79560377304102
"T98G",5.66249843704373,2.87042800608758,9.91069467107877,3.98677595736047,3.68095124286063,3.31261871598019,3.37104007666607,7.46362798996747,7.41206547695192,5.55043074590302,3.25122472348645,7.24361458299713,4.30466221295344,3.25894361571624,4.08285178210946,3.20701479148345,9.67802659429767,4.77994531731844,3.26358254639702,7.23002133425559,5.81170297598983,9.65586723060281,3.29152641383365,3.33685057741582,2.80397647517836,3.53390446397035,6.7197367849163,4.57849635360047,4.74275757052072,3.22669027880352,8.95605340742793,3.25601963468508,3.25163424416378,3.19950196375376,3.5516928692194,3.81635758510214,2.96264011649065,4.9694240897245,9.92916936134774,5.90896510201715,8.15264408218856,3.5711584115097,4.46752689479528,8.43633329826952,4.06525605092945,7.71633871816759,6.46129863974801,6.39934434269208,2.89729014951801,4.26754291017555
"MKN1",7.84176514674322,2.60790336947125,11.4277940971131,3.80393873497124,4.2093552039894,3.08957702614813,3.24464463173384,8.18357285015897,5.8915530276558,5.02128616343732,3.34770255305213,6.47981812674549,3.98404744072483,6.61741538774154,3.90922225877719,3.22173192341506,9.00451839222067,3.96510970262434,3.27053661247021,7.18492677905802,6.62844395202831,8.61963554309966,2.95186393215354,5.83263995615925,2.80236349409927,2.7366830790354,6.84205618331707,4.57030483605663,4.99459523775279,5.11657928320698,9.26902351486623,3.35137583661879,3.39068505466614,4.51229036031634,3.33299337658148,3.90634899505196,3.18513745474,4.88634023306504,6.93934097409166,5.98525803877493,7.85563683259893,3.22015177242071,3.74866555470261,9.47189457248556,4.91012183768105,9.25301260306773,5.42152066920447,6.46183482523904,10.3186488306414,3.93642015988638
"U87MGATCC",6.37444529632578,2.99729539130321,10.5368851479433,3.36302461190246,3.23795105083844,3.37384120880855,4.60953780217882,7.95771189610883,6.12712598171322,4.99895483878166,3.3710632984517,6.46018802145055,3.52681612198591,4.09899237844353,3.86509363687758,3.24155860785266,8.6940879390864,3.6444493478455,3.77623328674691,6.86687932632478,6.79306553552388,9.37924843114132,2.9430347300953,3.70249492032631,2.86867835430627,2.95934200642968,5.19459867071119,4.87382864251965,4.74023285010033,3.33757020709562,9.44576258766271,6.39963693568292,3.44536427369048,3.39930661368548,3.33555312179336,4.29827900374554,3.11761770744157,5.08473153806071,9.77067165921687,5.95436374650457,8.41428897931078,3.42314664951526,3.30997069366692,8.88277797423263,3.37533720736683,7.78396674578879,3.79596619400379,6.202471636116,3.40371928554594,3.9863754798781
"UMC11",5.24195570274189,2.79507484443922,9.14165734296497,3.81781633715203,4.15910652957582,3.49732457391875,3.3735490697723,7.83069280246858,8.70147611259857,7.18100100376545,3.6208504014728,6.6259234903305,3.71897507237331,7.77901188080701,3.99101411417429,3.35550022658464,8.27166776087563,3.81760538897866,3.32365309928962,7.06434876967715,5.55505729930538,9.99785349581796,3.96448113573642,3.91615830731508,2.94153999495328,3.5721898077179,9.24472722502702,4.91358105693757,5.36637244150925,9.29980100817343,9.53366470665592,4.03266459992756,3.86233415500605,9.51796591414243,3.78991015886548,4.49124794785288,3.09660928325079,5.71023160959265,8.99513203226223,5.63994049650955,7.34122767093254,4.63015292734771,7.84953003464859,9.95741168587055,4.13913574125658,6.8067828456081,5.91070267953683,5.96715548613181,3.56515089169257,5.23167233056475
"TE6",8.56376743046295,2.7567257601241,9.92537011988177,4.02146480741275,3.3104972604982,3.39477578964552,3.82094245611113,7.06297802580598,9.93134880991968,4.41847659435086,3.59084203344025,6.54999258583355,3.49645394593346,3.72985806533423,4.2517253597556,2.99635709855757,7.92582208641474,3.91344069876471,3.97693203068353,5.92943296922043,6.01524980841536,6.54797341937298,3.32193107756403,3.1354934318761,2.90009717564038,3.04402309794311,5.43592241004429,4.37301513695706,4.72183488154261,3.2750360264498,9.14274326410224,5.88274037130585,3.2770416456218,4.46903767783057,3.28732470689968,3.63138607447606,3.16279482299931,5.12233360086804,3.8859218687955,6.15201227937897,9.09750209812441,3.49318005792866,3.21413585414589,8.40318998599005,3.58383172904853,7.6534118026848,4.73823071620955,5.9979475878432,3.22384215381986,5.42827884730246
"TCCSUP",7.39813111675356,2.72301462615885,9.86271397171739,3.83995285689259,4.37585888664215,3.33526645287268,3.35292631453284,8.13476255459612,5.7170364887486,4.79180677999694,3.79114711995646,6.55009652900412,4.21730393037644,3.90733593041501,3.93592670614395,3.60656484378339,8.67211376431666,3.93115857513573,3.2180933539091,6.5051797465475,5.53910153165629,8.32097194813328,3.18335254402083,3.22017195633905,2.91960292368804,2.75044743359131,4.99949155288492,4.66339306491804,5.23727825355994,3.19033318240886,9.51363665433765,3.34646637490625,3.47752341617279,3.08105730902383,3.3660927417377,3.96396639606603,3.08244873637123,4.89536677722223,10.839935641115,5.16624942898802,8.2997968746865,3.40234000753818,3.03488858560457,8.96037547589397,3.65806236651267,7.28022840792741,6.85456989902088,6.37844176270396,3.18303357432518,3.57157755925689
"T84",8.85833841712805,3.84054926754819,9.53802835895797,4.06949113273292,3.67621178102441,3.25132740014272,3.28075467914988,8.64433793903031,6.32544739178261,5.11150035502864,3.50627945556695,6.39659977689966,4.43393132481735,5.11891998869825,3.86189949763649,9.91263286975944,8.79055908653059,3.7773620912711,3.6462451685449,6.63594074256803,7.24730573291427,7.38126066659053,3.97547699868879,4.18422297576747,2.96109053829999,2.97994074332422,5.99594036386942,4.12758264576707,4.6579042525139,3.36761779003059,10.2506838006299,4.06382361856494,2.88513690583107,6.57996984551281,3.41880062091021,3.38415223908684,3.32424631858158,5.86289678278787,3.89395973404992,5.83587895925674,8.57803320859516,3.31940746130674,3.36695077376104,8.86119657863708,3.81627602185726,7.31930430068972,4.27299755525756,6.29796204860121,3.56827511721727,5.09807753929542
"A204",6.27678468667974,2.7311416361648,9.79357545942531,5.05037750950887,3.08710052329712,3.11673518147563,6.40160459707114,8.95390613449168,4.52098446719804,5.23826302225198,3.58673291423579,5.81163700519593,3.70930286882864,3.3414286628593,4.23677783123337,2.89370601671515,8.24579280464867,3.7245904734638,3.85644944652087,6.85163472896274,6.15714189460689,10.4509629767776,2.98730847004017,3.09475948399537,2.70152272155191,2.67775751331556,5.12491375217517,4.08135122539457,4.40485097229513,3.09292235526755,8.31364962401966,3.70618848404935,2.9665212431019,3.24875004710364,3.52472514725162,3.66067056295011,3.19206468772123,4.9536706996272,3.74438663182444,6.42975124653495,8.7491365896582,3.29663901739196,4.46878631609059,8.59033888012239,3.74921578286653,6.99782992933249,5.26747211395337,6.24062281353492,3.21955239264189,3.98446639215347
"BCPAP",7.71333971481166,2.75102299137163,10.9844360711398,3.46779488400046,3.06809555375395,3.27379721412124,3.69052108926284,7.23874305084897,4.61059445032606,4.63498042404024,3.33487374053813,5.70202814705094,4.10960958196635,4.04456292470522,4.40763349818855,2.98365370275393,7.70645785089865,3.07082162271736,3.36858999387586,8.07580573306892,6.03253435849293,8.87791811987604,4.34850236504997,3.18424780955069,2.74127958323312,2.90477337459509,6.5879752129664,4.81178264587475,5.17395178308708,3.21381906455572,9.68701551867372,3.2053954675061,2.96044235531657,4.74599715663645,3.91860852457206,3.6002776466356,3.2215834368963,5.41189826089087,10.0521893757331,6.10717902150183,8.43221559922338,3.13654384346467,7.2491684247792,8.20150804609828,3.80592725841103,8.03861248524913,3.96341147252952,6.72556625727819,3.19929040775926,4.03995828936347
"BT20",7.97902278149283,2.79113283342759,10.6087628158025,5.62906587658319,3.74516009562873,3.37738134469993,3.07332441089844,7.27096251436251,6.32582575154164,5.29919444286117,3.34159871062448,7.0013440202635,3.77384388754026,3.10710396136811,4.36991137160071,3.0166867529108,7.68956701959365,3.49151631475915,3.3854263584319,6.680029125368,6.92643249936441,8.67606190698473,3.86211264684462,3.36097577064413,2.83472392905903,2.77764137807731,5.16284345298926,4.75739601242116,5.05214469881079,3.41566877950786,9.68001372601691,3.23276816421528,3.70946258391155,5.82958767152441,3.95641549047221,3.71031444478218,4.06683209500608,6.59775134935822,3.29961557522922,6.45510104387741,7.78569244463561,3.3727839707942,3.01837568226252,9.26797556592073,3.18816490352504,7.62401958781283,4.89339549121032,5.85945371814561,2.82832664900039,4.93720218603408
"CA922",7.03597477764848,2.69551148016516,10.926169037852,3.88042987917504,3.16949093576678,3.30811531691554,5.86530634503951,7.76994924621256,6.75301780008034,5.07650464294542,3.50920202491217,7.04283593632282,3.86140138965203,3.1931912886763,4.73695868173451,2.93674123860728,7.43902538574568,3.63953577192253,3.39871753095829,7.32199744540688,7.18595508371412,3.6174514280639,7.27740939623097,3.10680116479934,2.90271477251153,2.84238082575706,5.29135920147863,4.22064755616517,5.30173928571307,3.06097204669966,9.68438368259283,6.03543184235976,3.44508028210666,3.14405470479209,3.45222440595116,3.66890678036782,3.04904562418606,4.88763736905123,3.44448132214101,5.82289389117687,7.10425356234483,3.4029135487417,3.03442310654987,8.06920366094556,3.14741827476922,6.93750631750576,4.67871865598884,7.04188185789455,3.07128941557172,5.24144741694875
"CHP212",7.78310787459017,2.74657932330923,9.62821650625731,4.42628969923161,4.09849777715488,3.37023851669146,5.68942698162865,7.40319659014143,6.04999359558424,5.63616108983554,3.23938515799087,5.34428883504317,4.63177849662796,3.52686843537039,4.85523454739878,3.07139997816904,7.69034811725939,3.71318117365235,3.40365359593699,6.91334742072411,6.20958057427426,9.87413600528791,2.98330876401559,3.26910183167526,2.97548872287519,2.72862841736479,5.2036672825423,4.66529041419034,5.11535959753537,3.12552433856546,9.11310374629716,8.44025227006038,2.95936407910405,5.06455214155065,3.54315970056811,3.8639368429244,2.87801888857614,4.23018043373732,7.85341718920436,5.77735163087412,8.7981344262611,3.38181809653476,6.16913014339956,8.62840225332741,4.03875836592586,7.36940512911756,4.63273023897205,5.64036464468488,2.98615087499715,4.68276076022926
"CAL851",9.56673343914862,2.71319554022687,10.1256322921366,4.00929246499901,3.53354175160014,3.30316420201213,5.97321931735582,7.8511145407562,6.07226088580486,4.91925047824945,4.43063797460975,7.42934948689626,4.22158484548646,6.23222206430952,4.31458864236593,2.96241476299601,8.65273443204124,3.60983559214093,3.21475443496825,7.3271886026034,7.50627013058295,8.09495597532728,3.98798097630413,3.15878260109094,3.23135701850447,2.64183422915866,5.10815559348058,4.62148999149903,5.34383021995696,3.05770352039204,9.52836904816924,3.86059019937172,2.85164417957792,6.987615790537,3.93763763937072,3.57154488812794,3.24373730057696,6.25086615707809,9.29564043779182,5.91195773970147,7.45679395038701,3.18537022861518,2.92711528224908,9.53651831923682,3.11616311118541,7.09794804140598,4.43129890806295,6.37789766945258,3.12245963782622,4.37351360936907
"CPCN",6.22173933018296,2.69769232773452,10.4542724617989,3.72435453689345,4.12012943761191,3.11366982730121,3.24585759882849,7.38727096686923,5.6732860817431,5.46763543673441,3.8131663804436,8.5934926128544,4.30493782633933,6.16487076574368,4.46944454845168,3.15403116852795,7.23446972454036,3.53325428136311,3.34092401312879,6.98447779652072,6.24778273296359,8.11150822880849,3.04182415846431,3.24249135855115,2.78159524083064,2.63034495966353,5.33567064726012,3.76783142370807,5.71776495996004,3.29106547392726,8.7003191006469,3.15087578805532,3.03481562617068,3.62199743484617,4.37320417121848,3.82704454023202,2.93173873296376,5.14147463174946,3.18292404786207,5.67267162242724,7.52685547139355,3.49101727617277,3.02971540713911,8.76319546986341,5.21321916086906,7.73936980418104,5.80354550836413,7.08899307568496,2.97403025586676,5.0841419733085
"DKMG",7.36893707711581,2.68411997150305,9.90457611584333,4.08930772424782,3.15328942037209,3.24865181363538,8.13959529095962,8.18804133841728,4.57000312353429,5.03139299343665,3.20797334456028,6.39454226349264,3.43385606172631,3.58995095412747,3.9243276455698,3.26683336128406,9.22105130840108,4.17898152798346,3.29323418917861,7.17339049605103,6.20021950688201,10.9895730612267,3.39248633153756,3.29567142066344,2.7484098916291,2.65380499385881,5.9247991245324,4.63420187305857,5.21670033119578,3.16145082023137,9.23272300704732,5.02344770049415,2.87263206438937,4.72476154248439,3.26718078550601,4.05211912848943,2.95040783686779,5.31488956047844,11.0140655849724,5.10235338180197,8.60160698924699,3.47109936340531,3.0978008529199,9.15814063445543,4.15157393951903,7.36269086913096,6.87334375637622,5.50604712472364,2.82253131184603,3.7720489711655
"EGI1",8.96148280463738,2.84985725393329,9.43465380020218,4.44144564987007,3.23551887482177,3.23677186272274,6.83108874744762,7.22329940827903,5.67274759780903,5.51744096889079,3.86730678271932,7.50482863146183,3.64426918097128,5.89856405821561,3.86455987219205,3.14853495490459,7.85923703451818,3.0756490819054,3.30765203105941,7.55128027944683,7.34351756517426,9.16771123703242,8.65990054751407,4.69007586672676,2.96249349866673,2.77287750563536,4.89587367529006,5.27498256306551,5.43278792066053,3.31660228599634,9.39677526870474,3.48346307363594,2.88371745407032,7.29943226432013,3.51350485440154,3.73055326312691,3.48754989756367,7.00944789458181,9.54084821831531,5.48375612614073,8.24261472396602,3.43178680560073,3.37452775495082,8.3091380802255,3.85002602168814,7.45964381409485,4.14151087241365,6.11970509321848,3.17102243683796,4.19260864144137
"2313287",6.18936381708529,2.90919638386742,10.6542736323198,5.63000252180569,3.17393514182824,3.41853515390389,3.47449558703639,9.44570397452116,6.49061224956471,4.57176701835824,4.68429238391893,7.1531565091217,3.92242717041308,6.40381881535761,3.91358893175579,3.19714746501064,7.49850620513188,3.87446351686943,3.84700231728384,8.00986744963575,6.96294044946685,7.89354473831148,4.19678202732227,3.21571482324905,2.87425727002723,2.72392667830169,6.47168786579859,4.54144657043515,5.87236889002031,3.25870456140146,9.43977483128247,4.35970030618142,2.99415121021249,8.17645358807391,3.78672601942432,3.7454685141792,2.95819127252341,5.77218149075676,3.35227704923572,5.9506564687219,7.90191766152037,3.42361437910351,3.02101913074794,9.07436936444397,4.16668180430742,7.77214103431525,4.47173898535282,6.89386445522599,3.06224232774077,5.511440248856
"ACHN",7.57141448642175,2.93635642456886,9.65607829421059,4.03330213907017,3.01178960813274,3.45602269841029,3.59709526804314,8.06032943902101,5.28987787032914,4.33776535902002,3.10867469051776,4.81442988777121,3.86836103423116,5.09104492217773,4.26817282501317,2.75838978644331,8.99439739349768,4.42163176337583,3.94812240240254,6.28543922593846,5.81340083591782,6.97119342471677,5.3133995366261,3.25710440310778,2.59749087791205,2.73909864001648,5.17735983887398,4.14642481441708,4.92594073503336,3.37370251212564,10.3796249205524,4.60957545517379,3.32036497595123,6.82236775716827,3.75910285820401,4.31117792689867,3.09387746579207,6.79667145575113,10.7357234038027,5.8619293333647,8.24860350540195,3.33980320310896,3.83021754520465,8.87128047800409,3.80792016133057,7.91180888720674,4.37861598363491,5.72559512884776,2.90987124313417,4.50013179793312
"BE13",3.19117100213382,2.93882360274273,9.98626361340625,4.41091846500228,4.58772469533172,3.37523423419202,5.5725843327175,5.12115729182104,7.39502955667335,6.32700581625519,3.11919680689329,6.27424017652323,4.65303026742123,5.62089982327755,4.00052757789711,3.12481010723797,8.34984038402872,4.12322461103989,4.54481236737623,6.2289665574639,5.91034152598301,10.6270726741275,3.24383551313664,3.24499010643532,2.7961578999998,2.86507304734306,10.8717702469893,4.31723346341345,4.89213730851953,3.4137648744101,9.90162454689123,3.3866909766849,2.98264919633246,6.1920241700018,3.30247890965514,4.62480228603895,4.16122473604161,5.66953691355538,8.79322090628913,6.42370383182954,9.09551368385392,3.54341957504305,3.16570128548157,8.8374912980484,3.2730295987217,7.12984074267763,4.62542528323445,6.81509036238826,7.35749625891861,4.60089145332811
"BHT101",7.79867700338967,2.77037035964864,9.62235622505595,3.74073772460024,3.38663166991531,3.19318607292023,7.8848983383313,8.15137734379042,6.0216382889733,5.07266420300032,3.63499997563829,7.15600929571466,4.1412080849935,3.422454371318,3.9564839576287,3.29771070831796,8.93973594554704,3.73093258828076,3.34147555290341,5.59914788066136,8.45178136121947,7.0095534210594,3.79287367633245,3.27774307617791,2.79711114044361,2.87224313770587,7.52997717596382,4.21420289179456,4.7949857579497,4.962652574091,9.07761804310826,3.0244863000093,2.85298772553806,4.05351072615633,3.9764887572861,3.5904760784427,3.13337779996499,6.25044771665285,11.0416546851746,5.7749108863814,7.84031634076708,3.41876485245631,6.21463750970506,8.66143886256818,3.26742586550074,7.35192849830257,7.01240190766111,7.4024916378284,3.05769052360233,5.07415990471626
"COLO679",7.23351140921923,2.72609477924195,9.84657220470356,4.25388122219516,3.85564272249727,3.13518607045554,3.67405777583941,8.99681404937721,5.73720181342237,5.24860736485908,3.58724199497091,6.41057120713888,3.79219484113808,3.43136411636344,3.76872228998946,2.98409435378038,7.45335788233706,3.93274903638234,3.27738638766856,6.63137936023238,7.22628657661329,9.75634267249983,3.89402512731813,3.22320090134763,2.83079918376927,2.64320551004767,9.37503517617366,3.79635625806398,5.17048919122345,3.07797509137907,10.0127729958046,5.06092587986237,2.9914876676856,3.89320284260059,3.86129116437844,4.21154761749197,3.03621476677078,4.9138928431716,5.34776890533994,5.62275109652625,8.05793580601609,3.36951140301121,5.42156058397459,9.07622609765763,3.8133407738592,7.62231426864449,5.09622811465112,7.06937807974794,3.05442052658995,4.166800730675
"COLO668",3.62980492272926,2.78804759386199,9.688633110174,3.86468734410456,3.41028756603612,3.16524777281015,3.22624506994821,7.75310424282441,5.46238157713283,3.97782399354445,4.04206286757823,8.2225070755935,3.94102966663334,5.05834833236842,4.47895346942615,2.83774117403561,7.7671600375737,3.99423138466511,3.94380993712974,6.07722877994248,6.59062701587801,9.30736216164157,6.05212728955238,7.68980756272679,3.04017579331344,2.61444873245342,7.90294345599986,3.75260703016192,4.11041819530811,10.02618621736,9.36126820698131,3.40433902353622,2.82662294698066,8.79696341763741,3.54790275435344,3.63637976538072,2.93512782372599,5.59089740595891,8.4211179061623,5.0421828691879,9.03117153513376,4.42918556510876,5.41248954719515,8.58715565071838,3.96776908245851,6.24180358374084,6.58435083912427,6.90471689995949,3.1189824659773,3.86618499795197
"D263MG",7.06469335416148,2.9231017400533,10.4533005440059,4.21779852131597,3.41563712640928,3.15733104686165,5.71492144497535,8.27584615327972,4.84166015442878,5.04806251989217,4.44466592506052,8.26181300484965,4.3299515737917,3.7037272890761,3.75980649280512,2.92318394825374,8.69440155236202,3.89256946891361,3.78089867880221,7.05800877502506,5.47962380160824,10.418371308978,3.04927125414542,3.14886213742317,3.11134126157266,2.9069293098678,9.53659752861162,4.29586160068444,4.73065258728785,3.02954667437107,9.70478095412124,4.85207179869643,3.16808329642781,3.12590613085814,3.41827919178252,4.12403105104987,2.85744205079902,5.22688128997581,6.83670053569927,6.20734671721393,8.60993617871618,3.37685069787611,3.5172967004424,8.39467549449659,3.38869669522111,7.03274805354222,5.05359904924673,6.84494897543299,3.42660235080142,4.26588663822949
"DMS53",5.88298541802544,2.73744677181282,9.93229105012073,3.6919052834464,3.30960169775434,3.02894010996485,3.09482263186047,8.1066031279338,7.60341528681123,5.32197951222469,3.98493198232377,7.7364640673522,4.13442163710489,7.37075665700929,5.59961738677758,2.96357150629245,8.68173623658347,4.07468540384853,3.4069103379114,6.7588523386778,6.63140788602039,8.29435698881605,5.35516793581956,3.3216849555806,2.95781317016555,2.66601496524362,8.14581439492838,4.1375029952587,5.47973506912885,5.10979723114986,9.95074771206221,3.68654548331369,2.98042404611566,7.78605474448667,3.67542982844719,5.31506305318366,2.72820249917686,5.43491837303701,10.1443527444352,5.36410079131788,6.45324699884058,3.81955725726702,5.32245651501718,9.30479421992272,3.92923275765712,6.53340098518555,5.91588498671202,6.21690969547158,2.99293723905017,5.7340561826635
"EM2",3.31478112231369,2.84515535830591,10.4473599263469,3.84718280816716,3.48568609669248,3.63875061624934,7.49873634419997,7.74950415651058,6.89292398456913,7.22553381022838,3.98372921582424,7.12174500834966,3.77149023045684,5.71387169464841,3.84437711278276,3.23009977684514,8.28599708475936,4.43139633851056,3.9882277004191,6.11847050807683,7.80441213894322,7.62323000265566,2.93718930312762,3.39709878984883,2.83036784077996,2.82061957116056,9.99398114715906,4.19575235031363,5.56032303812962,3.34188330262365,9.85478396586989,3.63032171890055,3.08539101424758,5.86981449371317,3.32144418835848,3.80235401432637,3.26017288508001,4.89559248692062,6.09842776455473,6.38793944328759,9.15699158334254,3.7445100481877,4.11893420578116,7.40466024789473,3.29972327326093,7.82164477365078,6.90988761684214,7.14336815955828,3.3221882083949,4.65761810034051
"A375",6.32926604703753,2.73753142438424,10.6885525215165,4.73103708273105,3.5686650215139,3.27239190411925,3.26212861594113,6.40494244953322,5.08962762830815,4.33607535183653,3.9870504399772,8.71869062644867,4.25306234331271,3.27514118630491,3.86194546775443,3.01146568115319,8.46707052876267,3.92719453667121,3.53967945722621,6.8977387569541,7.2393001330753,6.44026120329835,3.81920952588746,3.28206054013291,2.93809784331343,2.94134734677706,4.95730735106643,3.87333018915386,4.35105512999355,3.12954553039076,9.58974573696045,3.89763309769198,3.10882858668713,6.53201810035991,3.73358621845604,3.53860709623911,2.96429203448432,4.33751549802458,4.90756457387698,6.64521574890183,8.36238064866952,3.18783633766388,4.53384227692806,8.10019277232803,4.35008545095093,7.69598416183182,4.88574408744972,7.27337320144943,3.44995676414873,4.74759983993889
"AM38",6.66809678044333,2.90758158543112,9.31674571197672,3.90502311589209,3.60637081020167,3.2789451836415,3.97333940365251,7.86347255899831,4.68177826090215,5.01825671962035,3.43566567193843,6.50173451419464,4.96662918206794,3.45112381577509,3.962184423393,2.95453394802212,7.54797266979396,3.83919988013471,3.9699116153159,6.83501935608982,5.51876013504799,9.10142951186854,3.2797865763207,3.5217648086993,2.92973393218523,2.80457890353122,6.66068470830683,4.9095179548748,4.8012014558716,3.07692365830525,9.76234982310804,3.94446372976731,2.96401236478258,3.60571375214599,3.54496984597612,3.70708780007023,3.13656910304847,5.58115143325301,10.1583950669032,5.53188892238108,8.24851145746105,3.45587985324621,3.16440658169577,8.09813554497107,3.6944739462442,7.57511268489522,4.72594205071701,6.45763539311019,4.93974269545362,4.62746328614034
"BT549",6.38053039433578,2.74479967363631,10.3909292386227,3.79822156343026,4.37536491886478,3.18136461135357,6.25757344418271,8.24189301781931,5.72037788390557,5.54776093066204,3.15561459897793,3.4650045711488,4.03839146423927,4.61892030298504,4.57755806311481,3.03753820911181,8.14242612867854,3.59605817104932,3.39451573424717,7.11707886312043,7.2684286053711,8.74989789164432,4.09809827095637,3.21144910293838,2.84154493568634,3.04415494910676,7.1488034323138,3.99204065612166,4.60343409112741,3.30352053921536,9.45401146173647,3.30912906578701,2.86075708385622,3.17835026720408,3.50911654612684,3.89503087589815,2.9559329842949,4.99945495472402,7.09210441577396,5.21447849487586,8.38630505381664,3.39980835502705,3.2800854391749,8.55076620920341,3.52212780518063,6.89654020600308,3.64751044240605,6.74238454456293,3.35585559575353,4.75792064808085
"CAS1",7.54709726092822,2.84912127776972,10.3510961778441,3.77064794250554,3.2020805786884,3.15192356493009,8.19153084625482,8.15653499741082,4.78098882948494,4.6904305395258,3.61665994055348,6.40928410356663,3.87841910470839,3.26667815863531,4.65158762182329,3.03732746233467,9.60696981205495,4.00604561534247,3.38951821620988,6.85687543077762,5.92100755743733,10.2558242726791,3.00695633913841,3.16234541843268,2.84256664345604,2.89769338930514,5.46617516845164,4.68171434870408,5.3525362830706,2.99800983190234,8.73670201685691,6.72451714666395,3.57907078592624,3.18059239824297,3.39523224022562,3.74427578192676,2.90665056146799,4.96325404183569,8.85464539764336,5.49124042900849,8.71507693676317,3.21124658683495,3.13883870019847,9.00962966237504,3.96745242906779,7.90364115418358,6.98042354950116,5.78266960669651,3.00598846183163,4.44335748741279
"COLO678",8.04697940478204,2.81205904613863,10.6377345640649,5.86542475634933,4.64817621442476,3.01987967485176,3.62577375970301,7.61514625852024,5.46981639596395,6.25665791393114,3.2609750136138,6.50521718189492,4.0942621021796,5.82883847362369,4.92192561307005,3.05376170282196,7.93793334782144,4.11542906145135,3.7925126577281,6.60592011281905,6.25749696072306,8.50752553634855,3.43498415960241,3.31677364593942,2.97374864141306,2.85900999504235,5.8261461195083,5.67337759143597,5.09632104893476,2.98671175754474,10.4227575819396,4.59817749753914,3.93822218894711,5.71594024749822,3.69960177648958,3.71659923778448,3.09934810527771,5.22469016091444,3.26438092030665,5.14350576996489,8.16526929299888,3.40176296901798,4.09102329268739,9.52061582330811,4.55192443229175,7.5639241345444,4.35016697276368,6.36167974220427,2.96943442496185,5.10088630882584
"CAPAN2",8.24959023739098,2.77304799241114,10.2462873012633,4.16531984110067,4.33489162931971,3.30988449165553,3.82607155003243,7.91754522640907,6.72429753658304,4.95805474974244,4.01242390877424,7.03430809669113,4.24300509216902,5.56055552037977,3.91317926497824,2.92129957154054,9.06251285814616,3.67319600260295,3.87810452359137,7.18215418760801,6.4178612999009,8.85858612015073,7.25689355639637,3.3445474854248,2.96787780300945,2.68000345014474,5.95061176584468,4.87068149307558,4.69069768256793,3.15662620559899,10.0040048992075,3.07575193643993,2.82805615312337,7.0456715842069,3.97445033262675,3.82247294371844,3.15678815058492,6.70602738600735,9.18721891863657,5.24935387348636,8.02025509809046,3.27865043471714,2.91988213712766,8.89979310469145,3.17731521940211,6.87627917065044,4.55154935445896,6.6890903035433,2.96283761016465,4.60411210996173
"DOK",7.62806620445225,2.74224741895944,10.4452780656544,4.20391771387355,3.13328982476229,3.18973214551885,3.24766622362153,6.72866380292604,6.11125318892686,5.59227496128404,4.19398622647396,7.92623432443339,3.5131849869832,3.35858989531886,5.2797454130861,2.91049963370103,7.92582840512758,3.5529266577915,3.4823949325877,7.68397851718385,5.77416853550823,7.89751698959891,4.48527547086519,4.40188888095639,2.84159902540298,2.71116714976531,5.08781666767778,4.7442292554017,5.58095794909335,3.31050860350961,9.31000342503997,5.12000179289066,3.55948519894716,3.12061442916782,3.40390074944907,3.8490111837521,2.96835330179924,5.31619415732247,5.32404623878917,5.0500905728561,7.94611771856095,3.47568926805106,2.93330932177905,8.73367225089579,3.31374832165907,7.22870625771042,2.98695759545473,5.85131790992434,3.03425443826429,4.25118212996679
"ES4",7.08811849005767,2.85432680524701,10.1795159817598,4.5605794382566,3.46628506751198,3.20809172497407,2.84252439871708,3.35932868101228,5.49541127267593,5.66877547450014,3.55984483671281,4.57564453014531,3.64831963711722,3.21510255744617,4.89524965139865,3.01347923720776,8.53299979737143,4.17361731127413,3.50497524425933,7.12562075559627,6.26269350622159,11.6599791233792,3.01042792437853,3.23522883086994,2.85692766569331,2.74218500575749,5.64800346160348,4.38526683549688,4.79991654663047,3.01728518067644,8.79145431072805,5.37866421331554,4.96213083873844,3.10693301616756,3.9863812232443,4.5880359469063,2.89265336964819,5.69923416385105,8.41751870007422,5.77590508319472,8.91348776059595,3.27060294566027,3.09718330026463,8.32551523649744,3.9821360420545,6.76347087234571,3.72268691925454,5.9038982289501,2.82863133551943,4.15866145983096
"697",3.40281922144639,2.8368140605932,9.46223582627962,4.3053098601568,4.58131604677241,3.32073469567629,3.48713413413666,3.00393126006223,5.68519135902579,6.17741613451277,3.09723018641131,5.16012063614809,4.40261352446529,3.36605870498153,4.01566266579994,2.99723541977932,7.51885401038925,3.79721176410087,3.91900169749608,6.4874551616462,5.53870851850778,7.95191444713686,3.05871688157918,3.31973326971269,8.74438517896293,4.29933921133939,7.02358737700978,3.98310612884969,4.40349342346375,3.15007890685182,8.55872446337976,3.19057620898554,3.05426932086725,3.79002465775739,3.50884958117251,3.28560364626782,3.26117469421524,4.79270361865111,3.55270793992186,5.60687390910518,9.80487838357442,3.36131643139113,6.94236529908643,8.64393800289128,3.1840231432611,7.25396156521688,5.57892202499933,7.04338799671323,7.65889380507921,3.52974865873648
"AN3CA",8.9337973247755,2.68135479354253,9.5261281069837,3.84185485888033,3.93441616867842,3.56643461323683,3.35200502486648,8.59838578377637,6.28664207495468,6.93308323636883,3.63554932332325,4.09614163410239,4.15280133177125,3.79853292028531,4.32678447336432,2.88638367287437,8.33628086405123,4.65005376943036,3.72927063532975,7.14230049897995,6.27462685006841,9.99977588235416,3.12344236261248,3.09771825123351,2.83997860798853,2.83262323335448,5.77265342393819,4.34389599258322,5.41000931860957,3.34500940364104,9.09040957412171,6.27538085395882,2.95348880601662,2.93889842219826,4.04271320182279,4.35943818398186,2.9499081446183,4.78791615206893,4.14449056074948,6.17337744271318,8.81823807865581,3.38862009784722,6.83026270589212,9.87802004870982,3.70395566366965,7.40816985020941,4.83880685773756,6.31747481671317,3.15523142146242,5.06314010071065
"CAMA1",6.90290826205399,2.72473580065317,9.58130071226635,4.79720803324396,3.2383015192208,3.22156767926167,3.15677292522622,7.01372882002294,6.50403883051542,6.09310046921038,3.48585670265037,7.25834956516156,4.18879315940757,5.26300836198559,5.23419287442279,3.20043536338669,7.92093499852676,3.65515019132135,3.1770173079594,7.18494250171265,7.38577704085,7.36242068474893,2.99507479401128,3.39337549961231,2.85767598926544,2.81677821347903,5.90721456858088,4.72939773058276,5.01708704960616,3.31732364178767,8.68081490433965,3.30045893040301,3.06091410049286,7.65850001283374,4.6288637087321,3.47072413881057,3.00289046709681,5.3839336866483,6.68111758410885,4.50829840058847,7.89080707794047,3.53950692975106,8.890084344808,10.2859895066922,3.26639045426472,7.90920549222841,4.4676921118611,6.29364276738921,3.17644268532215,5.45845309309589
"COLO320HSR",7.6581082655818,3.42176609027014,9.90554675615375,3.80407544150083,3.34765070924137,3.23253343855066,3.32875507865573,3.53242892218203,5.48743270749717,4.92522547239575,4.1584716596017,7.14229478470807,4.73657936414372,4.64731225978291,3.790745103494,3.14543123015467,7.18275941504053,3.55974938820418,4.11439381933036,5.83534280441917,5.41758134078765,9.03489877957206,3.76604002930945,3.31883944266694,2.82304441840139,2.82630334905949,4.6906891038997,3.62406535752476,4.60709056788708,3.23193771285394,9.18619656494935,6.866556291607,2.94298536906195,7.3857911090142,4.30565949744437,3.46203927775626,2.911688670682,4.91102343318597,6.26868129819563,7.86964435187073,7.36801617971032,3.23209218435233,7.58768406242346,7.43529067514301,4.91796998352051,7.40332052315605,3.61085183031492,6.25206144161025,4.9438233332026,5.58727010569464
"CASKI",8.65344957881204,2.8564630250599,10.6642064275797,3.69190056484657,4.00324833669676,3.37065095166096,6.44972791535299,8.77914626908671,5.64097803965418,5.10001329219921,3.91606854604906,7.2996257625962,4.45828335834731,3.39903077768682,4.6079768173797,3.26295657025601,8.47803790932051,3.81075014135987,3.28670994274085,7.47737094255745,5.68283140691231,7.71376291637224,4.69675681998934,3.32396955335471,2.93203262651989,2.80592856010252,6.11997871111387,4.86900475867219,5.56095090885468,3.17566698349034,9.83869889381368,5.4400686775139,3.69114220734094,3.09174485639487,3.54256619116659,3.98518343452882,2.995996249891,4.5332007623237,3.06205181767984,5.91450589115232,7.64930853446088,3.63262886985625,3.96863552188779,9.58701025647393,3.26887011998059,8.06336367651634,3.57385538307596,6.96223990029298,3.06366946539985,5.2353531181819
"CORL105",7.44837290563008,2.67241454900958,9.86979848375432,3.67742896070116,3.43568819881006,3.49021202762717,6.68381142848118,8.50463824357296,6.9400606744278,5.45878072283301,3.45194357102136,6.25293911299037,4.27160214555678,5.8489331218855,4.00153684533432,3.04713164132217,7.95772232451549,3.74819156965587,3.58718884638329,7.36760066552636,6.13662793111986,8.76898531122292,6.42381059341665,3.01686149191818,2.79677745451017,2.88066673112922,4.91307797299631,4.78336770163127,4.87708609293153,3.19373455707575,9.0117902671389,4.14284952741727,2.81880678215455,5.31901562177764,4.090243863283,3.84567996266395,3.21903591539593,7.13736634192443,9.75752165612493,6.40557562713807,7.03153501415099,3.36616962511394,4.48035197071474,8.50967765623116,3.99911407544829,8.43664909165902,3.29081610790579,5.99426895225672,2.9825000575839,5.6295387405772
"DU145",6.71945040748647,2.53758307019537,9.98882773027275,3.85882800197844,3.65651912236126,3.27805508631282,3.66566389616688,8.21828373965869,7.36795059408307,5.27226755979443,3.44213162551207,6.67757774356195,3.99478787287804,5.54116095187558,3.99112764117576,2.9852025411964,8.17651936648928,3.7445229042972,3.28776427082651,7.80574136160095,7.72831449569815,8.26204887131924,3.18618339819805,3.19539473683988,2.89600064010597,2.91592575912436,4.97844857094411,4.60900656992062,4.89996887334124,3.52527314311416,9.15624524729583,4.45281196331201,3.27559220706411,5.96600735670161,4.54973800323036,3.7421203714462,3.02674496544374,6.64278212899809,9.02152864935565,5.91464457553513,7.78929429040585,3.58122070131798,3.17947270917377,8.84643895341228,3.13663881092499,8.11324769550443,3.75435445786019,6.55773741996476,3.16207589393789,4.51054958494501
"769P",6.89683572282946,2.76569790650852,10.0062492350975,4.71520532041287,4.44626739508967,3.11357438125448,4.725032768754,8.75397971668549,6.23037598054042,4.95184814983817,3.12419192154268,4.18417412075375,4.69378703995865,4.24003512046288,3.86322931341323,3.10135617434392,8.35086678370102,3.78289857878023,3.3459859225436,6.85618910405064,7.28078634428364,8.3083418839454,4.83642775885984,3.20620938696485,2.99591806062962,2.94104787446364,5.27871767670689,5.00165696857991,4.89659356035289,3.03195377301736,9.4526291937417,3.61125424723312,3.088629366044,3.96846198106525,4.3570601011425,3.76221462899207,3.35005348110006,6.8800432839362,9.73324244955054,5.99800751244675,7.29947964591515,3.42322513333989,3.22107808478327,8.17975124362449,3.19203604970086,7.91788173020633,3.69025305916844,7.16765290107588,2.93104598261053,4.85796480695784
"A4FUKUDA",3.40055558770381,3.22900862182522,10.4421875259511,4.53739582950315,3.1979515724049,7.61195903689023,3.59510892600898,9.80978063772228,4.87258817343052,5.25178576015001,3.31142702521768,7.09616203537976,4.57741200467052,5.73046877685412,4.10453381186354,3.26441734143137,9.45595498705957,5.0176935538386,3.79071341040546,5.97862650744018,7.74606929140317,5.5708935079885,3.01657279186279,3.117191056901,3.05062409172842,2.96170563751195,5.47803915223319,4.01340429337483,4.82318473573923,3.36671508416312,11.0287370324341,5.15764621622889,2.97399090628643,3.83028160301107,3.49311218942495,4.00360090652135,4.45410403571769,7.37497387424214,5.75283434882076,5.92306844866033,9.42017333417205,3.53034194393262,3.28117955092683,8.90841490932443,3.217257214357,7.96114511648629,6.3841743661094,7.04736742235825,11.1791215961156,4.86833157536589
"ARH77",3.4962638408834,2.83260507109312,9.98968276973677,5.37681953944408,3.30978717072345,7.03002843504443,3.42430683184379,6.79735933377976,4.60192350983166,5.3464870349832,3.39118799413376,6.60761223713265,4.63534369202712,5.04694501081343,4.05127581881515,2.85979847308827,8.78759167912767,5.0279169120124,3.30635681468693,6.68463111533238,7.41430396853015,8.96108762750126,3.15280527945771,3.39265471710668,2.87510429222726,2.80964958767104,7.59338357781406,3.97785538462035,7.23244082618834,3.10192198958848,9.65762910554692,3.77522441363277,2.86275754366807,4.31753487044407,3.55839132401189,3.39558024409987,3.38220674760176,7.10432625587914,7.33069910048765,5.7111765390139,7.97843331071657,3.33567038645926,3.17352817473768,8.29806560321514,3.96800320625218,7.62073072236618,3.43713176016505,6.99111057879318,4.93570070733859,4.7864570234567
"BFTC909",6.75790241483941,3.78138660291923,10.1488507134113,3.54811913499083,3.50516450543561,3.44773384611824,3.76281549417993,8.36743156954956,5.56817745346995,8.41113493240523,3.4848230820894,5.43069421981723,4.20571455566488,3.47914186031813,4.85004504120532,3.07859063721653,8.76431453233866,4.25232546695839,3.31869804154623,6.32715370049374,5.8012690088458,9.34653461842605,2.88579436089603,3.25072232489783,2.80250033603661,3.08112272032586,8.84711606405114,4.39700253966087,4.68005548535087,3.14541154638884,9.10909494493196,3.15929769318498,4.3235006940859,3.5667188846588,3.46120758232858,3.74692232332669,2.81454445641741,6.5523006525157,8.15743308515335,5.30825566338435,7.95288133248762,3.58652827663154,3.59515785996841,8.63696538344522,3.12955203983554,7.48863963235149,6.19305394530139,6.11000942058009,3.12613517621963,4.53548154900408
"CALU6",7.40902680101678,2.88318023573132,10.1831621307077,4.09076890785616,3.71407869758582,2.9265312638465,5.03739206473036,7.05357740998244,4.93220974197748,4.98617880638697,3.15102265796891,6.05112540400738,3.66101363919778,4.71285549868803,3.60422210055491,3.3131552008378,7.44954397508741,3.70695411971091,3.69891331843451,6.25439161843702,5.56049146395654,7.97603783631905,3.95589244139501,3.05915807900321,2.78356502364957,2.79835337524329,6.26163912266784,4.47332689872753,3.72394624911311,3.30891105571702,8.96695849574047,5.89754085533264,2.82745739967953,5.35507292063527,3.56497236884285,4.57356674012867,2.92148655883534,6.32987378055119,9.95514594244652,6.56275670060092,8.58871531128347,3.23589176380862,3.65583262502511,8.20268086624187,4.53069596600878,8.42527139033285,7.15532666500131,5.79620708101649,2.83550044011778,4.94704380289291
"C33A",7.49123471604376,2.6649974103743,10.8326395084447,4.02160676650979,3.65673010313406,3.18266229878959,3.3033841329834,4.814090649546,5.8484156372842,5.52142403434263,3.66375429841718,5.70790942379448,4.57256841256472,5.24456760635837,3.91456702697802,2.87260987652215,7.86315792693857,3.69866288698586,3.57668606953178,6.94992757386938,6.53287277038611,8.47246765303651,2.98483012807894,3.18239070715569,2.93875034982612,2.7206459763951,5.47502664523288,4.12915715806286,5.40504178565191,3.13189931610833,9.29329606806985,5.32662026828075,3.22482853864294,3.26744176763105,4.39632837773385,4.2608616520776,2.94039060307309,4.4818338259313,4.23586290421131,6.70230460569427,8.40842092940364,3.39702793490252,4.28157152122061,9.71230213376239,3.76311546275753,7.97051993721868,4.07699696941927,6.92051863955587,3.04677241694124,5.54608572603942
"COLO792",7.68129525974448,2.85891254348796,9.86183875928448,3.72134979006676,3.32641362808098,3.37154417853066,3.2472193731886,7.54011755045456,5.52007285536682,5.46715097080642,3.47175996739024,4.80354606486463,3.94472497298105,3.2500237285054,3.59852553922246,3.2884544985664,8.76876239007988,4.59641285497368,3.67311198906912,5.63023469081808,6.12021330018941,9.98520325525366,3.13046976948374,3.2275419028165,2.75618978514459,2.77346463090313,7.97212174269587,4.69850980131607,6.21731863939316,2.99159934366079,10.9871220556496,3.29139882550743,3.12725796753291,5.01756042968312,3.67969359526537,4.17989842699198,3.06588904861272,5.87460673142054,2.99867887016489,6.54201703804187,8.55135029371958,3.24519312747475,3.63051960917341,9.3353214147106,3.04031754864859,7.90222765477573,7.17221677274239,7.38596540459845,3.0238630888208,4.75813484244383
"DAOY",8.31493156426166,2.78724960592229,9.9040549499233,4.14095939943762,4.24552682500566,2.88967722245322,5.93759789948712,7.82764550709153,5.67546825643932,5.29563502679661,3.18312382912277,6.3945366079787,3.86659027205813,5.94517256244827,3.46488782346928,3.29281353543097,7.83705116181339,3.45405290594133,3.42057806608998,6.68825049102236,6.49134627133852,8.31658820855624,2.99552784010463,3.03799937785474,2.80917222528632,2.86354422577307,5.85600636073956,4.06380268698218,4.56325189501073,5.00422828195812,8.72249353860702,5.30100382905902,3.31265502168567,6.76161539465383,3.44913233125583,3.91513771211198,2.92267697635064,4.97480137602551,7.85047762570792,6.10300974174813,8.51215888896802,3.18580555928817,3.42354956215602,9.14651755738877,3.31162806784497,7.38459680725429,4.72334383924687,6.19860764782314,3.84012783455488,4.68516062360887
"DOTC24510",8.34553892127917,2.99083887635908,10.4569502943853,3.63417134987478,3.50238987880345,3.10509825446822,2.9074310921061,8.43887595002525,6.20736443272758,4.93629805669252,3.36320369187939,8.35565026217674,4.17308247913513,5.40678185386988,5.21238747106018,3.07877691712055,8.26795098540952,3.75831415069338,3.1944531573822,7.08143583855632,6.6087586198009,9.89447891050337,2.91652857607095,3.21907485119042,2.9198396791462,2.82335579631296,5.10521551893046,4.57098259783688,4.83822299887322,3.03008749684762,9.3380967382367,5.17777876202915,3.18360411938345,5.18136545318367,3.46278278804495,4.02647236484859,3.27000127217226,6.43265657402517,3.18274026648848,4.76855727641527,7.40578361841666,3.43877174221494,4.56381994741174,8.32510155981928,3.50151480254876,6.42030655231246,5.21192142398064,6.30326842410816,3.20619729446227,4.92411773950344
"8305C",7.31162543485239,2.85613577998629,10.5925678906415,3.58687738072553,3.23862240964536,3.23704606025016,4.25086856959942,6.36957988351171,4.74357335620128,4.82345297605667,3.74668936962359,7.83205042349495,4.14916440456803,4.38646339480522,4.17898538239222,2.93545671688014,7.45592983075272,3.3736523597999,3.35122961904545,8.00083227882038,7.2698350418881,10.1171802260183,3.85050543262418,3.3610551840106,2.77624642793407,2.6615031217465,6.23710387821706,4.77619433718115,5.27027805323874,2.94150590130963,9.39747084192706,3.6841751192931,2.90152309474858,3.37874504998799,3.41801833604487,3.95000456347219,3.09968376353846,5.97770908599199,8.8466633435472,5.5244039391825,8.02465249715871,3.36202883264973,7.27509085274593,7.92163540910155,3.33465916663601,7.35602246791635,3.77984568339129,6.7499499226722,3.26095154565122,4.07556623938107
"ATN1",3.25813009143741,2.70024327465442,9.88362963578664,4.41158123508503,4.09724327283408,3.27114160971439,3.44320066133978,3.80975713682542,5.55148321126755,5.36582927412476,3.29773962520041,6.959074253552,4.22902218433623,5.08365021466367,4.0564072552249,6.00601534613154,8.58550209606989,4.400885970913,3.36079428722422,6.23033355260522,8.49987290532125,9.98351448449314,3.05901689137572,3.50773088611959,2.81525579569711,3.20508382417918,6.3967195688432,4.05755040635257,4.92998343412253,3.18971665593692,8.86052552755075,3.62564582042454,2.94592792977245,5.79352019851058,3.34577143196649,3.53680409192187,3.29073024756851,6.56179226099767,4.20235668942441,6.53882847966278,8.65709577213396,3.48514480702257,3.21309899032138,9.12836044159143,3.94926313112812,7.8652796588608,4.41073020473414,7.18592871884378,6.41255846434075,4.49045996048573
"C2BBE1",9.63878424502497,2.85093304387787,11.1563511353905,3.80035191958773,3.60203663823995,3.07296220895254,3.05577970222708,8.59416083379412,6.64234632513397,4.74024210872663,3.43363728955521,5.65970439300824,3.82796340061916,4.46603616185848,4.05441054713128,9.4939873390783,8.04423658172646,3.67755621047766,3.71515638306262,6.83990658294607,6.96620032571451,10.0379372912855,3.79887801741028,3.72194132872514,2.82847810561198,2.86255786749532,4.84865404541698,4.47093207110501,5.70394640118982,5.03711237213705,10.1091047630916,6.38439968064511,2.83102190712875,6.77409752783462,4.15929786390333,4.34899838721031,3.14047191463835,6.14777261718104,8.77120442981565,6.54758931758278,8.36203987587594,3.18319330202275,6.43825206239987,9.32064463505148,3.91344770786275,8.44826168828368,5.28442629425664,5.69461064238645,2.84399494102439,4.36310062835446
"CAPAN1",7.45341596253039,2.62390367079666,10.6033693651556,4.7070522160684,3.5986754106198,3.05582209819752,4.47696521908751,7.76534340534414,5.39664677143149,4.0866453569925,3.57520615097334,6.9084303632378,3.52069624290251,5.28442737868731,3.87646027078942,6.35749264200104,9.01514802060089,4.2396092135733,3.08950356415459,6.48062721724248,6.02206606183674,6.34986486468748,6.43808886100277,6.16406601293266,2.92443468506423,2.87889028587703,6.09504380876264,4.87401966168521,5.86756850314969,5.33179027622581,8.76086169821966,3.37469369140562,3.36839578508275,8.10100446241793,4.16818700625132,4.06619228010392,3.30560386716425,6.55614209528342,8.83515526744394,5.37543028809809,8.70134138667705,3.39543847188077,5.56985707740019,8.74897351774527,4.27578873101572,7.93561775551442,3.30080089580378,5.84854305001727,2.77773947011004,4.51373448976338
"CA46",3.17504502458576,2.95448414519183,10.0171047438584,5.52534680646631,3.4290660313902,5.69975805737324,3.29623446330546,3.28655136103642,6.8237319907435,4.31473621936497,3.8231433276183,6.89769299752555,3.87294390804957,5.00294483633837,3.90701562941505,2.98461650095516,8.94506571004822,4.97409986844986,4.11232663294157,6.11773351256432,5.69363373658583,7.28191641172084,2.93899605739509,3.19115672103535,2.76158023070564,2.87637809642112,11.1763175310384,3.97551714698906,4.88459076113547,3.40384722035676,8.87671062657381,3.29680045506046,3.21396159030294,3.39158523666014,3.4151457664291,3.30152751196217,3.15287247872274,5.18223145156125,3.28757543914131,5.62250282433246,9.54070949435672,3.24986101844584,3.1364831139549,8.58766626208496,3.76066702105025,7.50783280037268,4.45159190716998,6.51755448492134,9.1891635736752,4.20760447320815
"CFPAC1",8.36222684486409,2.96741241954398,10.069572088437,4.3492336212588,3.3429393115717,3.05479366093939,5.11690721673353,7.94402477865004,6.8817301606238,5.13782138192833,4.52360070056461,7.91305269451965,4.00037725781532,5.6010320654209,3.77216433727976,3.17406378753834,8.10590749514284,3.2607974020014,3.06043428675714,7.4040567323192,6.83063465424508,9.87526262117232,7.91333897764097,3.7120788963854,2.87597039197171,2.78077205123458,5.35701284265128,5.41072173291348,5.43335968698229,4.17083834945656,8.48480393259981,3.31307284768514,3.05231737521638,6.77691111850643,3.69291948356496,3.77724903927777,3.32641480878099,7.2828361742773,11.0010242471659,5.21690290798181,7.00165675885314,3.29682331761928,3.12310219830319,9.02826992398557,3.17642523950884,6.93901705743998,4.22741669514078,6.38042363449297,5.12228682653961,3.92985530423817
"BPH1",8.17449989047083,2.68496932531989,10.7763692240401,3.92085326395676,3.79334038318098,3.02106769462446,3.50140111858304,7.96611569194541,6.19715805403805,5.04493167809851,3.77168334485052,7.27931012688883,3.93781710051065,5.17728590937122,5.32428629969546,2.78286948225838,8.5747180227181,3.52923060171621,3.20455500690531,7.83011114104824,7.75220196907559,8.37616891956481,4.43307912652165,3.40677557899232,2.88899393079603,2.60761572548894,4.82137829265002,4.38703880725159,4.92996498766757,3.25644684095333,9.22553737654679,4.83509050742439,3.25511841141275,3.97533340564115,3.52844286101376,3.89282015376989,3.27744199117909,5.0705794841157,3.54048284951094,5.2515529565964,7.92794410776733,3.48200236647456,3.20538251086286,8.79871577666798,3.57886724261517,6.93369855819943,3.94649038800972,6.6174574063479,2.856862242213,4.01628540661512
"DETROIT562",7.44856460976861,2.61032036023925,10.4477986345168,4.23189003309181,2.96059616282821,3.04592974481065,7.26113729771442,9.82500128343652,9.63526869591724,4.68693711728386,3.30615225583395,6.650675656965,3.54226601269082,5.47467524055281,6.82002599843363,4.69149893591429,8.92781900553266,3.89841857765839,3.29336445796115,7.37126430953123,6.74513156610904,6.54248841862638,4.97359179987226,3.2946839263725,2.93711993289081,2.63141794035093,5.4722033041513,4.43376429483058,5.10945206954743,3.05197367235005,9.3040504124098,6.55552941023553,3.00903286953985,6.85334672554687,3.38869516942583,4.00576007465072,3.1955598869969,6.49154251284417,8.47283319563677,6.10877859136036,8.94900930068416,3.30452621909901,3.12936349548441,7.95096663773298,3.07270873073854,7.37109429485461,4.37287054766069,5.90484510810502,2.96376396725513,3.494641436459
"DB",3.4840336587391,2.96247893782803,10.2555915482736,4.63613097027364,4.51764755067187,3.47896290227559,3.13027415198108,3.79582490903813,6.24810280483366,5.71100963923671,3.69981995942462,6.78640316603421,4.42052757665072,3.71198518608173,4.0118034915028,3.15186671697083,8.37554956317577,4.92921746761499,3.93282346239244,7.47970534885486,6.61884836723335,5.7802387829754,3.2610402396416,3.12586807191183,3.07335261821933,2.81672467137679,7.41412177281819,4.39881744518235,5.05869333528064,3.19127130395333,8.81783595776973,3.67836318526726,3.19162982521228,3.19952550237299,3.21136187225732,3.56610859234647,2.92824508131872,5.50214864177271,3.83305423413011,6.32576860144408,8.36820785349746,3.69745983356155,3.28337264511272,9.36263179096255,4.40950255705886,7.94418890716432,3.5858365862644,6.82863686339637,6.01784733409644,4.57985535308748
"EW22",9.03867284714307,2.76802439881753,10.2421999498004,4.10667917145082,4.10225323356957,3.13660197497706,6.62602028649307,3.05012394456647,5.69963842356346,5.18914890111792,3.50975330451835,5.3548663947924,4.39525526118265,4.06422166488963,4.49351174819792,3.08810509382581,8.43499683146371,4.93490186923094,3.73532810090151,6.36052452122215,5.90305494043345,10.1041888215956,2.86764887594425,3.07076265623282,2.81412445342916,2.89644195984325,6.01368572926688,4.07961679029801,4.59846852191484,3.85656755734837,9.07056974299297,7.28726228958711,2.96962096358406,3.22329322174741,3.89715142867495,4.06086033204302,2.99584315480983,4.10549184032314,4.84165656927884,5.44984030402612,8.14736671794147,3.65154560444906,4.41024760956436,9.12115599895,3.82882455235676,6.62809528080541,4.7574591037373,6.35212963405765,3.26973999543411,4.76738932501941
"A101D",6.58332909463675,2.77167013695355,10.4880894873006,4.18641499088482,3.60157564643699,3.20054323845798,3.08807252994484,8.64492822318255,5.47369537711079,4.65266644419338,3.38904645979545,8.53917097730048,3.90694913686352,3.46693325767518,3.47837385387366,3.10320926723561,8.53229156958251,4.74225551253404,3.3220978058127,6.65905366672341,7.55590139335791,7.35501337441991,2.98746639984391,3.02442149549165,2.94330097206145,2.85485958310214,7.85184303354218,3.83411430834854,4.8406268320645,3.05023106475012,10.2807532915097,4.61506655079535,2.92055874122012,3.21848890961529,3.82852993380867,3.96586055178255,3.24907560146488,5.72036422595622,4.05424409251657,6.54010853262935,7.48780256888809,3.34054709477187,4.38240929365146,8.87947066531439,3.58777634312615,7.6213140815482,4.11910635939269,6.60160883606788,3.47241254719567,4.36866139604908
"A549",8.4903556766072,2.88417513815934,9.63837373130195,4.14952068797855,3.30456734219499,3.13029349077261,9.142269786654,7.75387560865233,7.91726457876643,4.29100581403195,3.43072386137082,6.23766890473594,4.19473375694572,3.43742717390648,4.10658359685236,3.00571325881247,8.20147573462667,3.77898991334196,3.52789608907779,6.59081587291715,5.81242721371677,8.87401232376906,3.73363920180247,3.30489822385589,2.93281034183164,3.24281312000045,4.1084163217675,4.58741240994915,5.02943355151286,3.44486477143757,9.28730004254083,3.5229619309352,4.07640812813368,3.94410321726608,4.19887019458373,3.94270543179365,3.07599716680724,6.24856302369001,11.2478623884103,6.89465625886163,8.00975608643631,3.59063520978331,5.53925627466207,8.71279492709541,3.66232071675006,7.89163674839617,5.18307953722981,5.65949382089099,4.26471148244573,4.51905225036382
"BALL1",3.24861727242786,2.95951261895652,9.75182710159139,5.185442380469,4.40308026453487,4.23135622442082,3.26029444298119,5.57666820599644,5.99016423015483,5.47462799966795,3.46791666216254,6.86153941440559,4.00372163421541,3.48082978916562,4.03113646159456,3.08647107225859,8.19755606668814,4.69562287981839,3.49621891457583,6.7234835402733,6.4959479392109,9.51106676141631,3.16549619282783,3.25443028850834,2.98335234260122,2.88418046203111,6.59187237498322,4.17489194562395,4.91857177127179,3.22495929242609,8.51137607848305,3.21721754806474,2.81902818857392,3.52119725504216,3.33800432673041,3.58770033892831,3.49747063748791,6.40042036827817,3.39206335829272,6.04222059871687,8.33276858845986,3.35627577470904,3.17543747959388,9.5429081054352,3.91512934890061,7.42252142076854,7.18300245660161,6.27429353322131,7.35059391220246,3.81953731070713
"HEPG2C3A",8.59906409033569,2.81077548428,10.503156310889,3.7197021987104,3.10477550204055,3.2681547990689,3.10375172154753,9.14667582763851,7.5596254151255,5.12376317801193,3.66741996401358,6.81956640128016,3.49795579349811,3.35490062441739,4.62820451534236,3.02725880339754,7.26051513959446,3.61798485321135,3.53632356988075,5.35129752384885,7.91963643000175,8.95832191991776,3.07831734268395,3.21739108781766,2.91066890291774,2.97087853769914,5.36536867170582,4.08726371221692,4.75868147182166,3.16131118890718,8.79656201920788,3.39936829983849,2.9014992872991,3.13233201977544,4.50487338402457,4.01414413506514,3.48864078540699,6.69662438695813,12.0512167338244,6.4528659928894,8.68658351738516,3.32390358662605,8.89454205425991,8.1615297384073,3.25682247632027,7.62677437650239,5.96379325624684,6.38999097808662,3.3050307177443,4.63342117954982
"CHL1",8.33942309591748,2.69578181933153,10.1762924317733,4.20789158688355,4.0062505131037,3.11099059247582,2.96641492114521,6.01575586398838,4.00359136670569,5.58148412053154,3.40834527236306,7.15206626531974,4.02548011401321,4.0055705934578,3.71534815247592,3.08824077278346,7.9828121737287,4.21735143454373,3.23949153085437,7.27332521822955,6.73641974565894,9.13549994631663,3.10878257249093,3.37335724479382,2.8514256853767,2.85508330034174,7.32775422239999,4.06161792774744,4.91530413449628,3.03728799456199,8.9953788080718,3.29667936369575,3.56912990989142,5.21999659739035,4.05866685016275,3.88011526672455,2.85949629703434,3.72799605126628,6.19164341451043,6.13067061040598,8.24610532750201,3.48234835574377,8.50992852175536,8.92006685641875,4.198200175475,7.36731681527929,4.60034988168798,6.66539332519916,3.19583601109722,4.13023257607115
"CAL39",8.74179351595773,2.71314919683616,10.1725660998103,4.35109467233078,3.25622580903511,3.16690736245447,6.39445957896693,7.67874089687302,7.94211046430626,4.05053257119777,3.88240751669503,7.87071697439473,4.07225407242405,3.25584498108439,4.78461415761211,2.91728150579891,7.57414400962731,3.26425535209627,3.3800804118004,8.41453278127984,5.89274015724021,8.02354192243574,4.55505107386348,7.22691364919303,2.88121667702096,2.96462665116184,5.22485550594526,4.93327262725306,4.98325556750994,3.01253636899984,9.41379515808035,4.9854016739604,3.05222531053637,5.19724869682294,3.33491449114637,3.7740761901737,3.71326667655065,6.32218729240117,7.6686313633662,5.33808751036522,7.93752163967393,3.14210954798266,3.56163828471967,8.71363580216054,3.1519516547938,6.70282636644504,4.03935258757671,6.25154608048089,3.03581081001248,4.66413314668919
"COLO824",7.00416449982414,2.87346497342127,10.4349355797923,4.62454152746736,4.16911567885852,3.09027631476054,3.15568517004414,6.52151240777463,5.2312272759065,6.06161579656068,3.75293249834849,6.67009619459831,3.71532516208338,6.84962531403758,4.59603001163356,2.88889981096221,8.73450442503873,4.67441535594519,3.80736506812187,7.46892440828256,6.08780062947982,7.5783343588323,3.51002026923609,3.11349425402251,2.84117990963357,2.69856133119774,5.74646695471427,3.85163700617805,4.02157949331915,3.02667354022193,9.16313534882331,6.06060382085125,3.54409132831677,6.52654137449321,4.99196524095443,3.56675023788839,2.92777006896571,5.97821332674864,3.22690786134539,6.29169304443544,8.38566559085594,3.42717803645577,3.19192607893961,9.10201485686672,3.75708621916801,7.02916719921985,5.69285399182072,6.72963820895694,2.94777647351191,4.97537339543806
"CTV1",3.3287535532369,2.73350230272036,9.71730375951029,4.02550934671939,4.93694052093783,3.29531877644655,3.72479311124039,3.45135064666234,6.10894277384492,5.69341559430659,3.33635636389769,7.20391567932568,4.12143080428574,4.05450593255043,3.90294800516834,3.29811557721323,8.55142128834773,4.32385175869544,3.4949644453187,5.92538625672768,6.98008102183043,10.6600582154215,2.97325820306701,3.22372290883884,2.97940718137251,2.7673352280498,8.35805638046807,4.51506291123342,5.0407649560652,3.14489535311182,9.68694105738773,3.20934164604899,3.31002723958897,3.23661866360621,3.308089750258,4.86006019596017,3.42600588576499,5.77609584485001,4.56054413481164,5.77971655016928,9.12475092657202,3.36506562966436,3.11917237056085,8.83679488420747,3.7683683560217,7.13987760616481,5.11091706830073,6.24380246540394,7.61853101540969,4.39587645643906
"DG75",3.34082054757947,2.91415533678914,10.6577864418095,5.16578501318643,4.11892346132083,5.78568996406144,3.11167791050335,6.88404921811648,6.11384837525744,5.21923261557555,4.88993078088174,6.84524882049075,4.13325139177847,4.99898993864946,3.63127146195314,2.91103352630607,7.76937242459613,3.8855531503812,3.84875090273597,6.94695779847893,6.36650640542499,8.02883625170726,2.88911579997866,3.25405702702346,2.98776274649115,2.76174508960752,8.76170010771758,4.21454183346083,6.36800617567262,3.08998249089822,8.91331540508431,3.35074500644117,3.18551254197236,3.35112100988373,3.26567903473739,3.47191565726424,3.05895260513449,5.63273969220266,3.44131042382492,5.14327976584348,8.15322325243804,3.49237149237856,3.06338575048693,8.18805607218825,3.33563212133236,7.60499016620737,6.24620129679929,6.44259226523869,8.66141299163629,3.51992900064239
"EFM19",7.69079139431986,2.93676484594989,10.9268406858629,4.33267278084645,3.15677711283281,3.24981129765849,3.45924889057324,7.64398094311078,6.20246428020848,5.88559429445636,3.58009813774738,6.88782394506552,4.38325643968955,4.97808989517781,5.81657968437676,3.07229575552603,7.79625285535873,3.53343524543529,4.01963512813521,7.11060066430522,5.12909309176758,5.48623680518228,2.99807893154377,3.32268918483048,2.9574731922643,2.9845571652858,5.23213163379834,4.58402029674333,4.4944765350545,3.60125791607311,9.43113908045011,3.52791103299159,3.03140819640188,7.64404968584904,4.33784194611888,3.70754581492781,2.9705212099312,4.89230540640508,3.50466589755325,5.00954478997961,9.19234126081569,3.44218897425483,3.00844424331803,8.3293723072694,3.74297961554555,7.93066397437077,5.70495291863294,6.37003109942035,3.10743576724485,6.27340862570327
"EW11",8.38532020361711,2.96620133487311,10.2582806112343,4.29143227563922,4.12155649612109,3.3176576289699,7.10113261395488,3.27759107076917,5.9844045283673,6.25309277326661,3.60478034928085,4.8406150025616,4.04968448176032,4.76413990547246,4.3969776919207,2.91037982840224,8.0588037525031,4.25255682801617,3.74625618136497,7.25909816620962,6.43899928956973,11.8936776119761,2.88364771630602,3.21004637643527,2.7177533479235,2.74781440948239,5.05372757555091,4.2962339169052,4.85920807110306,3.4309650838916,9.27432182397993,7.50995100058703,5.50632117531584,3.28193590788775,4.17299335256095,4.53543140651164,2.83778934487808,4.67747585838305,6.59353469777112,5.35097410790741,8.41942440733369,3.50035890357751,6.21072186312805,8.63674106858617,4.3938194170239,7.29464472535473,4.76630860013753,6.50631946270956,3.0995868512445,5.21887886120307
"A172",3.15894519341987,2.87267807279073,9.25127662250661,4.03356379505342,3.58677043795291,3.41211994130904,3.54642217271159,7.69645963477321,4.44018297299333,4.81108692967833,3.31804097111227,5.52851334439623,4.07588881356758,3.559983624962,3.93635742919121,3.23830936619854,8.58355783752543,4.22559241197759,3.396650759857,7.83681044492124,4.85515257742123,10.6035402745026,3.09500352772051,3.36532965190473,2.69568148508776,3.45729998495316,7.47462603192193,4.85166726417855,5.30121127951839,3.29916853755442,8.52745912869196,3.2435283277943,2.87805749959639,6.68270293650803,3.93915716107982,4.21356240204549,2.92107361081332,6.13211032410386,11.2256573583088,5.40553580283347,8.65514699394751,3.48150696805348,3.78536446333063,8.83678628937196,3.90652378683965,7.51551068598051,8.76157178581697,5.37179615662678,2.88150304091383,3.61451775500272
"A673",7.29813858979774,2.88832979859323,9.92078808087696,4.12154614718979,3.6751454025582,3.09574675244509,3.58433514097159,4.72977750640399,4.949869592405,5.08213566973018,3.55661264703704,5.90214163642143,4.22288686599145,3.36180218221365,3.84817741516029,3.08266282120945,7.71881555862663,3.71020556205131,3.40681005486551,7.12541556416505,6.28561391364764,12.0978488031311,2.92085350130812,3.09153425420394,2.90637785415999,2.77170916597207,5.51397008507933,3.68302692115697,4.78720527703756,5.63601267651,8.80831369321745,6.84066601318133,3.18924273297291,2.95757842666491,3.69371791649656,4.34606176893573,2.86740557348887,5.41821610920043,8.70596405373316,5.64669682849194,7.4469930361602,3.24631556974935,6.19133791934017,8.41764636064209,3.73392018419678,7.06210699167331,4.46572903929586,6.32075209874427,2.85611369310791,4.77577620916277
"BC1",3.20664932016349,2.97597056895625,9.74141855644748,5.37883555346918,3.10218946939563,3.44202218056655,5.49092923361766,8.96619653511115,5.77355602431645,5.28742423650574,3.0739305944321,6.76573949116191,4.07012857387978,5.9152017039995,3.97936055778791,3.7971997894223,8.50582260820956,4.41774253697015,4.20385899786283,7.17060637674717,7.06282527119522,4.32422788651836,3.31704046558424,3.10489853553538,2.89407239391075,2.8896190226176,5.80215367380912,4.09133396258236,4.72931241583287,3.18290132248038,9.91706561108316,3.44869696156262,2.97954970908618,4.08207741423307,3.31892817970589,3.74051421834937,3.47513302763677,8.03291495540299,9.57831528113158,5.68583817160055,9.02955459325701,3.40312534796263,3.48087284740014,8.69633532735726,3.08651349847505,7.61464316561201,3.37694471015574,6.75965534057206,9.93050414540731,5.65734287744151
"CHP134",7.72605843695074,2.88120752695036,10.3300696763224,4.02638673471059,3.32203515222044,2.92004881185713,3.87612003151725,3.17105272749632,6.34333560673985,5.0879094190134,3.21326725233623,3.65672148904139,4.30466221295344,3.71653250060192,3.77199320290007,3.112386545119,7.83788979915049,4.64698812605234,3.51201439688667,6.56741850577648,5.63352206034848,5.12217164845409,2.80310750188929,3.36341698852402,2.76203175734164,3.28821255829656,6.0333022983486,3.92685630362498,4.77813780025629,3.20868184658244,8.3664071869803,7.37473070880545,3.03166578566916,8.31872868263828,4.56424191013603,3.75964298210951,2.88729266695451,4.44458600519404,3.31008473035885,5.87334091860835,9.14847524492999,3.7618680955863,3.80246948440528,9.35994527169606,5.16088981578144,7.2809643546703,4.74494420783676,5.77710224488906,3.13681302142734,4.8930532291842
"CAL72",7.49859488381307,3.04209446647206,10.244295096212,4.18717200436084,4.55773090383539,3.09356107003626,3.83020484658901,8.38236101833687,5.31875902410537,5.48241264572695,3.57024384758061,6.42538712747788,3.96884154884171,3.45848579674888,3.48459392391201,2.9110685305807,7.93930029598137,3.58972882002852,3.22868499699585,6.49144614245541,7.76828838549866,8.79441876445351,3.15023753385001,3.35980726592851,2.94158756499123,3.05266111455751,8.78186215744964,4.78958720676376,5.16567002515782,3.22360917185864,9.71810074613654,3.57992321742171,3.07191604553775,3.42695126854778,3.39175994262315,4.0386240419343,2.89599143151066,5.58432427633118,10.0710778819031,6.10671358598989,7.29228551754272,3.47377299312051,3.49245140582055,7.7104771176683,3.41249851751099,6.82633302397906,5.17810199988167,6.59297583074954,3.23298899885877,5.03652407016558
"EFO27",8.17574828854938,2.91416647921868,10.8506724831856,3.59609305954103,3.51575767929959,2.91207284642623,3.35861741942488,7.73313122019092,5.42530939837319,5.1384908083955,3.5905458690563,5.37254714933515,4.31572486103196,4.78115429824794,4.0305775867302,2.98505612150195,8.05959567435529,3.48730097797654,3.36802479893331,7.95560841689571,7.16822379466959,9.19790046232889,3.65591159645118,3.22226042364198,2.8141493988152,2.72226610409404,6.0882037177445,4.81553587527669,5.47352941370452,3.24896115629033,9.42608207753514,4.07536499894369,3.67927020024974,3.50569950781104,4.10308662712934,3.7359736671999,3.04274379012896,4.81146951168358,8.97940230576789,5.61469126684422,7.599027434675,3.37817539507939,2.99844410600446,9.39954898147703,3.21695369837148,7.73878304443611,4.63969042527777,6.95478699838407,3.09877370580059,5.28787821352282
"EW1",6.93465167155752,2.8022717622486,10.5297279273824,3.89036164337013,3.13010893558656,3.19893579276548,3.63411256412905,3.02947769221554,6.26325812109955,5.49205027983867,3.5456431550927,6.77833901163953,3.79473092732238,3.60684815013355,4.2849901828207,3.12233950972436,7.93559754158967,3.61285616137098,4.17961318943097,7.08608365292581,4.60101196444463,9.80222786608181,3.1016689683097,3.11543018656737,2.79401464006845,2.70496577456796,5.24852800959145,3.88486966067194,4.90250692696837,3.30729535447468,8.62037715857952,7.3924989397056,5.50443750291479,3.24269112388634,4.31364666031678,4.42736658615177,2.92306991012731,5.33823847072535,6.88888953517253,5.92022184919071,7.532146744929,3.564885670098,6.55572251913935,7.86162017930952,3.10513198899477,6.15840515123953,3.74084744177996,5.73382425606273,3.09491314649953,4.67189847383722
"MELJUSO",5.41938021862208,3.08769423939883,10.1680736429083,4.01751362470813,3.1737705634462,3.49010981167273,3.20819253199394,8.07558229594753,5.34820560049856,5.47349288022231,4.680316580909,9.06971007893081,4.0040734818301,3.1939843942975,3.67089228774785,3.12761928556204,7.52775165994968,3.88444257413922,3.49846345031802,6.06912126556686,5.68057177715917,8.23941983667127,3.1896672405456,3.54167701206443,2.94145384770591,2.68937006970585,10.7778290201525,3.90952768233805,5.66729473508644,3.07445242565637,9.38094695922912,3.76238496502835,3.69479506170316,5.00796000019788,3.43414453244505,3.89696230782227,2.94390876442988,4.54986452890398,3.43336812097398,6.18934683380515,8.74506488484112,3.63499344558435,3.07987234321374,8.53283195065941,3.75263805949562,7.41315415406272,4.31021989808546,6.7478598947524,3.31992714690233,4.35262281127374
"SF539",7.70770809751467,2.81653014350474,9.89526890354804,4.44579900025324,4.09383819717132,3.60588668691043,7.15615343150778,9.1424586100967,5.10715367080769,5.75098451110362,3.95314210756549,6.68886533707593,4.12288807078963,3.23813556024405,4.6427600502645,3.3915686470058,7.51281154842297,3.28250739683553,3.46130402180142,6.32559624642961,6.91292961536824,8.6404062238052,2.94279274068476,3.27174859231753,2.87445322551781,3.22386543539679,9.00611309738227,4.73924428442127,5.09773514549192,2.8407828127051,9.01377497409549,3.20520883223677,3.50874708622279,3.68645980431463,3.42967773012484,3.89260308726427,2.88952154208024,5.17140336587698,7.24133160686567,5.23972470211224,8.11885202896934,3.39180963663113,3.18156554299894,8.11863121948647,3.33095457399989,6.75850051366266,8.1681374674853,6.54335540273361,3.02748092786861,3.78046125927941
"SUPT1",3.25961414520375,2.9454961847492,9.80768147606491,4.96771552876718,4.86318995422461,8.93678481556103,3.18778212969435,4.54940716055309,5.78889449613651,7.07678358588698,3.32413961102703,6.42799168047954,4.58245387781575,5.9631197924228,3.89986844637015,9.52051917987406,7.7587833539004,4.15017342668345,4.00534541383966,5.52218710412033,6.56404416826752,7.05135493129095,2.99405927247052,3.35443916451942,3.01364520877556,2.74831949714589,5.77631343303066,4.35096258317318,5.14418604132636,3.05010968714996,8.92552513031114,3.23184686217797,3.91807869733592,4.18795227470754,3.26011430662882,3.55691104708492,3.23570967500919,4.73869437570328,3.64766077762592,6.238542699729,9.10108489382738,3.57981070225351,3.21025000157461,9.19690294972339,3.27551269875072,7.43424933474545,4.11188432751583,7.02832581703893,7.63505459429609,4.89577669377048
"KP4",7.72009105515785,2.63278536422441,9.58687417332435,4.34978998580588,3.43289468909796,3.16576397159283,3.04081517731344,6.98828254518653,5.40578860126193,5.59835119794706,3.45996603605503,6.59083433375518,4.50155838869098,5.29170087506884,4.2892199664368,3.22416430017712,8.45014085542462,4.0491408915848,4.51699876865141,6.3188730638082,5.58535077839356,7.73158819600891,2.83237357683748,3.32564048460053,3.05492221637944,2.86552560738112,4.46860987141972,4.26599881248563,5.07248485409303,2.98395920394757,10.556838772399,4.07944721766381,3.41399102262631,4.8685774742703,4.14421452840473,4.04305844925491,3.03974411043475,5.66572740552101,11.9468451495013,5.87468111876771,8.23960365177388,3.32410216817172,3.08340591900929,9.27135149125507,3.58639080350012,7.37168004781281,3.91390212856996,5.99122440574392,2.96001745799597,4.85268866676528
"SKLMS1",8.18310881892188,2.76256765702115,9.86718507856842,3.3756626239314,3.22316145457735,3.14652694198289,3.60260339446554,8.37747762177711,4.35535751423561,5.12765534871852,3.53018061895673,6.89667481042933,4.41469993911147,4.09873120372094,3.91810491197692,2.89585286953502,9.25063946670378,4.50029712435808,3.4850788614518,6.28296847075909,6.22829284969562,8.81625568010051,2.94606656866927,3.30232077843457,2.89022221093139,2.7851365753905,5.1439327058163,4.11409654555833,5.04191960927595,3.0393580487914,9.08034436640328,3.5786381159766,3.13237170422118,4.32470720022646,3.43476215991443,3.82534113138265,2.9521144623673,5.06290152529883,10.1836064802992,6.57131678391582,8.69118585745759,3.35493477572911,3.95391199386063,8.92149717706968,3.45250854298222,6.48013483585335,3.71301089155774,6.14434356562373,3.10285542695374,3.97179506221248
"HEMCSS",7.04720352341123,2.9211713454536,9.69746667257197,3.89421425575738,3.31731452645805,3.52985409039555,3.22834933076368,9.40559071316592,4.93838046469632,5.15514944730939,3.51284176529831,6.48379843853889,4.00825896030705,4.25214502855253,3.94094852020643,3.16085324942221,8.12103572717816,3.74321616070905,3.6188105561906,6.16247565471147,5.89563540388626,9.33583021296135,2.95736424103599,3.60800629729304,2.82988014792693,2.78048910145394,4.74937956475649,4.19208750416333,5.34033521331631,3.16828452049911,8.93019200450685,3.68333356903788,2.9836339199496,3.35432113949346,4.01836517731175,4.32620388802568,3.02779260690314,4.92737024466432,12.2921857502568,5.85120861462901,9.24863207990197,3.74947831108222,3.08460498380707,8.14371846655357,4.3009279199522,6.7269900665496,3.29868861942783,5.74838705388588,3.1415571404324,3.79260168553875
"HDMYZ",6.6542664529805,2.85319587794434,9.77609109168513,3.83338740912589,3.43443560810107,3.32016275920551,3.18945526788657,7.2030278831777,4.71236191516747,5.08848895491475,3.75912247763009,6.07203523863644,4.33284188707736,3.22352852676754,3.70329308933574,3.18585330207826,8.07151560212506,3.73801762614209,3.47007134465813,6.58114941816713,6.11621638596117,9.57140202735508,5.39571607507996,3.48276576406733,3.65224541758241,2.85077717574424,5.16341499705117,4.05457148720138,4.46357706149001,2.85864702405875,8.30322963118646,3.54600560825124,3.22375214637362,3.51758300283468,3.89834832072761,4.21349596456174,2.88938913719484,6.3837128271739,11.5319508851296,6.26572342083214,8.31909028781333,3.36298239596967,3.5508272574693,8.55813321098961,3.92088514476139,6.90207756410802,4.47430674934759,6.54574244618758,3.08403978590012,4.09048844677992
"SW684",6.04330232676325,2.76554277721242,9.64106044283044,3.79809590648051,4.59649420173954,3.4301147649877,5.28907128678371,8.98431023261377,3.08234687487275,4.29472751246675,4.55002136735355,7.33110560452303,4.17752007212674,3.480967953544,3.79260844608225,3.19928762052605,8.04638234018605,4.0851337722199,3.6542408867851,7.63388512408551,6.30525967077148,9.26423162549156,2.89974541020123,3.58692113102848,2.78923896950582,2.7794506518695,6.42482904280181,4.67965970021582,5.62485006998481,3.15582177497567,9.74120721021305,3.17115677648797,3.3763535012228,3.15310745214508,3.66230446566637,4.21418797855837,2.98978615623197,5.97853221822691,6.5229467497161,5.13711484081356,8.39457295748774,3.43015674976297,3.33138246350736,8.4682979040807,3.82159707765706,8.08421394915611,3.41062213118839,6.94139754965653,3.27617165059821,4.4672939366975
"HOP92",7.67633426648468,2.69291814451016,9.10580514184432,4.22117172659041,3.34227005099196,3.39063146561632,3.50570298753916,8.70134085681502,6.20784666006757,5.24461642931689,3.87520863068143,6.95517713075878,4.28209495585796,3.42006558853648,4.07106319157856,3.33944815226109,8.8194759136952,4.36410132011709,3.32797615137465,7.237593127087,5.6556429420008,9.89634450315613,3.65708044817259,3.49989115533066,2.9307011648049,3.65703188017412,9.22847365960842,4.94601713377688,4.44175864197963,3.18196577388423,8.53475188377215,3.39156906118271,3.10540666936391,4.83639579284096,3.60667046277554,4.01452834550028,3.15069795327898,6.27154992526196,11.1047110603706,5.12566838298774,8.24314344665542,3.45128068143694,4.37762784553749,9.42298282626992,3.29723031270505,7.5826795076007,5.81899781785632,5.98301094612226,3.17045091671923,4.45569337207623
"MDAMB231",7.78221115631101,2.84251315040348,10.0459985548565,4.42112072526255,4.60764722758673,3.06273348360159,4.31773365585369,8.48838205909608,4.95889339908209,4.95093594670137,3.91671112233547,6.97570816030569,4.60939595427536,4.21783294144302,3.76279413476725,2.90495679464668,7.74204225231497,3.47914258440929,3.57589064078287,7.23828920837419,6.0771436832186,9.01284777604316,3.61650136393405,3.12352952510507,2.84189748156731,2.706072246398,7.79449063763001,4.35619445332835,4.9076440433692,2.81615521789101,8.46920744049156,3.43948270563515,4.39699826650552,5.7826981370406,3.58813048379863,4.01946867315207,3.23327893172581,5.19544985860074,10.6685132992004,5.48283022337991,8.47869479708407,3.20640622436702,3.84818706383836,8.16401333699409,3.31100418605933,7.10019231291266,5.22251365642324,5.70920902735667,3.45203975302135,3.87012703802881
"SHP77",5.74708951278173,2.90050833656678,10.1043145382645,4.15314686364762,3.54164874880794,3.10829292145002,3.22239099189242,6.56581578660439,6.38964494423866,4.83374517171734,4.48078153699362,7.23330746092161,3.87698852109102,6.06657754693734,4.12803207170538,3.22379061469447,7.26951928950817,3.5861140373888,3.16387369091756,6.74093683618575,4.89968776097691,7.68281667632093,3.44995346839667,3.39130784476004,3.00527016581211,2.81282464595776,10.2425481142929,4.02883941162153,4.88884991419733,3.17089216674877,7.96009264513186,3.4377272742469,2.96372849298089,7.91822360220586,3.79346954626864,4.12287039840596,2.78578950336505,4.640228062213,7.25816409006013,6.01363084696731,8.24031960553764,4.89000823058182,9.35410736586425,8.28382802075209,4.00049480083804,7.16001308833748,6.73073188294394,6.54623725143622,3.19194183734173,3.95702843938115
"SW948",7.70775327702731,3.21038141878182,10.1742327703097,4.60293627037522,3.85412175598339,3.18587600888561,3.49915815978124,8.19791532332083,6.81829521544756,5.47275083752964,3.66375789306029,6.65779927647168,3.485709182257,5.43411322118841,4.29926477396679,7.18834678893331,7.98094660327839,4.13517007684619,3.4284819251516,6.96271137501242,5.65102764693192,8.99332412993091,4.27071493279393,7.85060100216255,2.81106560606628,2.67600466790938,7.68330623717719,4.57368952032827,4.75699487337711,6.24270233456568,8.14606241745714,3.36861813418007,3.03750380083883,7.49791203864463,4.1549436288683,4.06902893622178,3.28441933232684,5.68313691826418,4.52054410232742,6.75142631235205,8.59516100365135,3.50939052953153,5.92108666436704,9.17177131523781,4.12620228886962,7.5218440311771,4.5708231108658,6.42004520036079,3.53315693857407,4.29762969004795
"JVM3",3.27400904807965,2.72954414585756,9.53053536580357,5.31596092304096,3.15072043266762,7.35873502726888,3.21595626079353,6.94384899563383,5.27916759560422,5.03824814677447,3.32285704966767,6.07677920850579,3.95956785800578,4.44068502882364,4.0382591160503,3.25376878384006,8.22277713726828,3.92412575650404,3.61098444024336,6.13278035619894,8.30693241054109,8.0901613766107,3.07491392143017,4.70435529320876,2.92386929888214,2.77670432961788,6.42069439307708,4.13413051216336,7.25872722918088,3.14101256972879,9.98296190750301,3.35008518270437,3.13219755331849,3.75982751109282,3.42326121568475,3.45927843904663,3.57051651921613,7.47657997610845,5.16399450434711,6.00062207508878,9.23073706528266,3.49097693473201,3.06235249536556,7.35039722792238,3.45354356223816,7.24808384323216,3.58913486866532,6.65926226886934,7.94817362674506,4.1351071343145
"MDAMB361",3.28275461015891,2.91052675373205,9.88832848423632,4.22078010201706,3.51135282048578,3.22566331120767,3.23572741120113,8.61922185355972,6.1949901209177,5.54292577875717,3.40098425637027,6.28641193432534,4.22642760610993,4.1923031435143,5.18361821216118,3.12668857697054,7.30652496027184,3.13436305731242,3.50243996976211,8.13260275445458,5.89070604128034,8.07324311928988,3.18421269969764,3.4357436078405,2.94017108632036,2.7718765081202,5.56396659761905,5.25647165999474,5.93662549731078,3.15454236604563,9.25806915135493,4.83266318104565,3.12598725964325,7.66235216541662,4.79270740268528,3.80403676150439,3.07446597915119,5.51993614289722,3.39133352648778,5.52550263005548,7.58640263719166,3.48303882153839,4.25157681640667,9.76104846270074,3.38474714320166,8.8721845002382,4.56896213719341,5.22276067126931,3.25140550298036,6.46550113667631
"SH4",6.80973336497418,2.65919958078168,9.34642982215936,4.4430394655546,3.57887163713251,3.4957495525973,3.1705128393786,7.33604479036819,5.66086394860123,6.22080243842317,3.4309189845181,7.48423519370608,4.22470686134987,3.22218985894092,3.88217825379288,3.31741707160179,8.27631814976428,4.69002280398234,3.52500575604408,6.17707512307224,6.40723685627572,9.47543177940205,2.67141076027424,3.12461229399001,2.89162471592487,2.79645398956746,5.83315501648397,3.92859040996353,4.99685899013709,3.27214420860174,8.95958876867211,4.88635442846084,2.9244312535074,5.15791909185978,4.65417331559079,4.57582100705073,3.2881807752734,5.87126893255613,5.98933567444613,5.97078274648326,8.34922401161559,3.26272434653311,5.25055944005498,8.82220462824167,3.68308704697916,7.07586846261109,4.74992291551758,6.20895482761259,3.04932014636039,4.51864191837556
"HSC4",8.22164182665894,2.58527692763012,10.8138253812405,4.58437106377884,4.02692904710194,3.21247866694881,4.4766279065618,7.95109475863427,5.80048902933098,4.69759722939141,3.31964599671881,6.04078996544488,3.78231612842046,3.39526291135946,4.95565367686758,3.09979409278256,8.6896173179377,4.35754685763069,3.15708516161915,7.50024000027514,6.11021626414904,7.98241826018587,3.51526325893859,3.40005041945541,2.98845241336909,2.74231951964862,6.06208751309176,4.55913126665396,4.79354260405109,3.07487724350198,8.72894206799355,7.52823113278704,3.27027619692486,3.27148826864164,3.49993559916754,3.77397968139522,3.28285004549458,4.70067871396223,4.6575022919768,5.90250546773831,7.99360688542214,3.29876396944839,3.03974443620041,8.59267738413611,3.15724773087932,6.97846140170035,5.33408882830287,5.41557682465307,3.15225223352562,3.87093116848698
"HT1080",6.77999123115812,2.96108136291725,9.92660111444003,4.03649436309669,3.29392478356218,3.33472660357205,3.37609573675705,7.6041367388548,4.64530369384483,4.5920590076525,4.05606279703764,6.98561451142946,3.96321949135404,3.87732617325786,4.90673841408116,3.14652572941559,8.18906464070209,3.68279936415325,3.5120195577547,6.41490361708944,5.85401084617437,9.33918651964342,3.25603146560202,3.10995073935376,2.98149965809204,2.7812823099911,7.61624788450036,4.55034455346708,4.46157479309333,3.02468079318791,10.0836004772892,3.32727919312987,2.97792421793001,4.40186325852768,3.67415644810551,3.872099436105,3.05534238374311,4.72787241423984,3.98753244542683,5.8825298278822,7.84695352535756,3.37603864614663,5.50389765453066,7.95688606272542,3.56380875962034,7.45955933722368,5.47435294944184,6.48050900899243,3.01758616096915,4.01741838312781
"MDAMB453",3.36690595161197,2.95839167165206,9.48667674200189,6.74246410613556,3.57685223691133,3.4793725358385,3.11076837029272,7.33644376982385,5.27976742696198,5.56083659093847,3.68164776087067,7.6244465705198,4.0813463110943,4.18271525444911,5.85666895148668,3.15835378862347,7.94873820615751,3.8029817628441,3.69459680263564,7.41050037079815,5.5241843454675,8.1969819901597,3.31172977173487,3.40669387977204,2.9553074260988,2.81889448960343,5.45513921083117,4.86697516837312,5.17037648810836,2.90032277631584,8.27919610494244,3.0857457833769,3.23553695235135,8.08649034731159,3.85391344182628,3.66266111781866,2.84956494463594,5.27090855533875,3.48958705118313,5.10888060844459,9.37522112207996,3.32709473598291,3.02763395106052,8.99286857860276,3.1603318862149,7.57247611982826,4.5143310957535,5.88875198837162,3.3310361588275,4.87449940620961
"SKMES1",6.89363958004017,2.79263847412366,9.40027939119372,4.26129815808773,3.99363116441925,3.17334801345739,6.05854143407274,8.45414367766005,7.87389997564381,5.2200703324288,3.98145151270019,6.59368773159902,4.21215122388647,4.42362354563422,3.98650175371135,2.98263043098435,7.82371146559311,2.93139027525697,3.13753499319211,6.79039538146759,6.70582095305896,9.33483833520944,5.63870340852319,3.46432400273667,2.8838034084973,3.15197977011747,6.49763526033623,4.69849803812625,4.99463253829995,3.26613477724846,7.99252046425265,3.31671916988761,3.34701415093542,7.05308797438788,3.4408449013635,4.24048566029914,3.25808164801575,5.67178918461612,11.3077981198851,4.99548338443099,7.63164915698359,3.3290646500798,5.40517514085288,7.94018334280538,3.37014885432494,7.15449590330352,4.73375914163731,6.52934142430034,4.27016355298803,4.45980760790023
"SKUT1",5.62279603827697,2.91363950028213,9.54473282859166,4.20505349948405,3.36020799048281,3.15816033957361,3.26141351234953,7.29114993062254,5.49992496859861,4.59357598638782,3.7712721687812,5.45419265005886,3.96717984650827,3.94039654612827,3.93122379577806,3.29103917548909,8.77151886385275,3.61236505766833,4.17611065430629,6.24544231350743,6.4801936134557,8.90002022015269,3.05656598210814,3.22480294107635,2.82041220970392,2.70007439928751,4.69533145694169,4.07707703330931,4.38414546845562,2.6550189547903,8.283485153363,3.3311699550424,2.90134037990559,3.28364710049951,3.52742860866641,3.94815537525352,2.84140592993525,5.396792528607,7.0702729654062,6.49383378952931,9.22505937982705,3.43909761818953,4.20082202897485,8.33618467968238,3.60254504449708,7.11180132758115,5.68087708516229,6.18484708799969,3.13964430689273,4.36035185523506
"HPAFII",8.87144857225952,2.75897981146442,9.72745284199106,5.23928029764885,3.85594429693493,3.18515757322768,6.29299534147202,8.51859188469829,5.71193124303961,4.99064645497279,3.37057841913763,6.81738199894728,4.35421374651385,4.08608523410017,4.21807293576854,3.06500925392956,8.08054315150247,3.86263820289902,3.263368023585,6.34634719802503,5.99379884802186,7.66867795318137,8.49673428646234,6.95041396066727,3.01671025056132,2.87943182844388,6.3876644202139,4.50327696760459,4.50228294826746,4.60996649378704,8.45204888433326,3.36947871444241,3.03556606983207,7.62628743887147,3.98374768626733,4.00451370987143,3.31089247651166,6.65390808293895,9.63619876172742,6.04351428101907,7.78844340065505,3.42342190347429,3.39000262180223,8.23122229634136,3.55335289303169,7.00389239581717,4.30997921980754,6.0489523053287,3.332143905728,4.74929794974084
"IALM",7.54090982967814,2.8099831692168,9.92985169816104,3.6620780831214,3.22572833217471,3.28024522014397,5.71194103145037,7.07638906240971,7.24726077723784,5.5686218784926,3.35436772325929,7.47225788538186,3.8324567337483,5.89635269886197,3.92361240608418,3.23239859456258,8.89067848920842,3.9368442816828,5.37154792734077,6.51421753029617,6.48059297014124,6.49531205145732,3.76414436955372,3.12083663649044,2.88849641990822,2.74181907683122,5.76123554665068,4.42558211933142,4.70713993815635,3.27165097848732,10.5394315214998,5.56769324509967,3.24876527431281,4.70439768745867,3.87905410161462,3.36510547220654,2.89631110591158,6.1936039249108,10.7541561606578,5.80044633433764,8.73304257265943,3.41744594938471,3.9282717547221,7.61744061433893,3.1190440871208,7.37619947042475,3.88964816697858,6.31991708511033,3.05511917773673,4.77875240628383
"SBC5",6.83143220900304,2.94201679738818,9.6498204593595,4.50109571526799,4.20102795623105,3.59050866144841,3.28363450071261,3.09961824316621,5.1385764364596,5.51992260593744,3.9007837176446,6.7233337379211,4.46095722943224,5.50583419387818,4.40179535358222,3.24289382008125,8.93117973727166,4.52342807870675,3.928589076256,5.99983070190769,6.29951047957836,8.87751764521498,3.20261580268308,3.31010459294256,2.81583696157529,6.0076538649297,5.21046923671655,4.30930067924061,5.58393931857781,2.73844503416742,8.74804473730498,4.4731734571081,4.44558216136449,5.44927790104945,4.26747896565639,3.93153467167476,2.86691730058028,5.2982060496189,3.5938183645155,6.34518662342047,7.91123826311918,3.5011645194184,4.65992294769878,9.59590317782212,3.60501777413797,7.65230326805049,5.25655624598035,6.43769597115934,3.77733185176908,4.51419311558137
"SR",3.16444282001113,2.70192926417037,8.97397918884342,5.5502086678859,4.82872652814346,3.34490812576164,6.19118335331684,6.41857786928513,5.34472289877092,5.7501073322525,3.51793179742612,6.60000274869985,4.24842427788325,4.75060538696998,4.11123824454361,3.41561511104769,8.46009062463089,4.28452836021635,3.61927860772601,6.71326200422496,8.14263586467453,9.75936800061834,3.1657823811502,3.21903384567055,2.91170119858128,2.75638980774471,6.26021491464037,4.09639651961108,4.63511714089665,2.97223925078737,8.883897182374,4.12631572063532,3.17617029263965,6.45206170679014,3.45699976219028,3.93704106362189,3.15085223746251,5.59225601586115,3.3060489845757,5.40683249636432,8.85133508483661,5.34358693324136,3.73655250029986,9.00843677583374,3.96231364530617,7.11611304594626,3.49280530796737,7.00806312352331,3.18466082560327,4.44219284280472
"SKMG1",6.13698731643838,2.95185411024501,10.1599907637991,3.52315982718789,4.02897420125007,3.29575470061222,3.44956450882491,9.00090106065572,6.10852644705597,5.64018714392304,3.41977024892482,7.10134849846821,4.3204509556458,4.23404282373934,3.55605140590687,3.0975534712094,9.00605972315983,3.98150959337629,3.31511818310673,7.37888173532208,6.29640654398573,9.33889430506515,3.03650714623796,3.56081580350737,2.91029141631829,2.85898161577758,6.99074525086488,4.41844252968373,5.03048545666297,3.07871279877856,9.03756275793826,3.36955435894526,3.00644210786429,3.27438399225583,3.47658755046328,4.20420608987178,3.12242716018805,5.47410697989126,6.19274915462783,5.71605689653568,7.93829503374293,3.52354541549877,3.74461903941147,9.16303907810576,3.37978644819427,7.22364393889905,5.51901477115555,7.3883668726459,3.16940988478897,4.42252414434737
"SKGIIIA",8.79075297390476,2.79379382205491,9.9779870247542,4.54702002992507,3.35221400407898,3.12286934210629,6.14782101431891,8.59959456694921,7.19650084405192,4.41248048058104,3.74239368565138,6.99505169013301,3.83776490962474,3.04921758686856,4.10144635379412,2.90926621850455,8.08942757765828,4.04329043191151,3.44568589950214,7.14900550749617,5.49792360657899,9.52604646638621,3.08286752875604,3.64601889593614,2.80300859639352,2.97050726721725,6.54740278981546,4.23866299954936,4.21699110170477,2.90595244319352,8.20206370405306,6.98626781787897,3.15457986777784,3.89961375160411,3.46089747084725,3.83037004277582,3.36851848116527,5.48424243292984,10.4378135313564,5.57431957756979,7.78629961690474,3.30342350309651,8.33833352168696,9.06449151255704,3.31785566177286,7.13729690330726,4.25407537814409,6.27159603604913,2.99084436582385,4.68834614767758
"KNS62",8.25977208359908,2.63158798919874,10.2585764492698,3.99815483086873,3.92445136970071,3.14029122041287,7.79147146433958,8.44567747587272,8.1864217400104,4.81572772952239,3.75734126213767,6.91956666421157,4.00265621183044,3.83212723918623,5.67587414828933,3.11553321212078,8.89249492660548,4.76533376637669,3.62291264277967,7.34843770226716,5.23985655310334,6.78269075611471,4.29222059006675,3.33089110908386,3.70598293131198,2.87975376065814,5.51688963532182,4.18013621616759,5.00651158088113,3.12803006930265,9.27067756144101,5.92835686825129,3.10327875594817,4.44799447052232,3.5069315053276,3.51366846468369,3.05462584352073,4.67289701896252,8.35995593963918,5.5613770498207,7.6969990295206,3.36819874116002,3.17336073263574,8.10870483863525,3.86822441013522,7.53417408598295,4.05625497310766,6.24539735506307,3.7553531805408,5.32181210679903
"H4",6.62817133802887,2.90038412363591,9.31605533025247,3.9575717692117,3.40531687573103,3.02581193399391,6.59174785096614,8.0680615505727,7.72783051417785,6.07754125574321,3.23705552934232,7.83726444428602,4.04748290580409,3.40093791916724,3.94445127829211,3.23864634373692,8.74840013153676,4.16095182006359,3.43486050925974,6.7348022460651,6.634056869336,9.56831460378189,3.8297430183805,3.35202069796659,2.94205354663681,3.68019513472326,7.86738610279886,4.41678324031843,5.05511049637175,3.25320732527052,8.86644362388523,4.33200555925907,3.5985255222607,3.9075617703715,3.49778767137662,4.38714320900741,3.00556525513289,4.82031981888681,10.2142222379966,4.3438015211962,7.65565208449208,3.53266748169599,6.99559587371026,8.28335280687615,3.71517803564833,6.78987017978467,5.29825818988024,6.05209941870794,2.95503168910429,4.47671253851383
"HT55",9.295128646834,3.14144099113891,9.51132061783639,5.2914875386844,3.59168623191777,3.2251408057184,3.24430193573876,7.94844430862798,7.01843482649157,4.65969178685158,3.55063482696565,6.87172036632526,3.88138933165543,6.16005116429468,5.32887189320482,7.52627594173234,8.11048756872383,4.1954798720812,3.51654827542558,5.63703529225914,4.90593486767629,8.66235832009925,4.11444493496951,6.14473269932432,3.09461615289804,2.95334434805153,4.72106358061062,4.71404571949531,4.89098298272401,7.50014859141636,9.12399508147732,3.21617557546895,2.93822707538363,7.93753126370189,3.6094734216859,3.77439471898569,3.06448441783878,5.60136978448634,3.57064484841039,6.06631842066105,8.97041168058493,3.40352881276351,3.14943898423618,9.00583762349912,3.90913333973907,7.46216974450128,3.62934406304232,5.45847433065609,3.13127246491816,4.40669818391967
"SKMM2",3.34423974534421,2.80833191199567,9.90620552392079,4.47767084943135,3.79738167723381,3.75167647714388,5.00623968642516,7.28957087668712,5.83332896820172,4.97739694613949,3.41061526129515,7.93164901669787,4.37737820077544,5.7774450269285,4.01633727668579,3.08413083552293,8.32885504487867,4.69488660893745,3.57469474565714,6.47955454594463,8.59602242300984,5.10879963205107,3.12614675316466,3.38964049174931,3.05071246066599,3.63833007277297,4.64094911949374,3.95940647946684,5.04628878335616,3.22021408091077,9.39434272708972,3.49545785060253,3.02806520739315,3.76035878332161,3.50987152468983,3.53623689792894,3.8235782710085,5.9564781456957,3.68689267608239,5.98043786487767,8.64393358216078,3.57475566838476,4.70262461962986,8.72012622832342,4.89650791584452,7.43973073606155,3.4884529472267,6.51872443109206,8.44153982781333,4.59201246395342
"JIYOYE",3.12063074589734,2.79167125089338,9.46625506465577,5.08509846978766,3.57912439177926,8.73762075176257,3.61035374862984,3.4565848109768,5.98211196213834,6.15084863918467,3.60999151141603,6.39020095235872,3.9813260923967,5.95884079809824,4.35560403955483,3.22902830834565,7.96318943860108,3.59416244924676,3.85596112667695,7.00349506554896,6.35730994503444,6.19837298234881,3.3806130078457,3.2771566351186,2.96820802731038,2.87385016958327,6.12203555216908,4.29904906344509,5.91936611029207,3.40971292680519,8.79456314018928,4.21175814889942,3.13589898200171,3.62219552915631,3.57321093873834,3.86527606816469,3.09884495311392,8.19939279672589,4.67926023277624,6.37284455149794,9.52241898685709,3.68924312840345,3.16794220280607,7.82562935336503,4.08826852026619,7.49134626777629,4.32829414443842,6.54954056653576,8.95849086208751,4.35330597575985
"SCC15",8.8502342936955,2.99324037811642,10.1229740188448,3.97017078896005,3.41613477056454,3.45350771845225,6.18806187181476,7.70845792063898,5.48566079976241,5.75109176266554,3.57827627919352,7.39308916840717,3.67732642025952,3.21296584085634,4.76286497420574,3.31679721484703,8.57580891130664,3.91432480144319,3.62517339322267,7.06370330601355,5.51922204961318,7.85175436660995,5.69394325348684,4.73228416177211,2.86612275629019,2.81997945226594,6.90710567625924,4.37516033267571,4.58989827429432,2.92766079122487,8.34687913205592,5.55150754638275,4.13600845648338,3.29590549539125,3.43812434333953,3.9732972388744,3.35926248862878,6.15124767185273,10.1976654005552,5.70335561639201,7.83054618570678,3.19139923205659,3.4436086970903,8.73191665683521,3.12978287553198,6.75353623160607,3.3330889308147,5.59148388027367,2.80830997661663,4.22832850584098
"SKLU1",7.4753088312642,2.8392121270203,9.10288039674307,3.97956768075167,3.6524367665617,3.24970976770488,5.45584375626092,8.13003917508676,6.29566130281536,6.03407757351948,3.45786765436379,6.43847582929664,4.37340331165946,4.01413791635778,3.97745617923748,3.24999736480674,7.8713295146825,3.35798605972898,3.7954342083378,7.73905651869206,7.39065615863696,8.3899975854374,3.15081594028395,3.54579631685633,3.04649745660972,3.01781190712442,7.91009527885807,5.272740901902,5.62909254206672,3.02013133469697,9.94254921743643,3.79998612877297,3.21768787283301,6.24497444423757,3.62817395604428,4.11545903039457,3.12857772266336,5.38629201816172,7.26903693579879,5.50903082925487,8.58539267514477,3.43210924520322,3.49131690761527,8.72606148790324,3.23435575011616,8.43143429469602,4.17840937224661,6.74877781936536,3.23255230778457,4.75411179703323
"KARPAS422",3.39769856178284,3.02521790620432,10.4864603346618,5.54636381383007,3.63442021256691,3.58395711807119,3.18284360262716,3.47939175733881,5.39214624900066,6.17261851107864,4.32474209038827,7.25846108928571,3.87193035944186,4.68914638235281,3.64454490936597,3.03583368175581,8.46826780766958,4.05198734578747,3.44239621967672,6.51112363407424,7.72517538559751,5.27119197433145,3.05058859712109,2.96000948934531,3.0610550583815,2.79915323575118,5.08006045102389,4.31403247907298,6.0728185455021,3.05760805855496,9.46427188825083,3.59929859345683,3.10364451927652,3.58550804699397,3.37473363341101,3.86592897146063,2.9966585704288,5.62162747205636,3.23829894749822,6.25253792915263,8.95541953509379,3.40399151602123,3.21481361993154,8.34799971191138,4.49228633679677,7.82644322222093,3.30051467372832,6.30554259873281,3.00197001079962,3.7826149848079
"HUPT4",8.81759437628124,2.9313613461973,10.1884520368401,4.61126862202734,3.73311679379274,3.16552870504765,6.3971874915647,8.08025832091101,5.62428035150279,5.04089687039853,3.83588928299004,7.66880064971878,4.35452907636812,6.16055562455925,4.30582262677168,3.13524889616597,8.78691949976534,4.00386012877536,3.87662097870208,7.10706253862931,6.52598374972666,6.7957709689601,4.51401318968805,5.52614697788821,2.96269054071316,2.80285046358311,4.19384342081233,4.85178592648996,5.25380851667693,3.47899510531992,8.99303457449414,3.30525865354239,3.04765699226727,7.81113090311177,3.75170746013439,3.59241751677876,3.47123564203908,5.29589703718748,7.98089774681849,5.62032029239136,8.53307391435632,3.40237254598439,3.41908287664505,8.3709827855985,3.83254318735746,7.46131053727753,3.92128839876773,6.18158220630491,3.17515301322717,3.74045164894059
"HAL01",3.45310535327315,2.9814906579775,9.24159664737661,4.62331978682355,4.42987423918558,3.35280982945754,3.25342219663025,6.69767117484661,5.30078949081644,5.43350668609747,3.53652088624791,6.51729382654729,3.97005630355448,3.49210896092334,3.95814244398797,3.2447208341792,7.78146367761301,4.70990842582953,3.90014890111902,6.55875233560691,5.67780683581385,7.16579924669914,2.94756483493422,3.20759977969438,2.98847693564445,3.21095996881948,8.68460460216173,4.07529023886673,4.44814044929684,3.21523158540246,8.43721860427006,6.95925450413907,3.1439173078336,3.20975248460135,3.76782101773109,3.67046849021139,3.59388103830646,4.92390021334323,3.49846077610595,5.82503266770467,9.8183816019495,3.48297315679609,3.99785727781982,8.04645800707977,3.26817494170054,6.81467144841802,6.55961867211086,6.27749947899861,6.64261075658266,3.07274990085672
"HLE",7.94092569801808,3.12632023276051,9.76972202131777,3.69468008718434,3.52050593346782,3.18147273276854,7.7576037804244,7.21048101923412,5.00760139504456,4.90865107362678,4.25032792813503,6.25648869971467,4.39695719633579,5.41607361557324,4.50977118532944,3.33803358518568,7.73947190091929,3.41759841065927,3.41475658283528,7.93087342729111,6.70739047302673,8.15544037150005,3.08137101139127,3.39833509817665,2.96835053242259,3.01338051640839,5.2281283558274,4.84071590521873,5.08274071052915,3.11251128490191,9.5511677757314,4.08220982934454,2.98918841608311,4.5470007518583,3.90885205240772,4.21270002895244,3.28362558027093,5.63361068976063,10.661586739429,5.95791576095691,8.1463185924038,3.50035034515739,3.34529658668948,8.3452470339969,3.48608746845069,7.25787244591098,3.62568150406058,6.44613566075197,3.27967967579312,4.54231262265886
"SKPNDW",6.94094076127233,2.96729944620235,9.95435554197553,3.93157604116013,3.53879145876688,3.1728403415932,3.89215561537762,3.36938822703909,5.0566194063312,5.40780362274439,3.8303131615891,6.72438829747579,4.2492047253799,5.35749910935019,3.83545634241717,3.19584583938939,8.04919035893671,4.26168291854542,3.99618648243161,5.61691130875953,5.66729396084435,11.1999653173334,2.76980160950353,3.29321645002,2.95836664009311,2.77560765284233,5.23487602045073,3.97759548634526,5.14181936446952,3.48190950293765,8.88492175633321,3.81564227694915,3.58551452171131,3.73504616490374,3.38126899479644,3.89102730600404,3.0598809828968,4.3722797474626,7.15404960063383,5.9212311650056,9.09741630270408,3.55359861489803,7.56884494610849,8.96678080137274,3.77881408266312,6.22078818168248,5.73439728837793,6.68997140914633,3.22876338053667,5.15884122334545
"J82",7.38201836753129,2.65880323544787,10.845064290086,3.94324815540825,4.03529857332617,3.44065252091743,4.08814968364667,9.17951628526992,5.28319975018414,4.72541611631911,3.78071824423262,7.38511745884235,4.48691978832094,4.49197075831978,3.79331673246027,3.20414304437987,7.89780085264188,3.20415961741073,3.21160883078089,7.97899751844712,7.92963795863098,9.34612113273434,3.39608932832833,3.40205779329637,2.96393293854886,2.83969269521135,4.88641125386273,5.29457914902129,5.39066202710341,2.951732562252,9.35550900560865,3.28368056597779,3.61487243069029,3.86613181663738,3.74030473411486,4.37670110452033,3.4148444259216,5.54165046854894,10.434107455442,5.02375240848405,8.51006441926727,3.4735132655282,3.24827029944164,8.46448172992024,3.28873092058259,7.57946641527814,5.56500740908742,6.83329989671624,3.18748283867619,4.53842021177321
"SW1573",6.47970289434144,2.81093797652209,9.16325313859658,4.22410782900753,3.22576072121044,3.07304632767225,3.41685873616478,7.69739962243145,5.22317372595367,5.50583563668177,3.52788111812036,5.95855431051486,3.91128511295126,5.49996358318173,3.96050858200806,3.57457962083555,8.7589198929687,5.10432076322667,3.93423590189456,6.2318946468002,5.32788448047169,8.63251774570003,2.94530114791456,3.55000149811845,3.0615735278053,2.99068963738536,6.84323579584466,4.47395679239824,4.21978368783351,3.17104788949872,8.44607454800935,3.26769112034233,3.64651974093661,4.83695150036096,3.88598052201044,4.99303467026672,2.99169978652519,6.23255129294368,6.80976983045944,6.30082648381037,8.53526478735335,3.41857028675452,3.34783550972179,8.21680506145064,3.30230742871298,7.35487931964293,5.16246555835167,6.31785218938042,3.06703246337393,4.28282383801931
"SKM1",3.79393286989105,2.96512257486263,9.59920943309961,4.45945088581739,3.90238446371777,3.583379924667,3.22245145830021,5.90896063782209,6.08531508636211,6.13304987956315,3.61146752443483,6.41070681322466,4.42364150245764,4.29765920947252,3.92325841329313,3.24456615835154,7.53966346880111,3.85368120361607,3.20462756272564,5.13248858133175,5.9493723555081,7.04211958325928,3.26506731787035,3.13413499475155,3.05804640048117,2.80357911832993,7.9177401160501,4.06781583123366,5.13205541849408,3.38956925451947,9.29850387204618,5.10722693367936,2.92996251340485,6.48467975051626,3.5998734077125,3.70018140689219,3.12972694756922,5.49692816029765,6.91828412107977,5.68144623543604,9.03095319387573,3.65524071416268,7.77957264573078,7.64816221191535,3.29830607558262,6.98440794921577,5.71740677957256,7.07118432505488,3.1376889707052,3.9279580925651
"HUTU80",7.64826150245232,2.72703208877235,9.7634581713786,4.07497941391934,3.39008375735888,3.13307152120121,3.25030863403069,7.4571904291138,5.04758358914127,6.12935409622857,3.85419726092305,6.27280160880985,4.06873115052783,3.58429948995367,3.9960019942474,3.28900889886253,7.79805456401457,3.98064654531022,4.17456667089557,5.38383081756861,6.23827417620477,7.42377412574014,2.98044349064091,3.44137419484382,3.10232227728112,2.93157516176499,5.33945521855949,4.15885542632378,5.46061290065635,3.30633495428021,8.29740182992327,3.36280073026932,3.15809958313426,3.57686591700764,4.00481045740177,4.49743316335894,3.08826791280603,5.26295606116249,3.47318664503239,6.28296601876614,8.83463429313227,3.41783939998159,7.07496506006073,9.27750602574158,4.0174499878976,7.53621663248621,4.26048216746176,5.94158904871462,3.35658774830651,4.32699872192891
"HOP62",9.09888564271341,3.05209898474213,9.58293795156484,4.2076435102916,3.15959913587133,3.2661200894938,8.51780430339223,7.56487811673753,5.17409355245164,5.08445349141575,3.86698133556845,7.20957212673084,4.32291037943915,5.44093270144194,5.04292755610858,3.53403648612473,8.35521441679861,3.84926896834972,5.45812677127269,6.06038633925961,5.86173976705227,7.36223339833182,3.15382284637453,3.15196793041421,2.78133710397302,2.80380299185698,4.53794526546415,4.44092862445934,4.73710558616533,2.88743783501975,8.77450249615799,3.82540043206481,3.06569708007693,5.36960767056157,3.84603722391213,3.82095614169239,3.06674602558211,6.20206809109599,11.551587889356,6.1392375169559,8.99224284708621,3.32864155616992,5.36627220546027,8.60900475313074,3.22095097329679,7.11045329823733,7.85633102376429,5.68286743880521,3.90016896171047,4.18967356713687
"IGROV1",8.14475915064533,2.9329944651769,9.9074671473715,4.05377672696569,3.50445329348906,3.38947951568437,3.19282401514595,8.11253740256782,5.49009224807899,5.46822479941095,3.73989207441182,5.78839886706719,3.9178641749499,5.27424819209389,4.0884766658818,3.35192656742982,8.1448037774409,3.76917804393346,3.82952535739216,6.36784864597521,6.49565686492669,8.06490088043617,4.01013202565934,2.92338170339554,2.88891416080899,2.93002567510366,5.07760821091462,4.67360108158985,4.9599853653475,3.04882405935571,8.56645639799747,7.28213234725992,3.30538727129307,4.93395882165608,3.82135144146376,4.05526913494535,2.93120113441962,4.5815142172132,9.66872748053686,5.75278767919793,8.86186339705513,3.41792813646417,4.0316438523138,8.81671741390383,3.19011787063137,6.62179235483482,6.57912144170081,6.06507346087719,2.914566677966,3.94055180162959
"IM9",3.32184886191383,2.81455882230521,9.52031190063896,5.2581148124188,3.39781135593917,9.9144386328346,3.17556437377936,5.75209723721431,5.6093109831301,5.5582358919,3.59380134778329,6.99908250911978,4.07353470486088,5.21086557729348,3.84007186470112,3.26109140193658,7.89067469696729,3.93342148150616,3.77244318597712,6.47349313923035,6.03862859170936,8.13968455084364,2.93507739131271,3.27427315123563,2.75297314900451,2.82106455247063,5.33528791600194,4.10375205813538,7.6261628104778,3.0975892307929,9.43203038329731,4.280105759372,2.98653458238648,6.48388377222214,4.3376481406641,3.60447790972119,3.41951756762676,7.42305503334837,6.78354157441876,6.16541741397225,8.88563889969781,3.66344276857492,4.22513272053533,8.11392678867585,4.09216341555329,7.1239565149022,3.65644250289577,6.58933284789898,3.82073406263566,4.14529160026254
"ISTSL2",8.165801898635,2.88757374927148,9.44937233106664,4.86293828594793,4.81901801866331,3.36552950782424,3.39165665538786,8.13450961450149,5.60094290228058,6.86827671136903,3.55832148297523,6.78919373177333,3.9809331880094,6.52784846327312,4.34258973293704,3.08299078791237,7.59891597931577,4.44450343851146,3.64613892620619,6.42166417696956,5.66496152939654,6.90747163097296,3.22311685279321,3.12069892606795,2.96624866710215,2.74634461223385,4.46695478500554,4.05511537839093,4.69082486622681,2.99187135275797,7.69043994951472,3.34074553720981,3.03845070487089,7.35067492517813,3.92412666444487,3.93606054617819,2.99237179502224,5.68514075189463,3.18584571574211,5.30908174470889,8.04562259627782,3.91857830362173,3.26800008442906,9.30878927156853,3.75158940732329,6.66383912900853,4.01518112228703,6.61780467666438,3.26788933612092,4.56946506554735
"IMR5",7.88168547959532,3.04272436226236,9.34196636603199,4.78184333166434,3.77629978419126,3.11930250750159,3.02630798558256,3.18356061483597,5.96807463076938,5.82062114403926,3.34456249697155,3.65673648288463,4.36227492649156,3.54447343888757,4.0116659235117,3.13065823250562,8.10521415733799,4.01337797126308,3.99817299045468,5.87244848887631,4.75139199755666,7.3154378411048,3.33976814959313,3.19245222963139,2.96135340990297,2.81487253667972,5.32841707005687,3.84448102364485,5.09682629411205,3.38739172952905,8.12443752702854,6.89166154761855,3.69039419957635,6.85524721251594,3.84071530154911,4.06168566715049,2.99378706680783,3.51343872815254,3.60374539843185,5.34302084873654,8.71726987212061,4.0007295941768,4.9426758334049,8.74261923892364,4.18297105934736,6.71613640765033,4.78919313860346,6.00984809062547,3.83087697049442,5.15980693726876
"EVSAT",7.40947123825968,3.09317654912296,10.0644811104131,5.13411055440866,3.67392088879941,3.32644980576179,3.4349780690402,7.2154228528375,6.60786472675294,5.31847571273747,3.42741831458301,6.90494374341722,4.3189880722102,5.22500038615203,4.69362188598107,3.34548058353007,8.78158108396414,5.17541953965822,3.57053305584184,6.87841736636598,6.19541807583223,7.87962061139629,3.14003361948485,3.38140165756186,3.04334649793841,2.78705827968481,4.48927572030524,4.40220088740884,4.57120690568533,3.1466869913906,8.83540235356431,6.02184581429913,3.03742237740676,8.12248518387388,4.24304933531872,3.88881753508346,3.15853630296737,5.87178480438396,4.37410672335489,5.56194443919306,8.3265908749724,3.61526710302369,3.32983353066967,9.60385640742134,3.55734008814348,7.4396259554707,4.90955279893607,6.74615233449802,3.22793859575791,4.91837033549391
"CAR1",7.96681747498886,2.875533503773,9.6714163001804,4.29387899158601,4.0018546520828,3.16404492653609,3.0666787645637,7.1172771962077,5.77911683295032,4.88024398360354,3.8121855811432,7.09302944099242,4.03848479803808,5.87531698264926,3.65528462419712,9.61776703879071,8.9420356909229,3.84982653757067,3.51850597436303,7.9354779802688,6.9317830175723,8.17301688317021,7.61149553481713,3.2185452704775,2.90583622269973,2.85117144498755,5.53426080744698,4.5173433598407,5.22275540257257,2.87829927182595,8.70063976472256,3.43329892982805,3.02328104929578,8.07511540607683,3.78456535312585,4.20756059143885,3.1529851079119,9.44021287643579,3.34888045893913,5.92812178150964,8.06588515585203,3.3500599205484,4.3733339092564,8.09994308422019,3.53538748426915,6.55007402510587,5.73124893573577,5.97079053942114,2.83337855361402,4.78194843511571
"CP66MEL",7.13956086400576,2.84026598474186,9.43302040757428,4.58772093983205,3.57912050614296,3.27161074888231,3.16578225187328,7.78780306113669,7.01240900865357,5.28027208018029,3.88883550646468,6.66380390106782,4.21511579612465,5.26054215591558,3.83750278007605,3.15137769021674,7.52226236954865,3.89611550300923,3.35431125581285,6.00801227816646,6.14570898832057,8.09668424820045,3.14895746349332,3.45517686616839,2.98191991562876,2.88925582389242,7.08283076704403,4.03171655923198,5.67062067313163,2.90780780254307,10.1870529155285,4.00431265920032,3.07718286781047,5.6993198484593,3.91033997912435,3.98964447469966,2.9214692892961,4.95818577981084,5.09742000615659,6.362293672813,8.80188605826747,3.40289368151319,4.655056954679,7.9987871034223,3.64183754893733,7.5416013463089,3.760283257231,7.54514148245468,3.16440123641822,5.04580981990117
"D392MG",7.47981207997533,3.23986084166697,9.64862683837294,3.97792430045231,3.52596818623981,3.34748222097448,8.30813527100876,7.56199260287615,4.67292107793548,4.90051499728549,3.2446398470192,6.13962743246264,3.76968266922011,4.51547345768213,4.43759484089064,3.24643753351462,8.89377415939676,4.27062147677405,3.46520241608179,6.92642210938679,5.58791499154988,9.43434266053115,3.38356517902936,3.05226158691827,2.87911247619244,2.94030123738763,7.16600517400065,4.73000744921665,4.81079695136125,2.89987026987746,8.66789777129295,4.37277564905053,3.27004804289082,3.84329126317856,3.47521809249033,3.77151048959617,2.85813399353498,5.17338242044667,8.62291085660739,5.68341335729732,8.26852734749847,3.4260956553856,4.65041781116023,8.78066163990639,3.62105549169004,7.0207253440182,6.44078924892873,5.24756384466137,3.03857282749245,5.26902678425176
"EW16",7.50156940600516,3.13997511983705,9.07937278008277,4.0820442206651,4.10505440400276,3.36782250767396,3.90291641341273,2.92233966460554,4.65447449524876,5.3892439556013,3.48626577573091,5.73889706694343,4.17149615929838,3.52276282889138,4.01609798279326,3.41767801852298,8.05235257925128,3.80236503998611,3.54908342042218,6.37119162302988,5.06593513852822,10.690725076309,3.06037269048902,3.47738917982626,2.95582964016777,2.76297461487529,5.81141853199284,4.63112992206489,5.1547152243877,3.72448820971273,8.99604546475968,6.86466466316917,7.42240107008207,3.50792281276969,3.70999680436647,4.58476177787835,3.2191525407122,5.4192410412009,8.25428939975428,5.97888881568841,8.73273606673382,3.48587450414259,3.44027845568345,8.46415631702287,3.31136156370318,7.32194650748413,4.55564100390047,5.86048851695505,3.30597801050615,4.39546942092792
"HL60",3.34805951302736,2.99453811244974,9.94965648552432,4.2528225361999,4.24359066732855,7.92704687810801,3.31483931502552,7.02870567519994,5.61728275116289,4.88769611568975,3.37116041334784,6.80795180541024,4.54749252311783,4.09184056470943,4.17649838166723,3.06144768222461,6.78529971085906,3.83957644829872,3.60098450441187,5.611642621257,6.32783342927299,7.28395543579853,3.15009439691731,4.57525862119003,3.00239922436313,2.92179368330823,7.79971888945046,4.44533677941467,5.88518290407081,3.20412029621491,10.2574149206783,3.60753207406081,3.08808467003084,4.99869932735459,3.53057757234081,4.98713082909035,3.35665840776079,6.01750254524831,3.26173004927695,5.76707103627393,9.01835128862661,3.73943330567563,4.51526110060599,8.31362081434829,3.21697353357453,7.52915001717585,6.62539597369601,7.46178503970985,3.05930058253799,4.71571960785981
"HCC1937",8.79545554620497,2.67508004100871,10.4956777640416,4.59429650079145,4.22124497583758,3.48829043769456,3.36544807061485,7.80141721327699,7.110626687822,4.93290976925078,3.50457932386215,7.06172105960544,3.74862933190211,5.29874707208946,4.50038818855969,2.89690443978778,7.7811148440641,3.59911617003205,4.05983839716022,6.75066970381188,7.11825963213476,8.50800852486725,3.57146516825177,3.94775485124381,3.00700613751083,2.64389582039219,4.73877868855356,4.6600087343264,4.89436939621425,3.06842550747195,10.1726438029179,3.21585428355262,3.28175669853118,4.17829769169863,4.13061891358822,3.74445175311508,3.26424850664244,5.86351578564904,9.09089806155523,5.07193208271007,8.26414173947992,3.34907540149836,3.0485278845176,9.00711001310929,3.3682556371799,7.7714560608028,4.53484776176626,6.27640122481231,3.38708602832435,5.48830696933102
"HEL",4.73794117952741,2.68050814495741,8.47397232908151,4.20090195437154,3.87518743650351,3.84470537014865,4.94632282383387,6.48806344148648,5.75001233898308,6.04621431030107,3.51631597144166,7.64267866034632,3.74306176498127,5.48782511246006,4.06940785599108,3.34480194868913,7.36491227109959,3.75052914881198,4.76359089078898,5.79416408092504,6.14173434977232,5.23109020422979,2.88590469348832,3.29810803231185,2.83631192547921,2.75546073716199,6.9023844998297,4.0600735484671,4.81050781944416,3.65297725240759,10.3072040292439,3.46176461125114,3.09158683944168,6.21100230981728,3.42750893905094,4.2257177870093,3.31406128841974,4.89618261533778,7.43154933727708,5.65475225229074,9.16223651197019,3.4541856458696,3.18434178244432,7.5030720347432,3.29750661940418,7.13924770395802,4.77911243275906,7.21826129235118,3.1820291146583,4.70715431479348
"ES7",8.32617678523931,3.96184293703629,9.79050200020928,3.9730699562448,3.50370707115216,3.07877848889337,3.36760385814618,4.15194963039153,5.79102171614985,5.89791681319137,3.29702325305808,5.48004433450273,4.15802423601722,3.39244797106455,4.78603261631121,3.1487536604347,7.59702131812092,3.43363752204871,3.48708058412835,6.18279641452796,5.4353247102001,9.34248310418941,2.81644608225901,3.34291675462716,2.95539277824421,2.81466046588739,5.35276277796652,4.35800717314545,4.86788838271483,4.95989701689026,9.64548081084666,3.41752994374272,3.53735714338303,3.69559579689557,4.01972324400838,4.18028759556611,2.96939280956024,5.46215217946278,8.05038840667524,5.95629054058963,8.97707996426854,3.37223511907975,4.34354985304074,7.16127862205994,3.37375346472162,6.90800564077525,4.70303125132903,5.67315539655726,3.09297386091405,4.8610744882515
"A2780",7.75512622350531,2.81473293792502,9.88042610676282,4.46491882674739,4.00706492807277,3.24341656002054,10.2114951786111,6.7303536876776,5.21325302313604,4.92381363477622,3.83196249678723,6.113419093117,4.20289687051676,3.14616114522956,4.08195910356467,3.41392864107425,7.95523556624726,4.1659929129601,4.02436483297213,6.45957258710673,5.8233527936284,6.97238220762438,3.11179005149831,3.38415187109291,2.85639361544873,2.78835251511255,4.95819291463076,4.0491927575099,4.40409085945792,3.3248155090215,9.84229819432011,5.19780783170789,2.99602284432444,4.26009217077901,3.94684010067742,4.05617696504619,3.08418400027998,5.11201478485055,3.61348743187912,6.43496689055504,8.97273142027209,3.59488960558861,8.06229865232608,8.42926925801224,3.93180677308235,7.36351920554134,3.43119402274353,5.97856178742755,3.13059814335461,4.63568297010065
"DEL",3.22868692591723,2.89993009341041,9.49977005586322,5.92684794759487,3.61372553408356,3.38210475240333,8.33884322899091,5.32878980682791,4.90615978703051,6.2903869486361,4.3581668255577,7.36803586194157,3.98826933667028,6.41314896009954,4.18930264923144,3.04367790782383,8.6559709534558,3.90272310597881,3.95736828647731,6.47339872770511,5.60056156249588,9.9152957033812,3.11900746421638,3.58790254104769,3.32184702818007,2.82947217626523,7.18721516108825,4.09192424644185,5.19082396959268,3.12768426401292,9.33424862721883,3.46161910281638,4.20372312956807,6.50660511421493,3.68007459584326,3.57907775788026,3.00271997650412,6.80604299817612,8.11983831554713,6.16054307819977,8.87211533167088,4.89448555004679,4.67780865702934,9.19190396973972,3.49285220048681,6.74136987716954,3.33076521467861,5.66717593154013,3.23747219464612,4.52349196957667
"ECC10",7.67736291609626,2.74292889316146,9.38228152187469,4.30958169352587,3.82173198232542,3.22477175176471,3.45060790391107,7.20880445635821,5.51327357423056,6.25815380441458,3.44391175858878,6.83488867506948,3.99695805482221,5.50118967737523,4.31876891032638,3.37502794288479,8.97858320542315,4.42959391832133,3.40625582948542,7.00921972733589,4.68993202781711,6.96603884667115,3.70101752834097,3.29243362969299,2.9732873541097,2.81658209617577,5.66769498937015,3.87240634372644,4.80966158759899,3.29664451016929,8.5519304193115,3.14434618418486,3.79015940100825,8.52559112004101,4.0184707054337,3.96636461607544,3.01944235946271,4.17831028682338,3.65949231659118,5.93757886790472,8.69507805971971,3.821855861425,5.06818207885995,9.97431143512098,5.26823405465497,7.35215682755019,4.36833859082948,5.73723085177276,3.11970736399105,5.21814180887883
"EW13",8.05070423831651,2.97931712180761,9.65778416298082,4.66435253905091,4.05022482072655,3.32696651691195,4.70057263682487,3.39883483202045,4.99724739559917,5.79917232131915,3.91686272306447,6.36817219282545,3.90041741773333,3.6468931472863,4.48109363946007,3.60994327858182,8.1641271368033,3.91023199417442,3.8613491232321,7.29049586168005,5.14960380812721,10.4981212437949,2.78898964932236,3.31551656902367,2.76259524931525,2.75835069930962,4.7465949687542,4.06576358906039,4.89037001954816,3.19968087854716,9.08607696358205,4.45819520567585,3.67474772529319,3.41151991904102,3.74269496124098,4.78895577645722,2.9667850343161,4.96766129960102,7.0272583148933,5.39536953415281,9.10879217132069,3.51956102949861,3.22451116755692,8.32698600050737,4.01312302891538,6.75736642170261,3.31102116129684,5.75354530394492,3.05680425209248,4.41965495052866
"HSC3",7.93212653880042,2.75050127054,9.88341150866393,4.34826271829336,3.39509410987596,3.28775822519824,5.69366108676086,7.47087034246567,7.60284813763347,4.15010255892275,3.53909233649852,7.32163838826977,4.15485270312785,3.62317503747597,5.71433876004926,3.1164033241133,7.82893224236393,3.64550525037976,3.44295486072731,6.73082167597945,6.2116061278559,7.52240016386327,5.55638399568727,3.35089281902868,2.98595581028236,2.76979753717228,5.00260366978158,4.45830445259806,4.82731573725525,2.95125000213835,9.43288953795537,6.82028099717385,3.39740308449664,3.41980880173501,3.45208491136199,3.73265732374844,3.09433033769216,5.74681156543141,3.88189465529606,5.94024650280353,8.02035254038583,3.53767834083981,3.11517570978352,8.69246570021834,3.15865512385379,7.21823223698553,3.39936161376937,6.68085733693824,3.13797168638243,4.25682741040052
"HUO9",8.49061342753624,2.76515915434751,9.650746954875,4.27107693442502,3.56859702439725,3.22762100228659,3.30443258439159,7.79691180654192,5.08329047720414,5.23512522395745,3.5317751524586,6.73319284932689,4.33341912354726,6.11265807985412,3.95484030412203,3.2996535419152,7.72899635634313,3.93805519142834,3.67146736260206,6.71926792872673,6.98590164820861,10.0999114801975,3.03066740154826,3.52307307637397,3.00445130065293,2.84061643393082,6.47769665971228,4.0223341092815,5.64792441131693,2.97783319108061,9.39852351172944,4.71354370655813,3.51837300823955,4.73978672000806,3.45747759251227,4.1454410245212,2.9185579638369,5.84958943788399,4.2242612751417,5.43546647246814,8.45905870151818,3.74203566077253,3.10896146297985,8.63439144800762,3.51423037088576,6.91594994636324,3.84657908080036,6.11163605492722,3.28548824746506,4.78660759611673
"HCC2998",6.9439863936521,2.82691767612569,9.72825447076963,4.49354585827047,3.44151613703749,3.23842859643284,3.48980450256781,9.28392284429609,7.92062824140494,5.32166007319485,3.67446258557948,6.76555852206272,3.46175671123402,6.43576451401107,4.36773827722278,6.99215293331127,8.19742806810345,4.31393256568314,3.64457199101915,6.12911999519661,7.5118261361157,7.81764936212199,5.10128454652159,5.23769287018108,2.77931192210449,2.73985948035246,5.17835817419087,4.54040477209131,4.81043520369213,3.10004353335907,9.77007724695087,3.57616054453574,2.87533383060782,8.69748650839825,4.2778715388439,3.83787737428257,3.29058168593024,6.01825470483299,3.34141960628564,6.01171925413569,8.7002399422689,3.60226471456156,2.94914953417452,9.14070110135677,4.09622407913422,7.82710788419395,3.30097647203689,6.21118104166043,3.06803187917752,4.54762465024263
"EFO21",8.58888094381379,3.12562360912563,10.0280854018038,4.09758086673419,3.35859149185202,3.33876205626491,3.94853438255254,7.6718902386093,5.43864148441381,4.60516955843864,3.88471189765305,7.4545541417192,4.16205100752744,5.02574650263427,4.93786824213124,4.22750239871174,8.04787853766531,3.64341104877903,3.33568799759419,7.14820701120295,5.38397162000032,8.06404070048687,3.00261115279701,3.57059339338579,2.91474184104122,3.03955736746594,4.76988804403009,4.98164332168799,6.19603418017763,3.00109924270658,7.75772059114366,4.79100411116628,2.96300522168864,5.529725734433,3.34338613478456,3.86559960145208,3.15594967492381,5.8082394145483,6.16240182939984,5.21124896047004,7.82969723192395,3.44437935647464,5.77480526981802,7.44767954172269,3.50217352018067,7.33040802514353,7.15029775210631,6.35174194700962,3.06462242686512,3.61017927414491
"EKVX",7.9596915185458,2.73178147655528,9.19441038734991,4.33050095463721,3.22172007659881,3.19974011095356,6.05238832822838,8.50714975821164,5.75689076394552,4.47693312773845,3.29438509809818,7.24397985357282,3.80777472237673,5.05064263594427,4.61746469604606,3.11800923721348,8.45029461155791,4.06948508044941,3.46806130882772,6.52022359555701,5.07440312492048,9.10407204480736,2.99034020798987,3.1112699567076,3.00654690450218,2.83313783101909,4.76920956547692,4.36328203724044,4.25746966683224,2.96916753848764,9.26046543053875,3.10854531929139,3.45696141860532,8.09481179220903,4.16889918350487,3.69477678887046,2.89118621978175,5.66008836268665,9.57674302528825,5.18113747576637,8.38447957898622,3.35422832004374,4.91904193903183,8.9684850861268,4.43570362037777,7.45963771980491,5.90135236144036,5.1981142809096,3.657547157274,3.87930579493522
"HUPT3",7.56758595386569,2.87055501119369,9.44158633654362,4.24020010385512,3.96707418818573,3.05972377876723,6.24621471817782,7.46687189081729,4.26416862451556,4.84943934471665,3.67371724449386,8.02497217307286,4.23490845055581,5.42014751069278,4.86213161738255,3.09978950221917,8.56296605167551,3.42869146225464,3.55993554889615,7.29429420683988,4.86938100413725,8.95489889900245,7.80876688163612,3.39257308926982,2.95354382983815,2.83810088985179,6.66752598728282,4.70651907638044,4.59524242416176,2.86693436592602,9.5482307387436,3.22084676833679,3.00913321558609,6.82832805454247,3.80661586987916,3.67505973187655,3.11249261459369,6.36864765571452,10.4156318103846,5.50917631987837,8.76364872775497,3.37556142239201,3.68206385100416,8.66885135598868,3.36938000770724,6.51917812919472,3.83787511625133,6.57427348979116,3.12200253655506,5.12297573448883
"HEC1",8.00683039569055,2.96603446090175,10.1282620160632,4.26018219598307,3.97381942755135,3.44854986405601,3.6662452995238,7.86454631580328,6.76276366843752,4.84198035428158,3.58790548955896,6.2705376678753,4.09331979685133,5.46324484389947,5.21596019533638,3.52926480661413,8.01423191985617,3.56062251832254,3.45050305199983,7.08905553613443,5.65736118136389,8.08052469063765,3.09693375830018,3.38982429580874,2.86266181195937,2.85731054758418,6.62137252571574,5.02493685280721,5.65098730556782,3.07094366965062,9.68599002794152,3.36398811345736,3.56432993439512,5.9438617138873,4.3888884685812,4.01093802396082,2.95620436929171,5.42633245869725,8.05958551060379,6.10694980026365,8.90795586519374,3.29802886000954,3.6762244956154,9.14905573505758,3.27189981934401,8.00304361314351,5.22583191009103,6.5525858077343,3.1101464549881,4.55122264154818
"HGC27",8.03874615150679,2.60458735886931,9.87093515690472,4.53506656183182,4.07370333462935,3.38545029516681,3.4675989404455,6.93585061808031,5.86788295656582,5.04361926109934,3.26018669168268,4.28363156836982,4.59526830001954,4.62773831309346,4.89733970892029,3.16343880518348,7.77117655429319,3.7780048420821,3.52824343293224,6.52940933321598,5.59568575492616,7.01671304824026,3.00342693433875,3.39686556426831,2.88540204814832,2.82995233913976,4.41933554392571,4.2178061439461,4.91679382834238,3.01284065138345,8.63951604509798,6.65075576225544,3.24415414269807,3.65312048534339,4.00511343371335,3.67442541065663,2.94199528289026,3.85957859152911,6.77032664188995,6.69718770349893,8.52589102932166,3.45410493710254,6.68619810378078,8.58740260004021,4.158939259476,7.65251428289255,5.43855372271158,5.73476384026393,3.09385453959027,4.7907386483437
"H9",3.41210934370091,2.7851229639012,9.52602667151941,4.70881362423448,3.76979980907111,3.2468690503082,3.39685307204405,7.08463987456927,5.28824771806282,5.09270510948728,4.37286738553056,8.18982646875432,4.66717018352862,5.22654045345007,4.08309020885605,3.52082252832151,8.08131577452748,3.98726396564938,3.64483575338121,7.09063767925303,5.61860467587224,7.38809214097013,3.00251156466985,3.55548168867026,2.86822096152368,4.00366591941965,6.68631362241565,4.82031661989546,5.76041406543418,3.3752680638833,9.44497842359533,3.45558767591736,2.91876446497803,4.35275785428363,3.5951699465297,3.19093606594748,3.20061790365517,6.17526385778849,3.42711640641429,5.76364397116452,8.75854255126615,3.60817862784195,3.29701607310994,8.82729408666301,4.3923377022846,8.18222262811496,4.60197805737547,6.9104000312758,5.55702179858003,4.6103027403578
"EW18",7.63773405715458,2.80554538254084,9.855422364524,3.75814716270429,3.98114460773169,3.18766400714626,3.71959372108314,2.70766285052339,5.70099611168437,5.81675338855944,3.35699565846113,5.57119121879253,4.14185029184063,3.25117675756118,4.25642694963756,3.2188147871034,8.20090209013147,4.75168030676354,4.09896730722233,6.41316958984968,6.45729619247655,11.0770853338938,3.19926918799899,3.45710454556687,2.83902188757103,2.78919366787653,5.67278160300907,3.90260490977885,5.35308651608699,4.31797146918519,9.80156976433701,6.01389765331262,3.95197778457943,3.46506080166023,4.12322639969675,4.06042744986675,2.84229952950469,4.68820568411479,5.70013468941402,5.847136160944,8.13597846397398,3.60226615455333,6.31843268286299,9.02122905252751,4.00621379533662,7.20015743972201,5.2183758808379,7.21330912713408,2.80100806036233,5.94615950156924
"A427",7.87884760896676,2.82271052651752,9.93361774560554,4.5500439509454,3.69088297469054,3.2311140016565,3.3492197305626,7.53309700884985,4.6707252143069,5.86401440291855,3.55559558341434,6.51815130453836,3.9901080990356,6.05359525157315,4.05641202011262,3.20900221132564,8.52019483577292,4.20555631774408,4.32471405083457,6.84840863886346,5.48499252664574,7.83608940523732,3.22953271559801,3.39426755643461,6.21820169525617,2.95707937152284,4.92763111955448,4.30271617676998,4.58632853461113,2.73720700845001,10.3907847904423,4.06418937956952,3.23000723104087,7.05408620795647,4.26273718886237,4.08477777583245,3.06334477880101,5.17420654055841,11.343119239485,7.25407108647551,7.74628934934643,3.75931657235979,5.75573684222554,9.16170708903262,3.24801119193464,7.07906271386001,5.71142993349855,5.98051032836668,3.50417425316648,5.75713833914738
"BB49HNC",6.80244947032453,2.91820391205976,9.67483529985995,3.76937996733167,3.36382870427471,3.35071141513005,6.33960038355963,7.5599340085807,5.80193979424589,4.53570717501439,3.50107628459731,7.55569852792746,3.95141641213945,3.4133068566972,4.5318757514463,3.11775961192098,7.91613440359735,3.67310754374725,3.37949936780717,6.77424104099506,6.09873573674751,9.90770167429932,3.16370582006862,3.36902229099733,3.08865897331108,2.93187457770625,6.35234652607238,4.33464524233007,4.28515659821238,3.09199937498426,8.87495353789155,3.30841553248481,3.08053103764811,3.517305228972,3.69772183675147,3.76703165631592,3.03975229186667,6.46867939249591,8.38813786492333,6.17070850825185,8.32793318737415,3.47586586207036,3.78102474382181,7.96274345850322,4.72590152436821,7.03089232676277,5.74716373605717,5.84354064678496,2.86736002915336,4.21514458197895
"ES5",8.22686430844796,2.82123551556005,10.0077043452487,4.74168581917629,3.8315783084779,3.14122312127689,5.32215610666439,2.91956858193395,5.52834412609718,6.42068034351379,2.97706038076327,6.71278437900153,3.82930155196031,5.37071362503354,4.53386835853489,2.97520952692209,8.33135618983018,4.31302525481968,3.70436358581762,7.12165491353499,5.45427538803582,10.7105766532642,3.06869971312764,3.22055626776785,2.89193766273473,2.70809065111929,4.74607688220533,4.40825233297366,4.5894167687026,3.48570259207282,9.32030922000887,6.63210920016147,3.58657780375433,3.34620638172425,3.84173350845192,4.28499686520684,2.8974610222327,5.1224838481506,4.84278550581177,6.10843622695157,8.82110671619291,3.55950458833529,5.32816184691116,8.31691448900422,3.49473763319571,7.1192796435543,5.67929768481009,6.29128620336722,2.85712657095431,4.88125487880813
"EOL1",3.57015988712979,2.59350484172732,9.1844299005405,4.16832542092714,3.34670697306723,3.58706032577074,5.59601469821863,7.49380856382235,5.15622259013314,6.63031253333607,3.4077523986814,6.50499817848982,4.54659956297791,3.47046522872976,3.88088138043942,3.38549176844712,7.89574775958285,4.47783639773729,4.03322272893063,5.29399403997961,6.16518373935597,7.9830213864539,2.91635543756109,3.26254148883012,3.16395336648695,2.89267210174501,7.1233443344494,3.81648957418159,5.09699302558944,3.24119615017692,9.90986846250978,3.65957123145115,2.98703385439225,3.46032188509483,3.71329246443672,3.69536791038294,3.27374260410389,7.14848102386442,3.40922716442715,6.26843358289579,9.15261984684216,3.59617228107664,3.27235020944315,7.82543380737715,3.3462069263351,6.98369909059033,6.29466029530534,7.6828235579853,3.50042381933751,4.53430255301222
"HO1N1",7.90595901626937,2.75520800358628,9.62062100689075,4.18084673214562,3.53056355348856,3.32462792978008,6.5757323626607,7.99555520400182,6.46490103171315,5.00481966384473,3.77364091997578,8.35560862195928,3.87038095211353,3.44015197526788,5.52412672397764,3.42002671312862,8.52759856839986,3.33245865455483,3.40245318375895,7.3775439914939,4.64969711816707,9.65972057811206,6.53002457317922,3.32408251030828,3.46598566075383,2.9365242475387,5.02101649969248,4.81912311119119,5.450443392669,3.19377165382482,8.93161115982213,5.51585708136604,2.97320093200147,5.87253136137074,4.23435431688706,4.12206764340042,3.70640025153877,7.36506333864171,9.12955536209268,5.64783694014838,7.3914976472176,3.40091210786356,3.10681547591658,9.15813317220596,3.55442726652813,7.02966575998967,3.52774522902191,5.91162095294285,7.6774461169734,3.87397748778613
"HTCC3",7.68650295853462,2.67458379501836,10.4357329926741,3.78040601475463,3.09251427378998,3.24616153245139,5.69423876446653,6.60287017175663,5.40116659489534,4.77116372044578,4.12035197446865,8.17793745221145,4.31666315227493,5.09353873707969,5.09424758518138,3.3125670982201,7.89255325009693,3.16477359332597,3.21810859254564,7.08080639957171,5.49630441949014,6.08645572519103,6.04047770415357,3.34924543442986,3.16373402584531,2.84161110067024,6.56781791341509,4.69865908615864,4.9327111062688,3.00608690128545,8.95322860998077,3.67474222141685,3.03293167112036,6.67441329860395,3.9432556722648,3.77019836351752,3.07054292861069,5.79517308974998,3.54132727453918,6.32298056670527,7.73941065697612,3.46336891949083,3.59564838452526,8.53766807389241,3.707177525704,7.32041265538744,3.06382336308394,6.25796862104146,3.0808213428985,3.69217227659801
"EB3HUMANBURKITTLYMPHOMA",3.95278086441575,2.95172341328772,9.94704271120021,4.71635162522579,3.57382679830002,4.24784749870428,3.24153617606224,3.24160984574093,5.39705539885666,5.37915997973806,4.41830511711895,6.9411145075712,4.24849132331335,5.49327120425966,3.96690763386388,3.14978574157069,8.6466603265105,4.48226138095438,3.47661967806444,6.61503408064722,5.84076451201545,7.60535888997495,3.66730558011025,2.98194046966289,3.08693636100742,2.94532093981956,6.00548021673966,4.0825022285747,5.61372042195388,2.94883167296087,10.1525282675992,5.04092261400991,3.27858778695834,4.28966184027069,3.77592557058541,3.73291883261673,3.18690283867612,4.93081783238165,3.59214712473213,5.82521823222491,9.62467004563132,3.73647926027941,3.46422452111792,8.21534891965255,3.52260127006291,7.68572029686738,3.7739031826737,6.12754053959455,5.34647059804315,4.2572906027244
"A498",6.66433843077309,2.79347905298502,9.77010411343533,3.76833884037801,3.57164247318094,3.17183105457937,7.13873654195142,8.59526854214376,7.17157449705649,5.55798893717306,3.55089302647156,8.19727612695544,3.83825923566119,3.64445162334234,4.18451781261461,3.41924114807864,8.72897285590268,4.40039709456809,3.36840614261181,7.34551921298777,6.06764691090599,9.59210852604144,3.15938378817875,3.28949951942755,2.84506614250244,3.06626559797045,5.06869076927707,4.81662928284298,4.53498785055078,2.94260143502159,8.64524150883291,4.6125111495699,3.78659867393064,3.51108888721773,3.5630287355293,3.90074077602295,3.09498677667432,6.51976585382733,10.0189499005271,5.73887502229048,7.35346439524258,3.34450404270972,3.17234451233586,9.77024484283806,3.15257790047059,7.5695318394751,5.5109301675143,5.1498580919082,2.64220512060815,4.23739910819565
"CCRFCEM",3.29641655138885,3.09940832479113,10.0451324703285,4.38056059162204,5.16552741363702,3.35290444894722,3.21174776295385,4.1251381678144,5.7003251040443,6.21857928075879,3.41122161884248,6.38127274014085,4.45194944892846,5.40981089953496,3.95588045339836,3.20010372467442,7.82390295858376,4.48123684009354,3.79222050150703,6.57401876221567,6.49163505723702,10.9555799364756,3.14193162734923,3.35579910833837,2.95134117548907,2.8720906386911,6.37904168749064,4.30170443421607,4.63796598123247,3.30034498875084,9.75779658371616,4.04468149299927,2.96733697690962,3.93487763280347,3.7067747542457,3.72511080501181,3.52427258869327,4.86513532071285,8.26995059567057,6.04999903830725,8.53243321741924,3.65316937649385,3.30301759117671,8.85875970282873,4.03044343216657,7.22928091240387,4.49114300091976,6.68875481133138,8.76992156384232,4.41045737177603
"EW3",7.89228781103629,3.13170393739805,8.72078370725911,5.10709069770196,4.12944030674051,3.02125293503821,3.14492719826298,2.67666304996031,4.92448271287568,6.48207267921168,3.92003567132287,7.35954118824679,3.88759001603057,3.52492839220612,3.96794371625417,3.16394514724227,7.79304163473291,4.01457474579618,3.78255049440888,6.52613989975193,5.52299072174484,11.0661636213386,3.0631981990565,3.03488202680819,2.72313825330351,2.78480184937709,4.49423509404928,3.9382109575342,4.37907437796681,3.10185860028229,8.28364549311504,6.00713114485892,4.36180098503933,3.48033917835216,3.9032221468568,4.14383317144522,2.91610461177104,5.2289346486321,5.45406565533633,5.04294454989595,9.33966549198387,3.56049356082182,5.03951726791859,7.86147970692747,3.76155550824011,6.60197176467921,3.29150775472585,5.63404078289468,3.23008205395329,4.52122145818015
"HUCCT1",8.0386860733541,2.94253646909116,9.64557520062329,4.33041539098542,3.84186118950922,3.33389698082256,6.59932394161564,7.36383364732907,5.23413760750368,5.4074451380503,3.74426210956547,7.09005521150473,4.01983813196315,3.9889805997166,3.89740375985132,5.64857475951554,9.43215405490228,4.01450902471898,3.3362958152897,7.12153781836779,7.6416788463309,8.1573395217446,7.69192678528689,3.31095728122192,3.02635793033215,2.78100141889015,5.75891486363603,4.79324343495841,5.76113086506933,2.999144115883,9.98080085473531,3.36323035889206,3.17683038663745,6.70744378880434,3.46630230367421,3.95990354588444,3.28470045409241,6.31209823737492,9.1794590146322,5.51942048691234,8.15645549466046,3.39469320550031,4.58455265144073,8.3049472032728,3.28454475948244,7.47708953915659,4.42664314313642,6.08732622787474,3.11584406484946,4.26347699126999
"HCC1187",9.01219431907227,2.94984862560768,9.34649510604463,4.9804960183394,4.12083612765606,3.28825298903652,3.01221283969201,5.51954031549706,5.0299892680233,7.12545003098112,3.52642058857657,6.86439955824453,4.07944039092431,4.15582228870049,4.7050416377581,3.36673645174335,9.64443119419504,4.35036210679361,3.937455817619,6.86548812892313,8.646244072164,6.26361513244233,3.26425920838598,3.22811874019315,3.00805327990788,2.93611392775379,5.38250889374503,3.97323892393042,4.57725552566129,2.83220418926565,9.62809601013493,3.81022473948805,3.24657145683883,7.35095399903028,4.21635394585391,3.7463809030454,2.97495616408523,5.46569651560307,3.47186958696553,5.30486565367916,8.5905194470118,3.35872918794665,3.03600751957865,9.70343528702483,3.17256205074007,6.82262568313114,5.93675948480846,7.18178190510458,3.09016156378094,5.2027485936012
"HCC2157",7.92817108131856,2.82555043890012,10.2007164550913,4.73012086187094,4.32819233487806,3.24510395175705,3.29711250758427,7.50981279048361,5.8872363815348,6.26493397074806,3.46724418301204,6.32713499621476,4.55475422094827,5.26596519428112,5.48665722096344,3.09762902712084,7.13186554556414,3.50357840251113,3.44870629106087,7.12159787894901,6.17035656947579,7.77544295867007,3.33084456401843,3.27542146396696,2.90980423856375,2.67972468667638,4.86425343411654,4.10399019921466,4.111561269802,6.35923245300139,8.73586462366086,4.24890340924747,3.42879301105557,6.08016877153382,5.22848794064928,3.40658856243441,3.04373558143539,4.98619833139876,3.50502711073108,6.32661578453912,8.51408412924169,3.60272745259108,5.05135490503977,9.25033957229419,3.29010303294681,7.63226829927272,4.26485367373398,6.63815023368088,5.23046607417609,4.77696812034116
"HCC1954",8.55393281504682,2.59793269158085,10.3786542878723,5.17632778555971,4.26501551641387,3.09118387058126,6.17451326571529,7.59875810917786,9.2878638798664,5.47457970888605,3.37089923054088,6.16077733276529,4.04676791083799,4.5859796817542,5.47525295249322,3.17109737259164,8.35193428153109,3.79315267104085,3.5603021505405,7.04316039425798,7.14952695938129,9.06348881329761,3.53916302293237,3.33247869136373,2.85920451771072,2.88786386023032,5.67570157019079,4.63262339366467,4.98986778812078,2.93819595386376,9.79607561507076,3.60920728206231,3.77576402896717,6.62506608463481,4.05763171396468,3.42511772121168,3.21945482197339,5.28944909785642,7.41823482125223,5.90757179160954,8.34156825907744,3.27097102832531,4.09846293933246,8.31428610656194,3.15267599744454,8.12808630162461,3.24191413869801,6.6126612218086,3.3826847324129,5.11593362475435
"EPLC272H",6.92516758656684,2.79484064902077,10.1747027997852,4.00901234514422,4.25236403877363,3.07200320006359,3.13118600963198,7.55887685558915,5.05081608424186,4.58644022844343,3.51603761013578,6.81787870259424,4.29448883696083,3.58188245912905,3.65268290170984,3.04516909008945,9.58827131949159,5.05075209339251,3.37734450709887,7.07324169026395,5.2732672418028,8.17253683210878,4.52029420535755,3.23963705467657,2.89326237595245,2.82000973092583,6.41269218655153,4.52992665456469,4.62961188193288,2.74238784736798,9.47938229017189,5.37229626003752,3.36099656448631,4.00750098576958,3.97353270661116,3.71542562815081,3.34031623015548,6.02186934701088,6.48929363856727,5.44626377443511,8.0567878993163,3.27982736364067,3.66807059629588,8.52350528484969,3.21576655943793,7.02947663047621,5.31234096189922,6.13380465023926,3.0788910853107,4.91776697707244
"A253",3.25779585370056,2.77977036391032,10.1250706349966,4.30903076616422,3.39680148288819,3.17784045227841,3.54053822307774,7.1410893219763,4.22035915753022,4.69744182881904,3.64206861064958,6.90152063646809,3.84167936796863,3.46797763541315,6.67919309574367,3.43203514737568,8.71120596976883,4.93803120664892,3.28350767793885,7.45858280066213,5.50890275346287,8.26677608114353,4.10765381015585,3.21703851548844,2.77007485068137,2.74592710236235,5.0461135317736,4.17232234669714,4.91297320089384,3.11700098150902,8.93954042787596,7.3947419033291,3.35347155507944,3.46162658491672,3.41010612859897,3.99203863317652,3.08610086767534,5.54198096714695,3.42578661305246,5.44484213244435,8.66427009636525,3.43196909128149,3.09277425124688,8.48088086912887,3.239349095443,7.42006011141625,4.23668010237465,5.87663708876635,4.96803658600406,4.00812143496205
"COLO684",5.04486725627078,2.92917607749138,9.01881713440748,4.19106355676009,3.72203640653466,3.26591270805709,3.38578217495162,6.63788769318472,5.94356872749302,5.38928505756647,3.97738570310696,6.97700600943599,4.14923049186861,3.7037724715758,5.27151405358188,2.962422367408,7.46544116249649,3.78135235235126,3.63040614424758,7.40005721463319,3.5090561968412,8.14763902781137,2.90495038065335,3.74641890651348,2.83830398859791,2.89284455423718,5.50974690632317,3.80380750456724,4.59070944977676,3.52700439688887,8.4103270630719,3.83988881217653,3.2097986370581,5.53209944484156,4.29964489447286,4.01088153812587,2.8698924904372,4.25726670481417,3.53658543247258,5.23216784730891,8.7675529341187,3.42850796582093,4.45811200480002,9.28010988435345,4.33789210689332,6.99750059356943,5.17952020224662,5.74151307137259,3.30994746375574,4.75895193202479
"DMS79",6.75956104918215,2.92829908074884,9.28596700692076,3.74884604201776,3.62517842127377,3.2283434021299,3.17677938417723,7.00040398644577,5.53951486693671,6.8725766901287,3.87835697491941,7.97414577243282,3.898085135696,6.14971465203745,5.39011233645744,3.36662846778698,8.74757592100225,3.86037512051241,3.90172510670148,7.52822292227537,4.28183361779644,4.51441213417607,2.97224731109245,5.88205149232107,2.91589375927196,2.81954880926812,7.46228340467197,3.97978972371481,4.57991956458292,5.51897883344309,8.79208715082829,3.20868191667372,3.9728449337473,7.71728696776832,3.46052809630621,3.88667278122806,3.04746972542513,5.19456373249099,3.34007881678056,5.95902239075306,8.39683973803604,3.80977467334233,3.20017083239228,9.3641699729138,4.45631313610678,6.5890385254879,4.62222261149703,5.60288122823016,2.82019529402773,3.99827537534642
"EW7",6.80966199688319,2.83792106142092,10.2235322456091,4.44780117465753,3.84832257876738,3.06533765370565,3.17479026722772,3.16728009209751,4.59890514822947,5.79252292742751,3.35961715148947,6.13593643314742,3.53275675386628,3.85861394795613,4.11280853673204,2.99781967914219,7.88492609507189,4.03256595799967,3.6261489695905,7.11302324595074,6.96317271505563,11.1095651153418,3.05172825447731,3.43392666753696,2.87603064717056,2.85423750167947,5.14214607070942,4.45007745001229,4.95027732611424,7.17633567772859,9.74416644449062,3.019070997004,6.58335285857808,4.38762580349195,3.61623164882804,4.47280492633201,3.39282271522476,5.45343219259595,5.50613014154966,5.63696340668017,8.91835171685313,3.44611058015275,3.53489871577268,7.74550042399927,4.09765196629063,6.61613392648032,5.05480307054058,5.85141746434736,2.81077467032612,4.73369560105064
"HCT15",7.58410630762539,3.00987645788223,9.20382356171914,4.19999351415397,3.54160628877074,3.37996129871083,3.72371746192764,8.70775940227555,5.37653164155974,5.38793638710749,3.81363592811882,7.12499582907768,4.05315425555804,6.0797063920797,4.60196591574439,3.17564540117957,7.5816541232941,3.6452191359068,3.69533523094909,7.57416917965555,5.47507133246391,9.09240336320846,3.55710946400658,3.42291816492176,3.08184985292158,2.94018461584346,5.30428300390122,4.69477742834484,4.64129972978855,3.120119702623,9.17150527439551,3.27888509744675,3.2056358101864,8.18419838037956,4.33303075330848,3.88578025017011,3.59391316720532,5.5572121725023,7.20075620410067,6.21102451147279,8.96036734317629,3.38591023803441,5.38492110774335,9.06735585202404,3.96057988499242,7.03299331791238,4.00261197458302,6.37931599844894,3.26934297048523,4.35839694058308
"HHHUMANLYMPHOMA",3.37396129668325,2.84553198759394,9.32100536819366,5.57471843532581,4.45413233055864,3.26085906461648,3.3404415631104,6.20155189677586,5.39539348060411,5.06278643691929,5.46626733011219,7.89127060077241,3.98076233556298,5.00116374918341,3.93194839077531,3.29519821767586,8.33900613531712,3.4795113902666,3.62357526361957,7.40041766187969,7.4896322084662,8.83675032521123,3.03979677247075,3.36904250116912,2.89385939846082,2.91725970424033,5.97145968512258,4.68943496437443,6.56340296229752,3.30787274850136,9.66972234631293,3.49223120648094,3.20549153860233,4.98495909537598,3.54596526444272,3.45183713229783,3.01998713340973,7.60025535287885,3.8609717562689,7.91162038071429,9.07175471965066,3.52890010782688,3.40681117540689,8.61099193301786,4.08262934162487,7.22965396892081,3.61276927879928,6.72757935214475,3.64439599120835,4.0212342108892
"HT144",6.27849623957483,2.93003732650701,10.9086205190523,4.38367747728866,3.48242793804194,3.34765271763813,3.7048854122846,7.74417868615434,5.64668795846931,5.18384597794693,3.35667043744863,7.0074236920955,3.51552023575134,3.483130697336,3.90118366352982,3.0576386879489,8.24727028398978,4.01014273306613,3.48748533715948,5.93829811389461,5.85189709176455,8.65117646810642,3.00781668062017,3.28613522160021,2.81974605673972,2.91018129710284,5.60712287281723,4.03755182618337,4.93053027147562,3.01567436512304,10.638523011524,3.68464269351882,3.15226889220364,5.7268346405847,3.82018803757895,3.76363911986828,2.90864662900071,4.89864647932168,3.8643518369037,6.28590722682703,8.80295846819652,3.44973104620175,3.69688951969791,7.99241232985752,4.14532717153839,7.66388137738507,5.11199514793411,6.95880948702285,3.12763014789915,4.8082658874024
"ECGI10",7.63343996748144,2.71580767926172,10.2808603754838,4.38671993171926,3.30431878064506,3.25522762103689,6.77999379127551,8.89512180163138,7.22292567227947,5.58836255415457,4.00536242846775,6.22096682485796,4.00632000492779,4.61265331231741,4.54822404356089,2.98119050124344,9.17021682562157,4.8530813551315,3.82045970040456,6.68752823185342,5.02933332379927,6.58681579283538,6.07458532756859,3.16176591882643,3.06265740839053,2.89488648083527,4.92260697114371,4.19998656054734,5.81150065671567,3.26612900622501,10.3796456999066,5.63349369465729,3.50082555397639,5.77336967363014,3.83864894742052,3.69134979384445,3.03475521409833,4.54984251906456,7.99195323331502,7.03998708718628,7.51289395332658,3.33344051968231,3.57256944708574,7.95188729841747,3.15714033141857,6.85041079359566,4.2810989815234,4.75277954787484,3.24744257287724,4.99645786926177
"ABC1",8.21563689782242,3.05300238948646,9.49382682636671,4.65866074035805,4.62827786214802,3.34188181564453,4.18852944670813,8.08938202474456,4.89559846902455,4.79399188110117,3.35003337815825,7.0405806047227,3.87982931066049,6.66977497914459,4.45860621639869,3.18887604574996,7.89537816502239,3.66441499476394,3.30031630666787,7.51354140260305,5.42605327231942,8.39059641610343,3.83171224918586,3.6172540164681,2.79840550407032,2.74308601484557,4.45452649978057,5.21381768509292,4.56624110984419,3.32034656909295,8.96525145388576,6.12672400255273,4.25433578775486,6.80402826577528,4.22670501545357,3.70480086267671,2.93327990507157,5.15480324830012,3.57918734932635,6.31907313198136,8.04253856393276,3.76067796454418,6.65620734724802,8.70996365320205,3.4339306943171,6.39803965694496,4.4965042934848,6.18000199456197,3.20360506207488,4.99737193826057
"CAL27",7.03767234703135,3.11291831113399,10.1179072056318,4.32959320697225,3.5018327470863,3.27346516108615,7.06582248134148,6.55985906158781,7.35997534836827,4.99179343097893,3.74683362999952,7.46618981921657,3.79179607397515,3.77271965473896,4.61572355794115,3.12061038028182,7.89316583464829,3.96120939981884,3.3413274770714,7.7961577324216,7.15484448823225,6.33362598884867,4.28245416919188,3.33304671879049,3.10174821981342,2.91422343971473,5.51995080044058,4.21944624073752,5.08615231186771,2.90797897165092,9.59906813475331,5.45903689623496,3.38093874000513,3.15923916468665,3.43791316685575,3.82741744753436,3.48582835896011,7.55083981895001,3.529448159859,5.88745493446872,7.70092089929152,3.45223113241187,3.24695893290777,8.80561592739044,3.30290781483221,6.95605244070398,3.12967778538932,6.36323540681781,4.57522916962401,4.34428078906265
"EW24",7.48103998780169,2.9133592244054,9.96493748699312,4.9377831057643,3.93684192303696,3.32679876071165,3.8663102056585,3.27422938208446,4.38343227603521,5.49113432850725,3.43604589169282,6.55659866407702,3.87938213370607,3.72541682060734,5.03653432264195,3.62123750278154,7.84357660882865,3.90777963633576,3.60363659230882,6.24788033547802,4.29207516508171,11.1421614489789,2.8565892643143,3.09939001792791,3.02158798872734,2.7771737017594,5.16149382624014,4.27969923011586,4.77797190750447,3.47780829915266,9.31075908651968,4.98584936557557,6.84268676922673,3.89264628611815,3.69815597290029,4.48320541149381,2.96402576368114,5.13114999876179,6.58628617903645,4.70891487864176,8.73432884595918,3.32955379189474,5.92283614329136,8.03317601092676,3.95280767681233,7.06912312345826,3.89461922512224,5.7178321428435,3.31984151940126,4.59879406728756
"HCC70",8.44011925775018,2.75325822607629,9.32895213246193,5.36469526865931,4.28211483713742,3.36813998581055,4.31955390548487,7.80263770811555,6.50392913864149,4.96184165217071,4.39103955418243,8.06797776166876,4.16193111299407,5.10168650330844,4.9512306688961,3.03669036200591,8.21076634651441,3.63134160192708,3.45215725771703,7.04001026100178,5.96994230480783,6.47871833608567,4.38666442191556,3.18993600589437,3.12945548876424,2.92999684042474,5.92141296048237,4.37659891494574,4.96032097614509,3.30947149545508,9.26586764826954,3.3206852186098,3.22043901059757,3.634460360328,4.65579477991411,3.53082506673691,3.46303062684787,5.47499508715975,7.52963061667839,5.34075376533182,7.81846530519357,3.70443370983824,3.13252326843605,9.9107787096092,3.20388036226731,7.06652742312937,5.54699635013113,7.12286881388806,5.12655743684536,4.94866447154758
"HCC1569",7.92466389927993,2.76202846421175,10.1547285221593,4.96471466608621,4.37792661172952,3.24739005773993,3.34694805841961,7.54449253921188,5.76751265903308,7.5162976622687,3.39070336482409,6.54424032457708,4.34979028199453,4.29451941529745,4.03919284478844,3.19295214647358,8.12543369178247,4.10147489075836,3.34477788553451,7.16035102766733,5.831894319271,8.48943591152293,3.03777896140913,3.11844387983531,2.89277086005553,2.86021903156511,5.16071667301042,4.21808771567362,4.38970773409025,3.73422657981221,8.73849405513604,3.68488991612631,3.49284790539101,3.8277627842654,4.24749225632407,3.88830747656245,2.90273517873812,5.39986004525709,3.78125217505301,5.78959684465228,7.67938973194924,3.37621748760625,4.30084457858198,9.7280301767404,3.38727817600363,7.39690126467431,6.31566109334383,7.76591673422228,2.90506800940647,5.23267476280575
"EB2",3.44591852787977,2.68095602959906,10.212122838956,5.15755880396364,3.47526523342022,7.8337529488777,3.32566980932262,3.05646774372285,6.70191659265615,6.56888975927683,4.42893089386024,7.34188202388851,3.95551661046424,6.05704369580581,3.80509376078436,3.76043470857271,9.10063838768835,5.13310916098149,3.40939104900472,6.94182539284486,8.44804957890912,4.74588949755238,3.13923290636438,3.25550726895554,2.78057708877045,2.85099946033967,6.74889301520427,4.20131802461518,6.57606668160762,3.12247219961549,10.6300674241945,5.60464906744838,3.12302177234231,4.58534845222896,3.92975059403669,4.01892192872184,3.50527079570954,6.35057733489055,3.78876818758376,6.53810562377476,9.44447275462077,3.40917411499665,3.31602690195823,8.58943070225853,3.71310285328122,7.477692028029,3.40855735156343,6.76849643175375,8.00309090077817,3.70933597846279
"ALLPO",3.45057134455118,2.77950552673293,9.64493344252643,4.42659554444998,3.90868295576779,3.43929807132291,3.14498347945958,3.81846964925399,5.48785920033087,6.36336458857513,3.52014983916765,7.45398234670526,4.76366025679513,3.42665036233687,4.14098799573378,3.11086832686545,7.81076701992381,4.75231561346078,3.67845998644173,6.84832467304776,6.83020270334147,8.846850171265,3.27137972673586,3.32850760176746,3.00119552588131,2.8822883951982,8.07387079700412,4.39103646843455,5.18806218633458,3.27926290998443,10.1254716387939,3.5112097898298,3.16917544496575,3.85697472867941,3.38142657088017,3.66870650411235,3.19865617741867,4.64571706430461,3.49204347249944,5.77648572523418,8.73249399425824,3.586829143834,3.07851926816175,8.33437149558946,3.3092233856583,7.3205771915128,7.68278227785674,7.19347165084346,7.28276575552154,4.69299221820192
"DOHH2",3.2876298627969,2.89141390808472,9.21663272599854,4.76627719846952,3.41726269081841,5.78695088889517,3.31461210888876,3.68316449028833,5.97339850831871,5.83976897534043,3.47941651959897,7.14275287841917,3.52971663863759,6.04925499965675,3.88484336345817,3.31554424819816,9.12811766012361,4.9801982528071,4.03087354885272,6.27784598454941,8.53953850604868,7.63513561610902,3.52317342069485,3.06844833761352,2.89791974744781,3.0698833689163,7.60761355898734,4.21532651917757,5.20898236725327,2.93513622416505,9.5362764615613,4.45712645207504,3.34386661925609,4.17847141172222,3.43784086343285,3.2883630188857,3.14094244547239,6.28774611075956,3.5733144779236,6.10555698575784,10.0218283728646,3.78861719002614,3.22623982997199,8.54085178235592,3.50673747404142,6.91032535451902,3.85602850536092,5.87062003275386,10.3555362782888,3.87062709193349
"HCC1806",8.0515070724384,2.65846171309717,9.94917935604903,3.67629932202384,3.75455583646902,3.25480241588959,7.25844074657277,7.67363062189879,8.47911592727091,5.39675901866582,3.96354775504458,6.99507050414437,3.76323557500921,3.85713708487726,4.76407693936162,3.2531065091786,7.46900565174867,3.18726709988591,3.51250478573765,7.1686789347375,6.14368000632463,7.79849614377329,4.81103027092634,3.17243322370776,2.7486621700532,2.83858486182379,6.21354854057175,4.37418995571706,4.3402974973572,3.09247692520879,9.8542841363465,5.67664989720051,3.25161957712785,4.87829424240905,3.83004819855736,3.60536672996033,3.25273936726517,5.32080712698111,8.05842976850946,7.41550483178795,7.0019501057612,3.38920831867631,4.00250015968672,8.43095944261366,3.26935690512127,7.03918227224305,4.63798738180446,6.21138841348593,3.24636342619334,4.32167376325709
"HUH7",8.72205555171603,2.67028571731562,9.46452157271321,4.43275204602054,3.41016260690118,3.08213523113821,8.38614007996472,8.67715813941312,5.88320280618023,5.06092423734151,3.52787934817154,6.43561337397253,3.86538155135821,4.21609166879029,3.72582609950273,3.80232987812848,7.2631464774922,3.49709427216004,3.32486197641086,5.85895584480201,7.72884574755847,9.52241269020038,2.94961516814383,3.36635371580232,2.7962400321909,2.88124479470309,5.56516185452374,4.5232974093399,4.60794085503014,4.4675745829531,8.73960033895138,5.68653804762954,3.83427480451043,5.52570312896469,3.73138088921035,4.011356421455,3.26378882767523,5.19970118295014,9.40602773956075,4.7776975598681,8.16811876749801,3.45210325818415,7.65740579509228,8.92249502365405,3.34741064222028,8.23560565493945,5.05151803760372,6.30322075294763,3.20755740500679,4.15538639657969
"HT3",6.89326818089457,2.77185713446648,10.7569605938474,4.48667783312452,3.90400296105647,3.20381022262507,3.43699854277458,7.59298867694707,8.04885428153059,5.65809719348953,3.37161380593604,5.8011580365141,3.79228111420044,3.26706169338923,4.05813048933512,4.00506322034927,7.87150776478615,3.67077301105136,3.26707741618119,5.85762119931518,6.8148809806597,7.32954952425646,3.36431415091549,3.37457807793264,2.83286854777967,2.81345021084543,4.65376511967316,3.97837414978567,4.89482265381404,2.9619215378503,9.63202318625021,4.20841043841526,4.07381635951812,6.65027029704996,3.53561528972033,3.38643081245859,3.49131179794742,5.88844672482052,3.55996532432333,5.25444596276194,7.97074628334733,3.51324774395103,4.99955587086735,7.77486438435616,3.20000687735458,7.58538771692997,4.02319196115639,6.24323458743771,3.105245324785,4.69912837444298
"NCIH2170",8.54130475420577,2.67467557955362,10.3141546529138,4.13983023195111,4.32185081909544,3.2694295705385,4.6206529804427,8.39929264132804,7.30293187036334,5.00083491559913,3.78181090482466,7.33004612248104,4.82623891821864,5.32906513860959,4.60469788523026,3.18237920909593,8.02225193366305,4.45172722435516,3.55916764663626,6.20404160287285,6.95648940765399,6.30512680750845,4.25612324697441,3.23638672342064,2.82172224060516,2.91635372049955,5.02535022680535,4.33301714629302,4.61513636069662,3.29425574537814,9.11481528870922,5.16782015401358,3.0388596248445,7.38518120400104,4.05362627379745,3.77327405623256,3.19906437968049,4.82929073928111,7.16956140857524,6.27103110275286,8.14357647997366,3.6352558950153,4.7332852610314,9.47574152586393,3.85755051488919,7.64346268733935,3.86647289750049,5.55389851342199,3.55392387085877,5.85967865674441
"NCIH810",3.83141695064208,2.5081181272258,9.53208913394332,4.65880537288876,3.88783414111164,3.26723908280358,3.27105936900884,7.14677840073092,7.14340264784108,4.356266383726,4.25520528016519,7.72989456203898,3.63041812867494,5.4575853189562,4.01766596007563,2.99807331188717,8.76805384228069,4.17401007211689,3.79142066582971,6.90598863463951,5.51580144433238,12.0483652630264,4.55092797166712,3.08878671095757,2.82235234210159,2.76254076038321,9.82659444036308,5.21175790278268,4.83299681558239,7.94827500372137,8.58285417042527,4.43407817383054,3.38393483838506,9.42024414335538,4.16400316977553,3.87675394225073,2.85886934611708,5.4496564899955,3.37499435684811,6.12472143980402,8.06768846520631,4.75150244498916,7.2075642130129,8.65121535588564,5.51132158516911,7.21641750070619,6.38944245475106,6.75528246884307,2.75568144188164,6.3269919652631
"SNU1",6.51440607173144,2.65689827277791,10.5240067505525,4.21210481412696,3.42621574824222,3.39550131216351,9.76000194210716,8.90100322618276,4.94123672805698,5.89109196532235,3.21209988647707,6.0684760722709,3.91154060438892,6.23004347200907,4.17947696457383,3.20773986744559,8.1290539777497,4.18739946023268,3.80559836678865,6.44268293899047,6.0782540293568,8.53564359399504,3.01548459650254,3.18431806074308,3.01162790870452,2.79728345682702,4.57003050079704,4.10295877253372,4.62782578567373,3.27654987000045,8.53580549463445,3.53738497203192,3.20410645497745,3.31746695429449,3.40471478306609,4.39937876981506,3.62730855152077,4.68246306572829,3.47815109624983,6.18229814986685,8.90198481403769,3.54321510240851,3.15864240500426,7.92240851096686,3.32151770574059,7.40296618812774,4.14242737078234,6.76288037666863,3.07108599235892,5.08308915751415
"NUGC3",8.45455479585637,2.7993993771888,10.3427185626306,4.26317111599264,4.53611527827713,3.35193186087058,3.23544568269752,7.40845879486028,5.43842410607998,5.44378999534548,3.50367838522665,5.92339008879806,4.30822903107274,6.48797233979286,4.13031261667329,2.89728162617361,8.52178145834242,4.28557559467962,3.30054872349739,7.47059503639272,5.5443222408464,8.53117082565269,7.33564019338239,3.25122353234961,2.99960568703744,2.79521014801007,6.47387152105324,4.66892951583404,4.41145329783021,3.2501775204073,8.48848075141498,3.41964161511311,3.49525282212408,6.48287940121442,3.89236522984121,4.22781041421639,3.30912978077065,6.94559152105376,7.27102275949896,5.13207660756561,7.8404729880351,3.52256096993201,5.31364549531887,8.69927775570589,3.25763863704422,7.10132878155485,3.15701609157754,5.75914334394181,3.52305670647453,4.12445338763703
"SJNB7",9.1924489241042,2.79693247012647,10.2118716096645,4.38080798521998,3.58308269609732,3.15272557022576,3.53509959367848,7.78848273184825,6.70228101990174,6.10677169390411,3.5299714609686,6.20935598054078,4.63621160935019,5.70208262217546,5.0528473677575,3.10996833654612,7.54113755092756,4.43533381433509,3.51253924875489,7.72079396745726,5.8718684780133,8.33325613403712,2.99365106916065,3.14167555592956,2.98251907707139,2.94780860939907,5.81931792113058,4.25383113718309,4.58370015075182,3.31484428964433,8.57704475291365,5.1847185853115,3.04231064530855,6.01820988675407,3.87165376617857,3.81449340798469,2.98090418704123,3.34321577678365,6.32946504656567,5.99754281667249,8.42007376670799,3.84915988903864,6.954858399137,9.04151262534963,4.09668430749755,7.41379234833982,3.38956551879484,6.93592947761506,2.8435996659214,4.71959001241661
"NCIH1666",8.54150276062771,2.95881057979978,10.383683952639,4.38574365192154,3.71895228430855,4.0528389242813,5.45968632318173,8.12636481376608,5.88060081621096,4.9440416623845,3.12369212632508,5.98565128671698,4.48320268756705,4.07621213832065,4.38893604966437,3.21181620533627,8.28113521410916,4.02164817278295,3.4200114935533,6.88230442293769,6.94404559254217,8.05780414146875,4.36364693829485,3.53944579829144,3.02531434738962,2.75183057158307,4.49816358057306,4.80822798242138,4.78320432401825,3.16117516728082,8.55633797595065,3.8462277442921,3.12530611490173,7.12797544018625,3.72446020869519,3.4365608450793,3.07906672385153,5.70825197737888,11.7705945739554,5.89334533803846,7.84004202828338,3.5898287736387,5.88512197686515,8.79177417010608,3.34816191334219,7.35034021441035,4.41375479621912,6.58461602189691,3.28033363510611,4.48544534832343
"SW1710",7.49438730017853,2.82932551882491,10.2073788764141,3.87302235209949,3.78827748643096,3.23988713455009,6.21033431913785,7.94916715413792,5.36460574843638,5.42219844726734,3.81687937188086,7.21509737008572,3.89693168909112,4.3047824917953,4.85841030409063,3.12738208223638,8.86006360529683,4.09905225684937,3.4078982775874,6.76639661071198,6.00096901110273,8.4282186604338,3.88972608819371,3.33146653802843,2.84983657066719,3.10587136122766,4.42362022203968,4.73662260299065,4.61476112972801,3.11711002938792,8.38133245306689,5.49181033350474,2.89202975227732,4.41608204782127,3.48648167119906,3.91329725649158,2.96054467133352,6.16871444001824,9.55582556527345,6.24012129984055,8.24547733038396,3.43298972054957,3.1949664756358,9.13374736791095,3.17397115385969,6.94850548152216,4.29618337062658,6.46557411689672,3.16110182874328,4.03105833240265
"NCIH1650",8.19507328820593,2.79419212535096,10.5649582539476,4.48149327620454,3.60363549877896,3.10512866527187,3.9121428302787,7.88045519996064,5.28300629446457,5.09465220180965,3.46083025067,7.05109588420291,3.47158995383585,4.60792990362549,4.49863166085988,2.99250254285152,8.65841068399823,4.06976806189226,3.56625838337894,6.55678555595576,6.76737550194657,8.7505926988093,3.48271383269905,3.23166656969702,2.76340345622307,2.8014934158156,5.09420216867223,4.81408388085788,4.58532984438976,3.06878160912983,8.73049767258459,3.64743219313397,3.70873970666953,6.01990386500099,3.70262452433596,3.74331519759629,3.1518678564434,5.67205820016195,9.68696579750636,5.70871832067076,8.34200853488164,3.3712614751345,3.07365723065371,8.82118111628702,3.24341449330357,7.23878367467849,7.27623738855383,6.1016259923438,3.13482192357117,4.35384034744181
"NCIH2405",7.76956565371068,2.87111202009677,9.95632835273435,3.89746853562825,3.62128748439609,2.87686142262232,6.20512354620464,8.39411659308782,6.71943130130523,5.3430169451753,3.37656807283705,6.53381320552054,4.02761293705483,5.22160352181406,3.85121559228146,3.28285579044855,8.13358928159515,3.69228275507786,3.50907297715514,7.49211057383138,4.8303137958895,8.61181324906896,4.2111296491194,4.4101232203232,2.86165663421197,2.71940997216949,5.5381752572229,4.7166547849121,4.75523806174285,3.37157884413957,9.08604602816873,3.21218651756305,3.06011865215696,3.1361382929677,3.50974627229097,3.96209766164995,3.10976105099038,6.56515397865903,10.9970546063643,5.14731782368769,7.59478931225047,3.37181977319428,3.13737985090371,8.58196466177052,3.38803255174746,7.54357264311648,5.8014178604888,5.4629744600258,2.84847159062475,4.58749365204996
"NCIH2029",6.33836085681758,2.84404478550709,9.21590243112202,3.90945596609479,3.45987488571714,2.97131765128647,3.02678135561566,6.51961311638717,7.38054120674119,5.0924249536109,3.86286623108495,8.24285691056143,4.07081191388826,7.43392018213069,3.91234550732395,3.0113186313402,8.34980813948319,3.93574354974385,3.38312053013752,7.33135799362187,4.97466082879505,3.64766948974281,7.67093208893431,3.16925241998438,4.00830804816792,2.66261603579863,7.54544827877345,4.29827929547642,4.74231219216061,5.16578726455143,8.08972771126851,3.24892016682346,2.95487482388424,8.33623501913338,3.49743581032947,3.48329968044781,2.97175512751425,5.47416089759142,3.3931273536551,4.8854983610909,7.95265362768137,4.41141200462176,4.92710038681675,8.89578064025325,4.08449507095381,6.84930646459351,6.32533682844162,6.59667395917606,3.03328827310361,4.45535772626803
"NCIH322M",8.86701616158483,2.8598416506316,9.77560935947993,4.86009910875001,3.40442689497867,3.62274943292968,6.8466783128226,7.09663180074143,7.88852474149413,5.1509509128893,3.66266285845092,6.84872390281129,3.71389903228825,6.19081966814244,4.23953607131675,3.08303342066401,8.65651089372308,3.79608744060804,3.91522690406621,7.67704389763324,5.18325828836129,8.74635859435339,6.07715449084327,3.46944847405233,2.98242867058252,2.77123570151649,6.30206614771596,4.72842058012493,5.21282799218489,3.41726722117547,9.50780968249092,4.14479533936,3.67909531882194,7.47122344610354,4.48758454770711,3.89031268689504,3.12008058891559,5.5850024433429,5.30553824749209,5.83275977214035,7.42227831788357,3.45507294523064,3.21584327431006,7.39510485746493,3.43007809469702,7.47291497579078,3.68893919976944,6.02852753348184,3.36095698084533,4.69279311710712
"NCIH650",6.86930149156763,2.72962091228859,10.1153730927171,4.02416813087574,3.92031965685355,3.31598028482899,3.21560810630732,8.62278461040419,5.51654889338294,6.25831199314329,3.33153285029214,6.65112008059243,5.25415539729958,5.33576194816285,3.90002602949914,3.01900792134728,7.89127974442306,3.92903661329688,4.43577401529736,6.94649543967614,6.56390989649693,8.21129596945971,3.02578432213364,3.14681271589562,2.89972159776844,2.70720139784307,7.44328221937911,4.55794318817535,4.9254994285485,3.39955794733503,10.2806474936851,3.89634235943784,3.41684750192964,6.78528139103857,3.72012439715109,4.01143122838428,3.26189611808677,6.06339878398173,10.1477056227739,6.17882581067681,8.27963815321613,3.60887125811731,6.95620658521429,8.32871551569541,3.1724545484592,6.84532032861468,3.92785231685504,6.91190088253253,3.13618003439358,4.94240292009713
"NALM6",3.40825746184862,2.88025796751576,9.29486357851357,4.18126233147733,3.56704670471637,3.08187341626568,3.33939244145572,3.49412736972275,5.00646830895087,7.02530297684768,3.17234847031008,6.13081904462009,4.0475256803674,3.73660723809641,4.00492658647128,3.04031450428678,8.27422077170153,4.67032308633802,3.92865932802299,6.19558689334449,5.99487948440418,4.10492516377378,2.96539044508441,3.49080820525927,2.84326710063229,2.87475221667568,7.31741106373189,3.74022086480062,4.88650547811133,3.13461839971098,8.66106711318346,3.1998808228165,2.94090814429917,3.13533781040027,3.32213896946245,3.85796000144108,3.40555692136478,3.9571741814111,3.43127430404637,6.01889985028865,9.73376935547665,3.54868039127414,3.18325280384235,8.2318391245936,3.48027607154191,6.96328284161444,5.3907652545961,6.14168779822933,8.96453998915934,3.19985552400333
"SJNB14",7.00799513339904,2.64932482222783,9.49462079771619,4.28165486404654,4.18610417997273,2.93613595954618,3.33126381686066,2.88680942537449,5.10165322458047,5.50675617289446,3.3951178957483,4.85026433218148,4.34486309241911,3.55895621474893,4.0950481723354,3.10928886532385,6.64779986554113,3.48830828256918,3.42781692889857,5.61757734469428,5.62367872679698,3.41047157960762,3.22401685696061,3.10281092441258,3.00683940642105,2.95271942047301,5.12933822995761,3.7827702089289,4.56449177983634,3.12843228765191,8.22114640645641,8.24994088145477,3.07180812816565,9.73001162594831,4.53174682571839,4.04671806197361,3.10225959735614,4.02539215838333,3.47666690277192,6.3506363760147,7.34913389310715,3.93351285826766,6.26637812270558,8.55280011903862,3.99260967755381,5.74989639453546,4.84080946763172,6.37706737121359,3.26259906514547,5.61251290772116
"SNU423",9.26527798470065,2.74887219308318,10.1392506987281,3.77359645387783,3.73262526285923,3.25151748109294,4.34224394331994,9.01769173929794,5.68822333822717,5.67057432282343,3.42477550203707,6.54603514738245,5.21477958814952,4.99619443552881,3.90180332443331,3.26654072444071,8.2818979075368,3.34654234853488,3.17540036078569,7.37754911667002,5.45190660969984,9.61998109548447,3.34586390045922,3.26214142947033,3.04180265332668,2.87299991093569,5.09455961308443,4.90271955816328,4.86122133086933,2.88486760670031,8.58207020329566,3.35081365064816,2.99445356892422,3.21181318424624,3.61224388855642,3.95756614701717,3.18954931644026,5.47283081260524,10.4645629330652,5.71623862424667,7.92082072615624,3.33762338532087,3.14739627262874,9.24245878745773,3.26772517796997,7.51799668144746,6.70326144320625,5.93908749304642,3.20839265260734,3.78563548463847
"NCIH2227",5.91954661429751,2.74392224023158,10.2212615108221,4.41283179459537,4.29007746249771,3.10775867430827,3.14280490782997,7.28994094985371,4.60666209038198,5.00933932684649,4.1611763971671,7.28637324672859,4.08929362766137,5.29460311657576,3.8260008692797,3.27295758876453,9.29031521117608,4.84249622886645,3.18082984197138,7.83704774446485,5.52894994575604,5.78836796220338,3.21729388623599,3.13005339285388,2.94665419961589,2.90030150234747,4.59956699691856,4.08691605101524,4.9770152961065,3.53376705779395,8.21407125014863,3.13917621338191,2.82209418464525,6.19786838363528,3.8298173591356,4.99989154653138,2.9254086319405,5.19748237134707,3.23670671622069,5.67917117165912,7.78035285348392,3.79925101717366,3.25694660181323,9.30732387663595,4.18573682271682,6.35748320484091,5.54074878395913,5.74009482309336,3.03834407942654,4.3028742167907
"NCIH209",7.67178931971524,3.03956720163512,8.81199422372512,3.72939719703355,3.95777547125365,3.18853936538843,3.19797562186353,3.138338758739,5.65197692505998,5.83687498885362,3.43579247914796,6.12324304097789,4.54352809867526,6.26994221983891,3.95141653446633,3.06070042003513,7.24018234345232,3.63081813779814,3.26681959330229,7.07846966146548,4.74168828895606,3.86561063059283,5.12952653426577,3.3484221200472,2.9457750459975,2.85509603665425,7.01401011074675,4.02534246609236,4.43971594348038,4.1968841460502,8.63221013032319,6.0373484918003,3.38511277732901,8.92332852628099,4.2564896456362,4.05717693437648,2.90241530504774,5.02502334318645,3.05303446478561,5.64012532786625,8.15120436463004,4.85149525529299,3.64286370428179,9.53471514768411,4.52344152278769,6.99929637294931,4.45168224923773,6.33678307757281,3.1744095773736,5.10937290512074
"NCIH747",7.6834875534196,2.60437376388246,10.3190486540663,4.70416025468435,3.85904267621433,3.01006915035383,3.24839849939747,7.73226217778882,5.76791432265312,5.63158124826116,3.63579788709821,8.0586192975256,4.18426810536425,6.33404550073768,4.59262900344685,3.14245942582763,8.65711617142409,3.95331691485616,3.25114771500069,6.72547864393098,5.7344801404679,7.82346991842195,4.86400155521314,3.42159777718369,2.73181206754585,2.81255321860076,5.37429348715124,5.1982504401056,5.30121556167657,3.14602496293204,8.64204677073706,3.1520234019904,3.13095655401344,8.84977288433476,3.6875013071061,3.63449573128963,3.41589503239799,7.29002259357562,8.92150885930143,6.07104678716704,7.72535107075362,3.7667448628762,3.14679836686053,8.83526455317813,3.94287873764073,7.14734204957838,3.53939464665552,5.57693531282578,3.24251488160913,4.08388411045811
"SNU5",4.68915234735093,2.92226184407668,9.90475871265927,4.60137766021595,3.52821920388323,3.13585729540443,8.55188477509033,7.01522252928644,6.39030767936432,4.84272318067831,3.55113660261487,6.59797125986561,3.99344751911822,4.70039762916601,4.16746809859079,3.35826390371406,10.2804782064495,6.56784900210082,3.47556277451061,6.82571212077775,6.41103360137525,8.28381758397648,3.40044077966396,3.56151459738974,2.85372500008692,3.40821816501154,5.50264369008881,5.10755512001845,4.89005015954424,8.7167843801516,9.0125930081372,3.42264464629616,3.66726146951875,3.43895328007825,3.6052520938193,4.04704257018185,3.30618495369008,7.07804652731231,9.67483722810582,5.75380094170705,8.26436562692688,3.9363862328483,3.03478295909741,8.05949772499888,3.50011465756365,7.99715234917355,6.328511307425,5.55248862227072,3.1734238828593,4.59772972480814
"NY",7.83365410544309,2.94211736160253,9.68839297266259,4.46153400288417,3.75509625179956,3.30989885035363,3.68386285965026,8.26132056552655,6.46894380288636,5.67984587865965,4.35232201046919,8.07205144511081,4.11758905331748,4.10256164333788,4.27612676846993,3.40130647601536,7.88809216013187,3.33337490802883,4.59048988592524,8.02775039250315,4.82196692615048,7.82675246460346,2.82273574325006,3.20891482378676,2.93642942012322,3.11922917283998,8.30359848438185,4.13218972980081,5.45232119187609,2.95286837482856,8.52572168923767,3.29961622010794,2.92168644047101,2.96552663415734,3.50718734814187,4.07685578013813,3.00692998477275,4.18599921627685,7.4406213321177,5.98646688460586,8.2686639454424,3.39181762991853,3.1644228467582,8.45430094489745,4.80111097360116,7.45133801891353,3.69526261425392,6.39536786859333,3.61829039382021,3.81246405513982
"OVCAR4",8.06018933600386,2.7700773241971,10.4846836285068,3.99421115966706,4.1155438219478,3.07313620654617,3.37055511413054,7.13529970790559,5.65764645969581,4.97528787751174,3.660074308166,7.37296836799789,4.2180639917036,4.48884153100136,4.1923506116809,3.8650539289483,8.72223575598004,5.0090286307608,3.84180976286271,7.05994466657502,5.90953216597595,7.57658308147173,2.90337759155836,3.44149022914187,2.95663349846447,2.73851461952599,4.64269107086021,4.61340770647702,4.88340921146492,3.09846569575541,8.05124929339077,6.26058715387879,2.9511903844344,4.89832967592814,3.66890417835803,3.96438610624887,3.03747268725132,5.50662062492694,3.29782058576154,6.24017473366976,7.86240970613869,3.47245014245189,4.07501766649555,9.01021902909638,3.36938013927208,7.05618989113365,4.340121493133,6.92760078916133,3.10264483709132,4.90589363246294
"SN12C",7.59550911492813,2.56882907384275,9.87198251356239,3.52106775637681,3.72146286235388,3.26815493875505,3.07667128803296,7.60707657241096,5.37832095548776,5.85319790482778,3.87755110042735,7.59554119966336,5.08112302483576,5.99481084330763,4.41385924234009,3.32940891716731,7.56513708515016,3.33912401014618,3.30230895079804,7.63743199731118,6.04318445469438,8.09206931923456,3.08491903118973,3.44895505059262,2.94499289827897,2.88619090274367,4.94216942939753,4.77232005418781,5.61837496579695,3.25393070154471,9.29654319038457,3.32925481418186,3.27664214678764,3.41809707803948,3.41376109961386,4.04216209510239,3.02329018928742,6.45275122131071,8.65311217280627,5.7304654016141,8.48980077167981,3.49321310479401,4.00541150788689,8.73878822995312,3.40845370512502,7.45597553769905,4.03118263102366,6.41735516990189,3.70009786045334,4.29237241156101
"NCIH1693",7.75992253121246,2.88466932592478,9.27871755562596,4.07625273182134,4.43179009880315,3.10726545685081,4.53961585062017,8.68574826526722,5.71376353747592,5.78171766329263,3.26971240191807,7.19623027145493,3.69541579574445,7.32250764703037,4.02069303684244,3.0438716944125,7.92876218191382,3.49530886683118,3.32253629865741,6.24115489318901,6.67503886528773,7.2201361722156,3.92690427791221,3.20787745996351,2.77139883965897,2.89648096039856,5.9863732929671,5.02037298087649,5.53767702300687,3.09426395081755,8.85274527287585,4.25640448256823,3.18523171180485,6.69683313893281,3.60446533806995,4.41114731497203,3.01965453107309,5.97556425185073,7.97730446841938,6.12976070981263,7.71998721539234,3.54097904370768,3.99209630270754,8.37231989604585,3.4813799804577,6.82431161695473,4.02132572710088,6.51883626521088,3.63770764115627,4.674344056603
"NCIH520",7.50822101918649,2.77348500141907,9.4995424329291,4.76914186695252,4.27891540573894,3.20713176756272,3.32054094176392,7.68602958439162,7.04288760633453,4.35162442283452,3.4590260313851,6.38214102019123,3.70740822530888,5.23227451673677,5.39631794403504,2.95373387535654,7.75684602479061,3.84607272825799,3.51179733721505,6.36898790130656,5.66698504599239,4.59768169204356,3.56074472733916,3.30971898372415,3.03512901598338,3.00302437077522,5.05715915408399,4.32075476580955,5.03007883623957,3.30600787560922,7.85129586999903,4.23588341306951,2.9239637625409,7.1363812069376,4.40575771831808,4.13229547914453,3.01347060592366,5.07041775467709,3.48447454962958,6.694873230518,7.57559557797692,3.34945894128872,3.08884157557473,8.7626397215508,3.8858036664039,7.73415710922227,4.92992907347473,5.96016941580196,3.1401493010424,5.07237810258039
"NCIH526",6.19378648004365,2.90091555821124,9.68672171650911,4.32124908124803,4.32844350381765,3.19537178933671,3.4034580917954,6.2212357014103,7.2345972325511,5.09618184971391,3.41495411710182,7.01773905069625,4.06495702002019,7.24710010662273,4.12603076003437,3.00803992233694,8.08639061190849,4.35915268304637,3.50862732820638,7.71942354654746,5.36368054557112,3.44027047861247,3.56343412680821,3.3040905132472,3.07066295134595,2.8219275885981,5.24449073476701,4.0106602104437,4.40979188419533,3.2895963512456,7.75607233965778,3.39068528309765,2.88465942915891,7.7494972497909,4.30298642415744,4.07271169640091,3.03088119982316,4.54701735820393,3.55138626622625,5.48868871594485,8.52802458941782,4.28230952199824,4.32400839369811,9.65428082373657,4.54302002725488,7.55435522131888,3.98386441784192,5.93146403858786,3.10149153640981,4.79555520888422
"SJNB13",6.9514914622384,3.10165548842944,10.6617404254941,3.79249253735715,4.16162565460391,2.92682402161811,3.1236598386977,3.35554524448515,6.25808802600488,5.57745737061007,3.42819198979591,5.48116148860032,4.62509133620746,6.08787199882844,3.85576482559916,3.43308335443826,8.36930420118968,4.72669217193144,3.82776995741099,5.30837179537646,6.52848985666376,5.90049515976422,2.99542597201545,3.27345852631709,2.86079224035624,2.96206367395504,4.69076998345433,3.95776951307712,5.43806524595537,3.42554539498211,8.49369614152458,9.57448730550431,3.09958007224129,5.85534154353281,4.09052284281324,4.37301187768851,2.91072701008868,3.30749351707248,3.12838737008582,7.04584594472733,6.60215427907178,4.41824580419971,8.73421477803376,8.8671742379658,3.7850391857148,6.19595766351685,4.95878308506194,6.41241174141548,3.13420248483972,5.92770638962807
"OVCAR3",8.44742168884044,2.77424981940429,10.6966709050349,3.82443705725613,3.9725298971383,2.930527414922,3.42759357233129,7.64413141290312,5.4190229827854,5.17309416515041,3.73803227894728,7.35158535598592,4.16295715221412,6.21397749451294,4.67392320969637,3.2814876235886,8.3488773563556,4.0075605727937,3.35996301295204,6.46966521209434,6.1253145612852,5.78473353501993,2.9324580681967,3.27730941733921,2.98942300977981,2.90364631768616,4.2818612348137,4.23613382820347,5.72601639011346,3.36466537117848,9.10795462088355,7.44329058117179,3.07180338717615,6.77925276332565,3.7199383268778,3.8849558142334,3.25992380787424,5.21939985517531,3.26425288545457,6.13886220517743,8.35894207608313,3.58113951313842,5.56046702754959,8.64448561856997,3.13334942115802,7.12570246659028,5.55939538302397,7.48346169867327,3.39585921020641,4.32707724278671
"NCIH1694",7.82777228577398,2.98785894140765,9.32038070389929,4.08599070820724,3.70262931875319,3.18035906946166,3.41612238701732,3.3421887162488,4.74308184772257,5.96629125342771,3.23964327466236,5.79002776592477,4.49374877725525,3.94523880170274,3.97839060253157,2.99312038481423,8.31220948807387,4.19927092002958,3.64949881606838,6.74675074416647,5.2800390102429,6.73501136079366,3.43772458801767,3.23302244727491,3.26383932744999,2.78224005863001,5.28747920279857,3.87905582078831,4.94781266987787,3.21217971198004,8.12222756184148,3.33517084290719,3.21551870705411,5.74381509320511,3.88398845355306,4.34349180821582,2.85215723041309,4.85872469255553,3.09598798729796,5.8008249931163,7.56469084231606,4.39723394747709,4.15406105414419,9.21274687063731,5.28855286602584,7.14649237057651,6.87764721523807,5.73939827096372,3.2736158058657,4.95508643485537
"SW1116",8.68948890589587,3.06638871892345,10.0642329587399,3.70175896977692,3.20319929984123,3.16361370555665,3.4562458169406,8.46791215689092,6.06124784517877,5.02742973796015,3.67886249156883,6.60211143411065,3.53090278969819,5.24811326090001,4.13536173934218,3.59285421006242,8.24608572100817,3.6496387654076,3.45354085299924,6.62583821819917,6.4689332104779,8.30499255611752,5.40707940631838,7.62069380445713,3.00081410456914,2.79396361461093,6.51444549580957,4.57437490113809,4.80775701866038,3.85549825515112,8.44932683518839,3.34987331956422,2.9675939822447,7.51013178171784,3.56333446378938,4.17448911385882,3.42707707312437,6.9419405888335,6.10427742264065,6.05545451358132,8.23479548912881,3.55833722567548,3.17723472290369,8.83148394857706,3.55883015085493,7.05356776240844,4.43733323985779,5.85372796590287,3.22813096222964,4.65194973958158
"SNUC2B",6.87357980012072,2.64414403542551,9.66978006821372,5.34039086269396,3.33026199528436,3.1229905498608,3.27329822975281,8.8172029851359,8.13346843042781,6.32953115267351,3.82975375878693,7.17696973174629,3.57034850696174,7.30954282635585,3.91731350888437,3.4996070202495,8.13202051531533,4.10072558453548,3.64673187087136,6.14802179461529,6.09611136260974,8.64686868879285,3.52852106454536,3.30080934496472,2.96991156309668,2.71224217190922,4.2394183481463,4.58880939108651,5.03992086670494,3.09230792067606,7.88701356430512,4.87190380334053,2.91420414693437,5.30612514542974,4.18376182433098,4.14122556191313,2.96108791783836,5.03632288711503,9.45602444830224,5.27692543162053,7.87278434789654,3.42722743584812,3.36616543828255,8.0610702943099,3.2267074760073,6.94412145573417,4.4769181107771,5.6935442249957,3.10059910936538,4.37534152071175
"SJNB10",7.1013260648107,2.82742924173842,9.23366524396906,5.02435050836165,3.43072290853164,3.18190683457898,3.30499068981913,7.72144448774693,6.61062279224285,5.59811981210218,3.52389117630529,6.13074141272071,3.94537832920884,3.40752036682664,4.71658056067313,3.30282753094553,7.74888382847352,3.54488600287741,3.54061999397751,6.42826419531687,4.8317683125253,6.82526676832658,3.05437148514191,3.05469243658187,2.85525041156489,2.83898903139895,6.10424665128806,4.08879024015891,5.14896030039747,3.76862673990742,8.37759195153183,8.88521734661276,3.04052262069273,8.45644393731215,4.43279907443986,3.88493850022099,2.93674539023205,4.87188557711875,3.81336070157901,4.62686701975772,8.57906693415775,3.85215936354746,6.26109625603515,8.27606790333055,4.77018437116806,7.10417754360078,5.59064629353877,6.64055854288468,3.05307373551726,4.19589079004634
"NOMO1",3.15183875724651,2.9525637588904,9.64968653670999,4.4844511753255,3.73551229786322,6.87288115558191,3.34935369177076,7.56314403785621,5.35210364513315,5.61193425136336,3.64151727701402,7.05211002044182,4.22236932861363,5.08077925502477,3.90295725963061,3.26910927690381,8.55094628631255,5.5562494154486,3.90572420572239,5.4830779061572,5.98238200332889,8.97601257608346,3.09286394921262,5.65497883214892,3.11952091370067,3.00410530880155,5.55755562524894,4.55364317095783,4.66402598885226,4.68869154079191,9.3967007412205,3.39085811222868,2.90956968726803,6.09603793543678,3.45771861959766,3.29644204183431,3.25627038447762,5.68536482043366,3.21416271732645,6.13835055649599,9.19317891798595,3.66665219330564,3.38825292025193,7.47253745029565,3.61614336086196,7.10444669999621,7.27710103094599,8.52636432552323,6.52260861693593,4.59764620258787
"SW1463",7.5868872971586,2.90132281425602,10.24858435629,4.62033276217316,3.42588926596274,3.36062539092681,3.05166020297565,7.82946483106683,6.1416403715972,4.72566090071604,3.77172274510734,7.38428766644734,3.88739976760502,4.71800603404348,4.76017401795984,7.76342609227959,8.02703526500417,4.03566508096816,4.06527177834987,6.0887367671927,6.02650739974217,8.91160074343723,4.30418379562073,7.21727097116392,2.93526868991865,2.8403613443586,7.82145724865253,4.4851269375064,4.52260203238221,6.95027036116258,8.36458140564181,3.38966979535872,2.93524797435713,6.53265778357853,3.8163520856149,3.83805957836052,3.17850136521612,5.72608638864562,5.84076960898251,5.93537020650517,9.2733215975675,3.48333274640507,4.618610045479,8.89818136548892,3.94837756559949,6.9896086189421,4.35718877622936,6.39342147847665,3.55712839532187,4.83911249510003
"SW13",8.35422377035412,2.84375967598989,10.2697270579195,4.6072719839166,3.61028959864172,3.22851943164345,3.20117906882696,7.69531185120648,4.97559210827902,5.66059831637619,4.52531941658208,6.03886788538149,4.10349053337949,5.36350192530338,4.18770488545621,3.25074752753077,8.2557282635728,4.12147571913607,3.63102773958844,7.38577947146762,5.50811956949727,6.11864280044639,3.10715895052903,3.22588913430516,2.89472903027674,2.8564388530456,4.52467473823352,4.00631621838465,5.30536752438575,3.21737788296536,8.86598272037278,5.33296082237726,2.91484432846773,6.38425160636001,3.34666625995878,4.28091174477288,2.83187837237683,5.53075438198363,11.9181833615587,6.20018165109797,7.22448771104307,3.52653961773304,3.25858379764739,9.49113106938112,3.61686462395377,7.66410090302195,4.1571578487,6.45537900637419,3.0097423853438,3.93975623643809
"NCIH596",7.69642656669108,2.805049461498,10.3469379750243,4.67177064699564,3.92959431205071,3.24935465560508,5.34872288271885,7.81386632454181,6.78606061020742,5.90795051769299,3.48360504699551,6.93773484012533,4.08953771546373,5.19957142689297,7.04059960228278,2.86092488563478,7.20558427398967,3.28960064225439,3.311217149808,6.83832874423224,8.02267278040841,8.69570315403731,4.6006619519482,3.29484779565199,2.90384016936395,2.79355345873181,5.75227025817417,4.58632244230392,4.59380403066398,3.2401004770174,8.07317323045664,4.18294501932284,3.73191467678614,3.84319994868871,3.46165286231676,3.68057235396484,3.61458714091208,6.78308652006156,10.4783470736453,5.3012174330788,8.18281085119397,3.35286166269089,3.11436109132195,7.35226809180063,3.41112952988027,7.47901493859566,5.20989508282436,6.39537836058982,3.15317522753538,3.66598014095505
"NCIH82",7.7752894111403,2.62153990979148,9.81503443300457,4.55674092576987,4.25704126879513,3.22823182274753,3.45094319335904,3.21206995672914,6.85091310138291,5.86471393924726,3.94573612672822,6.94619291437834,4.27789248883606,4.23971430498642,4.93900728356185,3.4606539171479,7.64023272528923,4.22062091142192,3.70764239305943,5.79294543269127,6.44009984660067,7.80616725184685,3.31101237715071,3.10608985235593,3.06142503533356,2.83017276332747,5.81944514079967,4.07055124604833,4.45770533908587,2.97511367749641,8.30161873248908,6.905296458242,3.15841769516573,5.87838223994207,4.11736563794238,4.15735647278154,3.00478210616128,3.82715741100387,3.45637555720544,6.61804916314469,8.13735026616312,3.63941086628962,7.89774926625576,8.33648238600538,4.77812645618908,7.2071966932747,6.24470932386684,7.64655104002221,3.30610955797562,5.65985027057695
"NH12",7.15220733091808,2.88137083826036,9.48455689604623,4.05692535571968,3.61570233733837,3.20857132802196,3.20672024631942,5.58394165168839,6.05177367983962,5.03580355973987,3.10310443937415,4.27622909203044,4.43590371096573,3.63045634019238,4.35926827272757,3.14478806887312,8.1439809607925,4.11624227372445,3.46432724132768,5.8908694075346,6.06076293206591,7.31651133979726,2.92368284298501,2.98973761317183,2.80926164422779,2.70122871061427,4.69660529937346,4.05727315349996,5.01528450185293,6.16759805400006,7.96155651990051,9.61674462286582,2.96294604449056,9.6082415170505,3.56684790697032,3.97117255542278,2.87981108077674,4.65700045322953,3.39682487808439,6.40452239418003,8.62557522981621,4.02027141102677,7.64088914415933,8.26363439677671,4.29151006476544,5.67881232423194,3.97707189810299,5.15272230544533,3.10853011368557,4.61990842736574
"SCC3",3.19396168886051,2.85979005374082,9.77965751448932,4.66826916492993,4.33794515518696,3.51788432040287,9.68424195288418,8.09328455184891,6.04282368219402,5.07601330986978,3.64161909451942,7.16235403240386,4.01311825552404,6.15847252700302,4.43302981953211,4.14959671561246,8.52178898655824,3.89967159572587,4.1425534128763,4.85536069379359,6.25432967709831,7.87083812700903,2.88344992673503,3.50386819820342,3.01951088955492,2.75389484881012,9.63336587716153,4.20262975830601,4.31511891911352,3.10484813985269,8.93988611226228,6.7601964936316,3.32836138240272,4.29556457504651,3.29833540119477,3.55888320375953,3.26000052961918,6.9462838180951,7.45708604852619,6.02104412052963,8.69617042836857,7.23942388414688,4.58876627020488,8.03578552745394,3.77578458421081,6.71354872524934,3.55467785992261,6.65721446103749,3.27609517344787,4.69014262392076
"SW48",7.45739307931881,2.81452086196442,9.20482776346909,4.16050275925507,3.42587800949191,3.43844615630471,3.43618551550356,8.33419686791714,8.1892759600357,5.76835772208562,3.39043859019647,6.65122083011926,3.77229677288317,5.96892421735632,4.50790814297255,3.23382415228318,8.35991503512998,3.83954185267746,4.41230307000238,5.6106146507704,6.13240278989222,7.19442465255668,3.50304917141461,3.39184079278806,2.91134295326696,2.81949825202247,5.65801611215577,4.29649416228621,4.38252163887451,2.98050214568848,8.27977212758795,3.54197020801524,3.57966384865768,8.5082826956532,4.132644475271,3.75721366750665,2.97318789083295,5.13478926875574,3.41960071330203,5.75259662801603,8.9287474444815,3.61478870957763,4.49027100197049,8.91090629920585,3.55149490963268,6.75257007734383,5.50946939841796,5.90918902650504,3.17383544220086,5.02983522540652
"SF268",7.59287150072038,2.85722998405608,9.85740241309256,3.67371377442948,4.00456229923421,3.31009132465516,4.05682637848577,7.58897366473707,5.20687297743513,5.15727352972874,3.42592157095605,6.4593227484549,4.49694146683656,4.05041631038947,3.75943030651863,3.18826191209603,8.46412928712663,3.55874880357154,3.37507743524061,6.80377138033467,6.21259656727838,9.70739622254036,2.87652698223668,3.43765196619567,2.89273021799168,2.74070121432962,4.81846083044432,4.67727132330259,5.10181106883172,3.18239855172801,9.11093493022518,4.3777724155524,3.53476998182545,3.00391597699365,3.36171340698889,5.18070926705598,2.95039920320921,5.46294733073499,7.95898453148891,5.91547449624132,8.34673513247484,3.40029599663667,6.37887686764732,8.54021702476644,3.56781386190248,7.39501897445601,3.59876819031043,6.4328262375438,3.22922345976337,4.43769203580944
"NCIH23",7.3170658787021,2.7786063722915,10.4838127180917,3.7278721350498,3.6489996271256,3.13268161390746,3.45399007695788,4.89956386340133,5.82822608244082,5.31712046058015,3.4172180548061,5.80870358322957,4.89228133803606,4.29654705058385,4.08202649080402,3.20431916790594,8.55875611589175,3.99189740258485,4.50342204744355,5.11774290872915,5.66463499398158,6.46115116575557,3.08574551973949,3.19763412195556,2.90132669534762,2.75679221489683,5.43781183288654,4.33061793031338,4.9375644337536,3.15062734202892,10.0646769942247,3.88774849596036,3.54999933428873,4.26502286102493,3.93875368211423,4.51256464989733,2.92500063440052,4.8296869656847,10.4788810389652,7.22625568444042,7.95316799824136,3.42970155954186,3.61692119579364,9.35145528372146,3.47559671621949,7.47143359886293,4.61475156488106,7.02106540452659,2.86680341040237,6.52532820467355
"NCIH522",8.82765968122528,2.88917403515791,9.7117694550532,3.99691168636922,4.00582627701578,3.27296082040543,3.40082726855595,3.27704683116408,5.62783381471806,6.00541347317075,4.26121104822375,5.90421748890919,4.33605299712054,3.80764113770382,4.31282889913023,3.18607317031784,8.57620391331026,3.92480320331364,3.73988674420959,7.02922854130538,4.97275409388869,8.26427039370468,3.0610859378824,3.49449417604706,2.91365134382695,3.00214697155047,5.28424763398222,4.6223766392226,5.64363019293514,3.13127036641763,8.91858590345284,3.68289312688903,3.34746946619862,3.59666533780952,3.67910759273825,4.46004059438463,3.15259907358425,5.23566807182685,7.00517156057888,6.4016476653537,8.28042580278005,3.70535307130544,3.28926970389989,9.36274682469325,3.73700523926054,6.86149195255802,5.18929988770969,6.50417518524339,3.51950473482174,4.39894565035874
"NB69",6.96405437545167,2.67674287028488,9.58701102863239,4.00052918304537,3.95062814709993,3.34199482728519,3.94811362720012,3.82088199256746,5.5096167090447,5.29549071478201,3.33347827405443,6.1423257453687,3.99389680154119,3.58652670205884,4.7073685272669,3.02467170269386,8.40813975404793,4.54707672242669,3.45765641248501,6.19775553325041,5.48805708752237,9.13124105374127,2.94002053378244,3.32282944746479,2.79260155334694,2.93320669095488,5.37010966491444,4.56171057696419,5.01167767417394,3.05951145126598,8.15128850832355,7.09215167374398,3.28949431146778,6.1914401698619,4.09299111763708,3.96914328999036,2.87785295381853,3.63791511940631,7.48284010518044,6.74489015863229,8.20563371309018,3.47071726047109,6.31838773873061,8.55723135610209,3.98712341929525,6.35291190020797,5.1219470861924,5.6267948639283,3.22322578564016,4.39399737344136
"SCC4",7.48340496871697,3.01372772465047,10.0111553726649,4.27713678940232,3.78465977858412,3.14933255825909,6.63456384692693,7.66049907981464,6.97592562539553,5.11354068237725,3.53227267787347,7.49651248461375,3.59707543481573,3.45706823173742,4.83547721009699,2.93735498426616,8.5400189291552,4.08537586302323,3.35818511659134,7.89003580043495,5.42952088697038,6.82693694994869,5.24794711769984,3.34623378474564,2.94484343822033,2.72626559919038,7.16580751610688,4.54274686387343,4.95116082463679,3.13700914562772,9.28764171587587,6.54725041620532,3.34976237104351,3.56379179865041,3.46979725680897,3.53035379553086,3.07974217978101,4.71778604969531,5.30728682720794,4.91593271261362,7.97009180750499,3.33677442319664,3.27868570561662,8.36290844657172,3.19879629934359,5.84906806708276,5.69999121735145,6.21301715012811,3.00694479608523,4.37708497956739
"NCIH1975",7.92682351965288,2.70888277239623,10.0465418945534,3.64702398205263,3.11536862627339,3.34544500400232,4.31799172719739,8.20474292741168,6.4067314888335,6.31591848303064,3.37239559859944,6.20309871969025,4.22125234829028,4.04372234303136,3.96941063373986,3.2463481145414,8.69364179241814,3.85806111235821,3.61515494830654,6.84007078735054,6.27751842770583,7.29368066708838,3.94011646286239,3.2147691253183,2.82977418549693,2.88124275594807,5.2556908346451,4.24852378057728,4.85602416005611,2.74042981733507,8.39678057536912,5.00010648978634,3.27846111243083,3.10759982836639,3.35512723136441,3.76650836076269,3.0512150319152,5.71812278653719,9.90647116576515,6.44359131362716,8.32440553700846,3.42650473784023,3.0524221682257,9.00532901566926,3.38576302926449,8.12469937996502,3.80083376069971,6.49295379153436,2.95215698225758,3.99257516381997
"SW982",7.23312354199155,2.596661786723,9.89133360173849,3.99717858485065,3.62640490810831,3.20104577311081,7.45356091846465,7.56618869821127,4.57568905018639,4.72737768147648,3.72290410711577,7.36924410134591,3.71534906352736,4.85754997793417,3.7726810297923,3.25849534186607,8.56214944729991,3.95637862461318,3.40090682504289,6.85396772836311,7.11039114693807,9.40307216004103,2.96528886272869,3.22498377030865,2.87408726428155,2.76063764687434,5.78411675877391,4.85829122833977,5.03593636834671,2.93290339589831,8.42751134760192,3.48146690953902,3.47052159096574,4.60626461487569,3.3805503522836,3.96390847376559,3.13471593617716,6.32552576332476,10.4800891440533,5.84236378324323,8.60886299993916,3.4019614270968,3.43788386476939,8.33705340427354,3.45657281454384,6.72081511559045,4.10555595371947,5.93979588031083,2.83542209665923,3.72770358757537
"NCIH2141",7.82601599405905,2.68581158490097,10.2584191582173,4.39965725907633,3.8930954244112,3.15145356139688,2.86076316201575,4.14875931366896,5.35582290534612,4.6785463719563,3.96597905746772,8.12965501298493,4.34915292037821,5.59707399875084,4.73714842307572,2.97790961700678,8.14450508655155,3.80997332530089,3.84332269626267,7.56776582811919,5.20183101410737,5.32224840211587,5.29148644408915,3.42577001312474,2.84794702911597,2.79357447019996,6.61502535146902,3.76303616044171,4.31856122142775,3.54450824335313,9.13444529536705,8.0037331366105,2.99377501587505,9.19875924157155,3.95248900590325,3.74333212377062,2.92986256065362,3.72986610368073,3.17097029789409,5.36811566791914,8.95989749334066,4.44348095645326,3.71709903973603,8.95333430560806,4.25761830487962,6.48558964399404,5.59122183513565,6.03314215800879,2.73219270502258,5.24615792306241
"NCIH250",7.53101116875456,2.7789708975133,10.3413735845417,3.64602132809803,3.19031900908032,2.94087938007636,3.04639804074639,6.86532220547669,6.1773694855211,5.79227637233521,3.85322344365601,6.73935560801313,4.46934264661052,8.06065738738354,4.85382237193689,3.18691680716809,8.849062231592,3.69504496113802,3.48437679310807,7.13828542159632,5.00001268753864,6.32688890266033,4.67432696039977,8.71567607821006,2.68508641643613,2.95614225875928,8.36313609854995,4.89959136395014,5.72562037874661,7.90241235154436,7.710274268382,3.37881832744852,2.94410148901474,7.38820465259417,3.9068653340702,3.78521804335199,2.95922231126811,4.38540540495882,3.26362444012377,4.57000806860005,8.56496546803649,5.80233639110378,9.72602379056536,9.44527262895977,4.28442897781348,7.4114031031163,5.72905474303315,5.26527557303215,2.88799833133951,4.40320180626119
"SKMEL2",7.84442847210397,2.68341281569576,10.8255383981967,4.22327128203568,3.75932810335646,3.43080029002024,4.56217332425881,7.39486436355367,5.15586046349956,4.43800583964328,3.49272806211697,7.11274375940974,4.24321281184988,6.20926286367547,4.028425179066,3.12562209836486,8.26036124085656,3.76086368333137,3.46974781735794,5.4534329382262,7.69601861002852,9.46110659159892,3.63801066127477,3.25919540139105,2.78321853669427,3.00608335024862,8.62693418756468,4.38481218355015,5.37003419801901,3.31821659168432,10.3521412668766,3.28534709013398,3.49634533244002,4.12436841518156,3.92567627313624,3.93595620985523,2.98133389654426,4.45639343301448,5.16683544561085,5.68387025112483,8.5587316216628,3.39184712937082,3.1993435214882,8.29789956277922,3.60838627654922,7.39774827687129,6.84817603769871,6.57944415577275,3.22505523346031,4.59373485599582
"HS578T",5.13241068873168,2.79082950013167,9.84597466458172,3.71733495808909,3.32350501261386,3.27604399746126,7.89093165373234,8.74370542268817,6.46147506803354,6.55266011758357,4.1760062219768,8.43516572482056,3.34640438478068,3.21803930224613,3.74150270321769,2.91707308576861,8.8368679369203,3.3073137061981,3.33969942472458,7.0081008507167,5.99678632275419,9.80744202981689,3.07054651973452,3.39041242305813,2.89234340798259,2.91605025027274,8.68687507481684,4.66091466411549,4.77282290456641,3.11953896434404,7.43629408737866,3.25935313248727,3.08776597409521,3.19199750696296,3.51582548420627,4.29631646635112,3.00702014739281,5.31194258702003,10.688149055755,5.50777185495977,8.11781666077128,3.43820658877048,4.62930577808261,8.68251720541618,3.71634949330841,6.90684568495297,5.9327283344343,7.09323135973222,2.83577442676397,4.16043502547804
"BL41",3.29203079362303,2.72957528856979,10.2763210094861,6.35582199751089,3.98019071024639,3.8552169698116,3.28594719962107,3.36840239193016,7.17758510704619,6.43171528320669,4.1076028232827,6.65859099998231,4.06884484091317,5.84975744689221,3.64919115705318,2.86686762563225,8.58247155266099,4.71967753666699,3.52833528248524,6.07166927852659,6.46001142771119,7.34683443297637,3.00590310904432,3.43420416277946,2.75725289227771,2.72642578912156,11.8179859118977,4.09767842782406,5.2947520019504,3.25618611251129,9.15989774280288,4.41256920055127,3.38010325775393,3.86410442427527,3.2520734350564,3.53591179619331,3.093951204326,5.27939259777094,3.79905209838497,5.26517989997613,9.31616812360183,3.58249069818195,3.37730884381161,8.50624339149235,3.18548429127523,7.48975814081705,3.67687938029826,6.03961171483972,9.60820268572589,4.05390047036872
"KARPAS299",3.16707734714959,2.83679837633463,10.3438741074304,5.05644028467805,3.93824833526623,3.37648921247135,5.28766588270852,7.93160089919284,5.49048035424859,5.55799517420422,3.51510607362895,6.70994135731166,4.64609837255483,5.32235124172016,3.84538283281699,3.07090428054548,8.04066050179942,3.69831041985085,3.71432393230498,6.81853187246698,8.41898344639434,9.55161344119642,2.93395231396945,4.79181199267099,3.03599968387885,3.25341634075482,6.52105094052095,4.52255133044927,4.7455086068487,3.25971732231531,9.71376887756165,3.11528930663707,3.03839060561234,5.18752494621195,3.37707099550862,3.67155724742271,3.03929067006317,8.00107605909326,3.44743420928887,5.82660017910777,8.55098374951977,4.03420730145217,3.14033183072486,8.20956321592178,3.58695602143823,7.47676360553307,3.26076112187527,7.51018590877751,3.4262497316181,5.50223303761124
"LK2",7.69353833533957,2.79712430643727,9.94403974734701,4.71686621241714,3.29791350329247,3.1657504679459,3.4387132258899,8.36175334461065,7.01433502814019,4.61905191927512,3.41079666797552,7.33916754464164,3.54873367899888,5.45237971797286,4.85616585685572,3.09421905949038,8.36287608969035,3.61891931783784,3.73184371683732,6.58824560756867,7.66020571939684,5.68736204788433,3.97562538670228,4.40821304709269,2.67643752720937,2.88811073809763,7.0968316232879,4.63638150533017,5.26491237865884,3.78890739112661,9.27616030838687,4.38005891735654,3.87208417782528,7.68024651762466,3.74546162264665,3.69817941200282,2.95013680876492,4.94058163219565,3.20409342544954,6.12799360105469,8.52479800426632,3.27335116484951,4.89460976531841,8.70771136015114,3.93368502745481,7.49706056861555,3.58944374647075,5.77374417014688,2.80044257911582,4.73206584153604
"SW756",8.23747189744764,2.96215684356708,11.1508675756687,3.94942340901487,4.23964949085824,3.01787471887984,3.7175163101667,8.83930535392323,4.67275976987468,5.5960763582675,3.41408062803725,6.1132380695929,4.40944321308409,3.16405081575478,7.45108961828233,2.86501298020062,8.86162271363559,3.80467477104833,4.06080674596054,7.57715417637639,5.55532042035242,10.6039405590307,3.05011728916299,3.15205600276549,2.80176020356536,2.89003284427744,5.66758327386577,4.48543734614876,4.36567494499375,3.14703099182384,9.6215458666223,5.74114138535643,3.34939696222867,3.10835548862998,3.38448606448357,3.72378342793033,3.21079954313013,5.23093711334655,6.03384292483582,5.56295333882353,8.55878892357723,3.38629248548841,3.19562106557773,8.9539793156711,3.29714453158928,7.31635568757848,5.40013264906614,6.38285922740586,2.97394476210882,4.45719489497185
"LP1",3.11591034156092,2.72477538484552,10.4228648199909,5.32674018247105,3.80805715680036,3.21767624225916,3.16419757454554,3.54433188442428,6.01218922379966,5.30063691021592,3.22957835878573,6.97338882329524,4.54941573863026,6.769372587931,4.02725578637481,3.04591326287811,8.11170196042255,4.32565252246109,3.32446829515013,6.90793426139513,6.65603068814572,3.39813192681635,2.93620083344161,3.53408593355788,2.77974410845858,2.84782741956812,4.45833631546425,3.83316032664634,4.74247705996664,3.42533282334075,8.33060762937124,4.0796914524342,3.21946093046851,3.94814063862828,3.39075687882919,4.00172256482852,3.96905422620809,7.94809524331328,3.31267800651251,6.81002639052197,8.35947941548697,3.68783617632256,3.13866449977215,8.78149780111885,2.99425347625356,7.91062811593087,3.46953190004985,6.6916127642635,10.2580303967463,4.47611109660775
"NCIH524",7.79898875366251,2.80663313877638,9.77221591902164,3.97183120601663,3.53142474550684,3.18007814786431,3.19475356805175,7.33435245625923,5.25569184438608,3.79252327861496,3.51572184191985,6.70890159516728,4.86876466118947,5.04763837564711,4.36385609121591,3.06103361063617,6.98166734091254,3.96696804133824,3.48860941240262,5.41820227060134,6.42198919384337,7.18741561727237,3.23617412596592,3.29748589383901,2.78624382703483,2.82352488459187,5.17026201092398,3.80615836084913,4.88100392994217,3.04883008894581,8.65456125618675,6.16335849273203,3.25363933280681,4.19315083327206,4.15400824570391,3.76553452020643,2.91396458722806,3.47291913991345,3.05252687526343,6.15585620425758,7.4479814093602,3.95010732385106,5.32992509239255,8.40462149881678,4.48407276059912,8.38400282637186,3.77745129264131,6.33073171727339,2.98682572324625,5.85652401009997
"NEC8",9.99591669762442,3.17083025479062,10.5657028261949,3.88642434408885,3.46553024150395,3.38231943256391,3.30302608162522,7.65560195302524,5.93221146478913,5.03257816980252,4.1233553782502,7.56837131665511,5.02433971510369,3.5698456770922,3.79824844416387,3.05750872971713,7.83211064679146,3.62249432215671,4.5209443649877,5.30566300653278,7.35548158945537,4.8262795794571,2.98589999535273,3.14458201431164,2.76625323185108,2.96710992681188,6.07058969619302,4.58647322351289,5.09248411695043,3.09211085015911,10.4262018126826,3.25233308374343,3.01303579901007,4.78298354100533,3.80959761619398,4.18306468109445,3.07636066331296,6.69360350064645,3.63676166210795,7.22322506563002,8.51786150539014,3.50181280590917,4.80946958736202,9.09589175880587,3.0339420320029,8.13002972690248,5.08263414060217,5.94388535810764,3.05780746506722,7.16142478823096
"TYKNU",6.04625034385765,2.75723098310246,10.4293694684483,4.01473536690245,3.77935681999391,3.27666158947478,3.17596382880939,7.82372109198965,4.78154414631386,5.27720023785327,4.4975297104916,6.98520127338475,4.7444197850818,3.2632156991889,3.83006826245644,2.76116681315147,8.58435825833823,4.29534066567664,3.59362400162931,6.43078471700512,7.22978761453142,8.45068881907962,2.99345609847719,3.38438948056385,2.66991663359358,2.93398864787638,5.84163931424726,4.23610452312892,4.68660665723155,3.25940699245924,8.75045334028306,3.10822120403922,3.17357229476125,6.22994319299598,3.82948738846958,5.16715611838815,3.44458918897234,6.0941523142537,10.7106300160313,6.07029217532444,7.79618810908871,3.2871187542841,4.05975618610004,8.75062834833154,3.12321891744424,7.38820618984116,5.61857188679297,7.00781333162189,2.76654483575958,4.56195442797665
"SKCO1",7.47676102164714,2.71714889633143,11.1264643923358,3.94421595079996,3.03900286138368,3.24778881440286,3.43400089947126,7.54242969047893,5.92767409362039,4.10345005920444,3.03302367616859,6.49682757266275,4.9712839923044,4.54325544443063,3.72796466504343,3.11381398569856,7.55075598847944,3.49753568489895,3.47276706164616,6.19627812215829,7.31181683167446,6.25517699009543,2.92676778822852,3.47763818426932,3.02301004877446,2.81628461200738,6.43348597925764,3.97157183984028,5.84517199719338,3.14115873512821,10.2940319526986,4.98371090189071,2.89059281944299,5.32641121076802,3.48979628911395,3.87296521431545,3.04448406950728,4.775318089111,3.27246696924863,6.72671209074938,8.20619543904172,3.376576968609,5.07712078924759,8.90719766748991,3.22058143596832,8.11613866236927,4.70692675203619,7.12505144339484,2.91230920624762,5.6831694189073
"HCC1143",7.58475756783296,2.81289732884285,10.3659415138346,3.77206618852927,3.39473773388153,3.11213196257749,6.23612612570055,8.47825488476757,8.00641733200725,5.67290123481985,3.91860984505622,6.98626165887152,4.02838966469954,3.8245931225024,4.51161683766384,3.09941982313718,7.87325674563845,3.31352840698274,3.52321606183013,7.1543459451221,6.29054002665487,8.1824658899633,6.14989537808035,3.40351723547188,2.83125951673286,3.0350745945562,6.22761442918923,4.62675329813632,4.35296272971937,3.21866059043655,9.43207574025243,5.31298290355422,3.20899170598031,3.82733410373545,3.68162260116798,3.58523561324083,3.22310758527125,4.78088291542144,7.46953194237982,7.35006795899629,7.10240329337588,3.3864469512884,4.00216233581128,8.85354358221721,2.98811528893767,7.30519970450048,4.55291887456299,6.44375049420593,3.54451103836788,4.99985376094975
"NCIH1417",3.74974510283668,2.85838124141439,10.1714585788938,3.82117513508317,3.4861589483361,3.12401929462068,3.21703061230974,6.74389652476676,5.76804655412369,5.05401898012008,3.90400440137391,7.02634648700527,4.19777211224803,6.60147511377536,4.36662181590247,2.93899893866531,8.5672050810522,3.79417063535373,3.47682756630151,7.50866822544432,5.28512576759686,4.99996291642072,3.40708571114536,3.77293009495379,2.78024371180141,2.99508947897486,5.66125308221403,3.96965577525526,4.65178052883141,8.5158996206782,8.67021359140835,5.70058639186499,2.97049888098363,9.29546869235948,3.85307686140479,4.23384203475873,3.00587512504969,4.20990655628408,3.78375253479422,5.33449374153957,7.60110702401098,4.31521551703713,7.76259257177386,9.91948416092544,4.06670989635535,6.53128199924387,6.28940000810166,5.57847536797017,2.7655894412735,4.58843768228098
"MLMA",3.26323310738408,3.17159130193694,9.9944870664616,4.30840863666873,3.44894011207807,4.82577677180478,3.53447000052215,6.6675745721569,5.67983853438708,4.6446240977302,3.2235039532851,6.63867317863088,4.26360382352417,5.36490151149055,3.82247581598074,2.91366224779365,9.32795274487652,6.31129817681079,3.70004700060865,6.42386081741747,5.90465547941889,4.46770568817545,3.06655188967832,3.62399421485343,2.96416694192623,2.77703534082648,5.17858878705738,3.95843844358254,6.86258397057276,3.43915539167516,8.70337353437454,4.61962566591686,2.95157908264316,3.69083668736707,3.357333717013,3.39243735982457,2.98781185679336,7.54092988258561,3.39714865726137,4.8266736675284,8.22942605400333,3.72458670659141,3.31251167549656,8.87976565771622,3.1649739446898,7.13581764823252,3.58607294876106,6.4442602528953,6.7304151395224,3.20905680027227
"MDAMB468",8.68233649795624,3.06585060682071,10.8469709827638,4.84828405921525,4.10892883618639,3.15340249373906,3.22651026381649,8.192208182119,6.81356274227964,4.42925595773913,3.90585713399966,6.68669567730324,3.99081663244352,6.32017993387316,5.19030360524066,3.11311844511913,7.90551735149391,3.48867894194406,3.1749594533442,7.07641268907128,6.42136392448787,8.28191235478563,3.96469368646178,3.36716844180152,2.70542716237466,3.07399158140214,5.25895147052449,4.2973860742291,4.58589180774987,3.00116451309821,7.98982372907622,3.94761524062398,3.51017473038643,7.62447861756573,4.11019589130449,3.74490257661112,3.91870676589901,5.57167418999242,8.38216232840447,6.37332994206767,7.63946297095837,3.34911050504522,2.88876237239953,8.83679782958571,3.39200291803715,6.7425965240291,3.25141731237553,6.68723587930984,2.83558291691089,3.65476918224581
"MHHCALL2",3.31009536026849,3.09236494988848,9.5375267845097,4.03399070587929,3.38388201551745,3.1985045368939,3.21234079148405,3.37599176413043,5.00309006688349,5.50892619889993,3.48290454057906,6.64545168652333,3.88828324495899,3.51658454456105,3.99591003524541,2.93559340911464,7.9440536386086,4.016760249531,3.74113187203042,5.95139079715508,5.44592063465404,11.3070195334166,2.9079932877321,3.09928521449098,2.81127254134044,3.12899499078665,9.0733389930833,3.94733890144428,4.1699643644188,3.22212147808837,9.13973423558054,3.1089125033809,3.16298367867601,4.02707345978558,3.33827017205771,3.6257238470797,3.61973483455681,4.41471190865829,3.43982303080398,5.67303424514483,9.87755441491895,3.34842650376183,3.12513712327785,7.63633250536829,3.33101445810515,6.06381329677235,6.97341537732661,6.51448793761398,6.92738071164605,3.83446405224048
"MDAMB415",6.38506843735273,2.84173970837765,10.27902646659,4.03801607405922,3.20952076437037,3.35272059373491,3.04194260376804,8.72006711525456,7.04247256045676,5.36170152007872,3.70552038110986,7.79461844138543,4.12210988842436,7.12482736127618,5.11277695626065,2.91642818740529,8.89685035689003,4.322538443858,3.08400282550274,7.47669599260593,5.78445683678378,9.09573622083026,3.23534879216127,3.3524806658848,2.83521828390328,2.85319124770994,4.72596985785391,4.68206022772653,4.43296132728126,3.20932749117625,7.70237259048103,5.24141005722585,2.95236363740151,2.96663001269496,4.27160704895514,3.57837293820343,3.0277416871345,4.70792966784662,7.01120205950308,5.27546734492909,6.89326421062904,3.39067959268641,3.02636173512247,9.40374642401652,3.15610963404642,7.25003643091357,4.72273295812197,6.13439399404726,3.23561544898796,4.36031933648383
"MCCAR",3.23557683144941,2.98081250873821,10.2300231738161,4.85273690972038,4.07444035365627,9.10995535987335,3.65698115546327,6.09668852173768,5.0358980411191,5.43869952365283,3.334350027398,5.8477094020563,4.22217396745181,4.99370789083274,3.9430608124736,3.11625285283539,8.01260794632335,4.29661586235274,3.52549632143806,5.89608343664164,8.11292332593698,9.5151564764195,2.84276043012703,3.72158438334284,3.06606389730706,3.00207415183756,6.51232457317316,4.29268606750726,6.78133174950887,3.2669309949573,9.38870792180597,3.22696650323153,3.12618324445461,4.99451406644269,3.28515392752584,3.47707569363944,3.59229235210021,6.74080702684999,4.80811725684628,5.70937854086894,9.24457174431089,3.45398880299396,3.0511734517852,8.52539819880906,3.70439470685373,7.40994246062237,3.49729239659168,7.05061518661206,9.58424300185143,4.08498567084238
"TGW",8.83520178572189,2.71952584222167,10.3312636202127,3.77672656368836,3.72535547876855,2.90951964911931,3.06497502841122,3.82467359474832,6.70158585085318,5.68694277882333,3.14851475935658,3.47050989216165,4.67668349971983,4.05433256635227,3.64595568035233,2.76698761591149,8.39147226156515,4.58250806538452,3.63531624420114,6.22150151575723,6.16809644139121,3.195481185208,2.82424448857021,3.34121546035095,2.70642325560267,3.1569411013757,5.60178269846629,3.89986181663073,4.47353235423966,3.32276653928523,8.53328454601754,10.1141366051221,2.96530884558043,7.84321653434041,4.68510996262004,4.0563295231497,2.86408097287439,3.34022800725731,3.30425516307855,5.47713945625765,7.85417646108633,3.64626885847598,6.6984079521528,8.82001528658813,3.84911502412072,6.83695926200558,3.78295158694949,6.05839996080164,2.86391359578474,4.98550506016207
"FTC133",7.42421260779767,2.84525692546959,10.0670319887738,3.68872556073235,3.51736215548936,3.20887767935929,5.48847353004961,8.78308699462337,5.61497584825934,4.46330745509211,3.6911778537098,6.36213394402133,4.39464744920528,3.64463579165918,6.31516684257652,3.1733615032155,9.14081661024253,4.27820939443097,3.24668600155374,7.21468948096922,6.72336386764793,8.21512536824862,2.97256519128529,3.41603773632259,2.93334835287156,2.93359951669362,5.78557108372294,4.24221028249192,5.33720144197168,3.46752075250044,9.1383977619085,5.32127212113618,3.12815368463941,3.404589598674,3.55415493480045,3.61846435866301,3.11117589155196,4.9564591163685,8.24451564099897,5.42275401767073,8.10753236169802,3.29027716047838,3.18510830606382,10.3495084463465,3.74156972438359,8.02493517623329,4.23926255611043,6.57054816034023,3.7269820702,3.60326656752705
"RCC10RGB",4.57389450358928,2.80133313810455,10.0065698369977,3.85170707491089,3.27666923507179,3.39228582901274,3.23107316315033,7.06492548380716,4.45397079737825,4.26663315111811,3.7042997558622,9.15115078753934,3.99967262515827,4.14993615038341,4.4431835261276,3.16938756607372,8.44175740844646,3.91894664720411,3.62607548602156,7.35656178179796,5.49937906786363,8.46720178315648,4.01322133013691,3.25434581394903,2.87634280735481,2.98771302120362,5.30684775454697,5.05475555808093,4.97245299219314,3.68672334815799,9.28896043273128,3.23733786024737,3.22426490401456,3.62946708829408,3.71260606379539,4.12330653103707,3.26801739990865,7.37173729605736,7.05215098885848,5.59979473684065,7.94654848066323,3.39759313191461,3.27402584928357,9.22654893667546,3.55242729000695,7.27104443761959,3.90952598552165,5.93189537193028,3.35538344908797,4.47133722447524
"MKN45",7.8869565815003,2.89851325282316,10.5084407625337,4.57604213808261,4.03364382610583,3.38032459060395,3.51442829954508,9.00334446876593,7.05865717274619,5.31420851646265,3.57443689031325,6.3044233432444,4.23689186754552,5.58754255621054,3.95526458012078,3.14782089619215,7.37771113005304,3.52395122213279,3.80224825667944,7.73593335171133,5.5710259939951,8.95455139445243,3.71310547348829,4.15080373779988,4.39304322282936,2.97514093122941,6.09855338907657,4.09176988787696,5.04081388605107,3.59275295990743,9.2131341646362,3.55227320239385,3.30451678406686,6.58858120241348,3.86623132342801,3.68946928848478,3.03120494674374,5.50089052924745,6.24472264891671,4.98345047439682,8.48260660828156,3.62114618726733,3.42624868551523,7.36564103275627,3.91259105773161,8.24969808816084,4.42792412941147,6.63974628961706,3.15209672282606,5.00275272446188
"ASPC1",8.13991833549666,2.91991564627826,10.265647684036,4.4750256663841,2.95310844679537,3.39495587014403,3.65656938565117,7.42390211459077,7.03194696459832,4.999910316535,4.07521875220896,6.64818480904768,3.90836807611408,3.99282407593101,4.00441096432464,2.93911155348685,8.65480164444415,3.80658022872485,3.29962235765098,6.76578033167028,5.8245215517348,6.49489797201313,6.31188056829462,7.23369011121384,3.04501407862322,2.90555916552571,7.93881146133992,4.45264965989154,5.09521070537971,9.53049638664347,8.89440737106558,3.64167955797213,3.047184027755,3.71674144094557,3.5056148608084,3.98795122547585,3.50087549960619,7.92436116628623,10.500697318681,4.93972895724834,8.35576077576927,3.3681003549309,3.22678718511826,8.85206733044927,3.26404455951969,6.92308671787733,4.15426861439021,6.26476263360338,3.25127818287665,3.7354449481009
"KYSE180",9.35691460826947,2.75872600423226,10.8720046850608,3.92126268532159,3.15666521255258,3.43854673512747,4.0503831264142,6.84471920279814,9.25276372834399,4.22408097784541,3.89013239388492,6.58291544190215,4.48199316466858,3.83318480769893,5.15457296738431,2.97243972108582,7.80868340851669,3.61209607519201,3.45772533350637,6.8589182924552,5.57646781243995,7.88783069336388,3.62711274739122,3.59959661319536,2.91201359507201,2.95866690231753,5.57001365260052,4.20567686581123,5.0311528113902,3.2771802922343,9.4660774844564,5.92411537163333,2.83986661097994,3.14346466656511,3.73604084643857,3.34884441458975,3.2240270565805,4.78809744300078,5.12111535495759,7.32110103027444,7.82750593092783,3.64184825541513,3.23553068312864,9.03375955977685,3.33395692407341,7.73659145389787,4.12571170575456,5.95115211362934,5.25539528900192,4.42850141938544
"RAJI",3.63904654143334,2.75946041573802,11.0854120845633,4.37038394557122,3.25361266830547,10.9327034854776,3.31481680449958,3.26814629206361,5.56042027384822,5.59020212771327,4.19265496531732,6.55833862285754,4.27693123628243,4.8599740860392,4.14381782751287,3.40237814247453,8.17202420323243,4.01937149910165,3.69280666625295,7.18786772834217,7.90609971860877,5.88744761163848,3.10814998384881,3.48823777420399,2.87803900670789,2.85219053406602,8.03558238790995,4.257266389917,8.06176187994212,3.44303176389424,10.0732640043524,4.5630376889386,3.25386082344656,8.24284779413152,3.72964888867357,3.53123354347587,3.07211470324628,6.23332842680418,3.97036843080599,6.24277632915807,8.64968155671411,3.60066938664498,3.06300667467788,8.7320948480998,3.25821733366724,7.68085066481731,3.19823611503924,7.01481256104007,9.24703381211584,5.0530530707677
"NCIN87",7.82049906395385,2.87877919238587,10.3257162277303,4.37298110890951,3.735200087993,3.21808342889844,4.39319846495644,7.82793055157551,5.15657139367024,4.91858695620724,3.10996199555341,6.54987684614506,3.99401545556238,6.70851587432157,5.41321793619063,3.21697742831911,8.75332502941531,3.82125858516439,3.43720049117748,7.78777827645889,5.74355077818672,7.80502909509008,3.58503046153513,6.5803101424783,2.78547180987008,2.94176940694985,6.49715809014866,5.34751324044195,5.1839022344226,3.12330731882606,9.64656061191633,3.40151644532389,3.44855009797878,6.87014493402157,3.80550191078987,3.70276356151315,3.0814301673979,5.90960500401009,6.00478845634272,5.33849756655848,7.40051671296077,3.56718812680142,3.38484143449471,8.04847246536093,3.57399495440595,7.23882205559632,4.92129395335583,6.87375882101017,3.12546289885202,5.04228868339261
"MIAPACA2",3.55778451676634,2.93158925963489,9.56652135543172,3.93660342287365,3.32395728635373,3.35830187898465,3.15181401800907,8.12435544950152,4.99280429631315,4.57368860365791,3.47757002353009,4.72461201199178,4.64347699626688,3.75726002597002,4.46800058331657,3.14404302358038,7.85888959654596,3.51288194524999,3.47182703144415,6.84156892204424,5.20185379027411,9.22978310062177,3.20777591131156,3.38841781721076,3.00834645027391,3.14821755325067,9.40533359467619,4.58556219240317,5.13895129270403,3.69639848220077,9.93123409687902,3.77073884224258,3.00447321571783,3.87062824124483,4.12073076748503,3.61772695228684,3.2968949095654,6.54712828227344,10.9578873138683,5.94559666518085,8.0260569000251,3.58812284291993,3.46095896649961,9.4045751485611,3.81138179502835,8.65899928172231,6.384661692369,6.86689634995726,3.2798297292615,5.57586764591204
"TCYIK",3.65302961526906,2.90469038485638,9.95295859328466,3.94349636617476,3.29295522715031,3.09580123213268,3.32052738342035,8.97145123045526,6.97973391530236,3.92857208769982,3.46765400652578,6.94759490004239,3.66860011280684,6.04917422745251,4.27069762495605,3.17819503247152,7.99055829545723,4.45084818263294,3.32428121381133,6.4797798279245,5.83112340354482,10.0691397652785,3.04240691815978,3.73712955786888,2.9046669694628,2.97268723802604,5.80366966630021,4.03546519693048,4.53919596295082,6.18007319802707,8.70055038718017,3.2250665767343,2.89130601687982,7.60589245663324,3.98879343343548,3.59967091641079,3.14492015171287,5.74903825086844,9.57877442708287,5.24824426227386,9.41511643262312,4.41659786952373,9.85232648879706,11.1279962250471,4.27006688388616,7.55372782135754,7.08014414721667,5.87565308319268,3.50206871704713,5.48147983905137
"A3KAWAKAMI",4.749369489262,2.7858994088655,9.98303939313425,3.99780358153341,3.90869091688253,3.25338544321415,3.62380428732461,7.97584648586593,5.59105532136602,4.67361376248671,3.57097736857197,7.19511223711059,4.75890994784782,5.27171461376876,4.27053575995881,4.75044532101202,7.36426171232307,3.86446131242222,3.28745979720505,6.26050436235359,7.69286711466872,5.82218290449015,3.19836527102551,4.7501251672163,2.97570717199594,3.55021575267825,6.30971235269449,4.24981976111643,4.89044310878102,6.1436985294231,10.0968188288731,4.99093522420537,3.07619336301798,7.00447400218286,3.62186214207867,3.37998606669941,3.54696679788704,6.09857484188515,3.53023720912371,5.9910503840097,8.49832009228975,3.42705109797644,4.15411390959382,8.88523133092286,3.34988964990726,7.93626428302921,3.0976888578301,7.90807473947397,5.34304719968036,4.79599983451869
"KMOE2",6.65146180162043,3.04780192995147,9.95623183119621,4.48848175721603,3.78630690845752,3.24141284282881,4.29180728339307,3.12540016875253,5.16399421614403,6.62509568293504,3.30275022612489,6.21760954777108,5.14872123907545,4.32492795716248,4.15112220444736,2.95985237213136,6.77423495694008,3.52775188186682,3.66732241015038,6.78767809300717,8.13201931934522,6.0700894514566,3.11604073378856,3.50173979267526,2.82569826785193,2.98992549849025,6.37886021009141,4.09625666097931,5.24568931345272,3.40837043447236,9.44570706672661,3.47225947350154,3.12089457670382,6.63934214326845,3.53040948451623,3.6545719656851,3.21362837270713,4.45952921490182,7.21394909674013,5.54774585932362,8.64547721260882,3.44149673000201,3.3927056723276,7.95868632539463,3.16109900971614,8.36346847651694,5.72521001261182,7.25491966582123,3.31859230893551,4.93909668907922
"BXPC3",9.09981290447348,3.1736632375067,10.5015125767434,3.56924628875003,3.75995612449569,3.53028019832941,7.05596485740916,8.81054666250947,5.67674409712057,5.06608409532835,3.70875915041173,7.20718677474431,4.47487901282235,3.48130552161826,5.78770112051451,3.14723856377314,8.11016905227798,3.60460540033306,3.32706361744554,8.13908071780708,7.20915324663086,7.34395179416517,8.65790257826908,4.41657449814941,2.84456576672335,2.93370707497617,6.65148126884795,4.47437531240944,4.53699083114539,3.51566950212119,9.82683084824939,3.99869148602351,3.48714576007641,5.34337228452328,3.61870384174289,3.52220019549867,3.27856018131069,5.09466847667246,8.50004396711504,4.79668393382238,8.17514215601241,3.56418640284104,3.71752428530264,9.54756930946027,3.19871195787654,7.40292205630214,3.98776154193445,6.69614697781544,3.30377514987098,4.83524453683257
"HUO3N1",7.64008166599387,2.58785637860703,9.54212521353271,4.1301441599269,3.29598881902376,3.53767816798551,9.71041097447001,8.01778536376646,4.87416863275828,4.87018030038192,3.31228389839769,6.79047022306956,3.92379884668674,4.95208175067128,5.13087978712794,4.1065155303306,8.41344767544483,3.86377176622083,3.17623124091392,7.36151961305927,6.06687284589574,11.1890381881716,4.45664804243723,3.3155061008528,2.88137813356657,3.0873642107009,9.37163253771262,4.52764312371705,4.3515032795851,3.21577716676581,8.67425650117714,6.36917677404038,3.24571595604517,3.47654902419993,3.50023291216726,3.40787964213466,2.77741190058489,5.41359321882558,9.45967834496316,4.21437303390718,7.77747570567138,3.28698692356548,3.51441086117756,9.30462210884184,3.95512901375846,7.094242520814,6.82758469679618,6.41959788114017,3.40531044612356,4.11911737852077
"CALU3",9.04371560361988,2.80071260541926,9.97499049038922,4.2898618630734,3.7825748938662,3.27097520594884,4.08151793769164,7.33084156138653,5.30401040199313,4.13990981956882,3.63288763419749,7.31815668708503,4.43964196221486,4.8433580960005,3.80534686417314,9.18314905627173,7.18570986276968,3.25872682187766,3.34648700665982,6.23701855708084,5.86085940307214,7.98052226255763,8.27847313621688,3.45835290540776,2.83003741325742,3.17371940234717,6.48157668047039,5.36806659835131,5.54303020052346,3.44847689653571,10.0174113233197,3.83811279132536,3.22850556000019,7.95048737605241,4.03485139477493,3.60864658591753,3.51471757318587,8.01028485569623,9.29401526180419,4.73953056617447,8.08017800122071,3.39711717370533,4.33606338188381,8.93143276243882,3.45981699746183,7.34366230602363,4.98538708709985,6.54923909353724,3.01710026018625,5.07426632738454
"A704",6.48190018825691,2.56865600644957,10.1445036566752,3.58571202850557,2.94108971639201,3.21619305271609,8.82230288125694,7.34076768076566,5.38998013476221,4.02525112422165,3.7375150072911,7.03066238362695,3.85477478596601,5.69385861026212,5.47428111818111,2.81853031834891,8.22022604258405,3.87321483683601,3.23963038066189,8.00778784995723,7.35670642666229,8.7878528619092,3.33198757048734,2.99553674520899,2.75988462145258,2.79687480559247,5.30104932651462,4.82794568501522,5.63681585527163,3.17916730752,9.3465184714166,4.65923000416882,3.15312085511846,4.63507737225923,3.5818451111884,3.8624308289885,3.17048340719649,6.81003763333006,10.5197890057718,4.47543342702692,7.40012881893044,3.33964175056963,3.16579954783696,9.13400532835435,3.49858689976068,7.55906779586318,5.28202081446664,6.51302690627211,3.07038291374887,5.1542840909308
"SKNDZ",3.17875206526727,3.01736825817488,10.0828965447411,4.13259949407363,3.41408206483956,3.40272861427721,3.27234510461117,3.88052698190946,5.48150840266898,4.75261774105868,3.53362025940535,6.30241003858366,4.6761543418769,4.24429804883273,4.44072880347624,3.13968539701663,7.39222496717452,3.66000490638064,3.66580025916894,6.40857409890631,6.22748125377023,5.83847786164061,2.99031650421174,3.42889115244092,2.97846596449649,2.96836398221547,6.57045158459037,3.86426654434783,4.62542350442205,3.12637479376979,9.24710942948325,8.34224522541738,2.99697962217305,7.82192110339829,4.37709024327334,3.59037331136115,2.86468117656263,3.93846253915429,3.15568742836616,5.18422733344563,7.28611426597515,3.64544912054233,6.94961152554263,8.75952197041659,4.4721311768614,7.55672792937995,5.78033937701288,6.67261967756347,2.86107881003607,5.92336673247661
"KASUMI1",3.22174045557286,3.04538612675456,9.96588873895628,4.10841365159827,4.06162429112441,4.01361151035266,3.20784141610467,5.93368774781527,5.75224589612153,6.76725076149505,3.24966309403096,5.98858336681112,4.92615473892764,4.2864228330457,4.00804384011125,3.09725837230379,7.14882307764325,3.69002749539985,3.45197676911236,6.53515493849691,6.99985011319526,9.69559582985761,4.40113883429545,3.71956307834605,2.9523680087395,2.95067571596059,5.62638903113307,4.10035563858952,5.833304562342,3.62986026795854,10.2342531150897,4.33855986298086,3.08922949115439,7.81752285365491,3.48218781768049,3.27815196177737,3.2886290313077,5.12726653318068,3.93221239909033,5.34406510262597,9.1528002834564,3.61285804467203,6.93866667688126,8.44858981393529,3.5282612044906,7.75201464600618,7.27868061875432,6.82496139682059,2.79890732233033,6.66233276650116
"SKNAS",3.24442500146569,2.99501220721729,9.94148866393548,4.29057909332546,3.57994014724652,3.14357430761603,3.54890842651847,6.29624789374444,4.96560198065118,6.0679593541291,3.81997249001714,6.03851965753634,4.21161931519111,3.89215462446697,4.31416483639229,3.06241141313564,8.10661673888807,3.58693743100747,3.54063553110272,7.69163446436234,6.72569201964131,9.91368121526007,3.42959225387918,3.19577955889786,2.95148185832007,3.05488680870893,6.06521743232088,4.08373866715071,5.02957017185516,8.28776659932023,9.88907742061686,8.62466563549341,2.97993441927588,6.8433109898001,3.90096298322682,3.81467619348953,3.02242097237886,5.53212231275523,8.46624306163932,5.58411260976086,7.27536413885109,3.44480347329483,7.5411178457528,8.81348694391097,3.53513776709248,6.99753598886185,5.8195500684457,5.96645878126388,3.00924318322724,5.40993630050811
"8MGBA",7.53198636999673,3.06839124096967,10.3215671760878,3.6044538468063,3.64871661450649,3.25777438560424,3.71919296781231,8.06018280599613,5.57277770006016,4.95767171280338,3.38110386979551,6.62076285853969,4.20757664364748,5.07023288233043,4.17848299221492,2.88747479314162,8.14818827052802,3.31145454569572,3.38597277122359,7.55248346756262,6.9883948603805,8.39774285102651,3.14482680344086,3.44758159677262,2.78487106209014,3.10517702338404,6.62336478206049,4.2926172210293,5.53233883176486,3.87453352761225,9.48320319871078,3.66062857119412,3.40249995772218,4.7681783048178,3.60098660535574,3.6205133869962,3.03088218050765,5.11369605826328,5.78558921863981,5.6292280917881,8.55754587960672,3.32900848832418,3.74566053371005,8.57209829187827,3.34394733726712,7.42966765603416,7.05938227826445,7.50633397400123,3.1743655356738,4.5825010270917
"LOVO",6.21618393261386,3.15206436620202,9.79033319063235,3.70032207161246,3.17108665810799,3.47998023863215,3.81300023805513,7.90158070899266,6.56575371028835,4.41661080744417,3.6887675699125,4.76722808546127,3.18585847006471,4.20979478156291,4.66740002805403,5.88358906640098,7.06018749036352,3.45707127216419,3.85191805637115,6.34591126950337,5.22234921055101,8.17624137833118,3.91016814622285,3.98846017680327,2.73813983188861,2.96261797537294,4.97052442367926,4.54327366099787,4.53597246279859,4.33437486110511,8.74336412455954,4.13052444561084,3.2378467899092,6.59439178186008,4.50765243235802,3.64737918853518,3.38874082775466,4.99651263905206,6.063828618032,5.43864484468939,8.44224565288014,3.82361112926261,4.02745606118479,8.99099512596426,3.30114866261011,6.55567389725,4.91907870941583,5.50229671063801,3.50076520437529,5.30128337646469
"SIMA",6.64673833636409,3.10006295776405,10.1360895053317,3.75461388496621,3.57202302630283,3.17167899403891,3.13230197952827,5.21933148305776,5.89949233179561,5.25159844523995,3.52347184850025,3.90342661008068,4.02216019275812,3.85151737468437,3.942095781239,3.22609068974054,8.26502243288775,3.62302095848614,3.82747780145865,6.73936198719724,5.40582642613373,8.60117615268412,4.11257450111109,3.16062115160227,2.72018802848501,2.78927216917207,6.14078614411591,4.07128048801825,5.2221299180439,3.32497976383249,9.95132503776037,7.61226104169217,3.09226235841842,9.93868812922596,4.11007822860502,3.71012808043087,3.03043867792721,3.83935393303927,3.25138908681654,5.64198300521953,8.77190199491632,4.14860594209405,3.63808774022877,8.9158529863282,4.17299377055717,5.79348879777326,4.74435258513547,5.32860027646675,3.38946949350618,5.91562590622755
"AGS",8.85653635837313,3.06462191285518,10.4407093262513,4.42736475476941,4.73368993796008,3.29631705156191,3.51181433963523,9.14278819001973,5.5311568135251,5.49394268291543,3.41840284618819,5.92613195473948,3.92782043042894,4.40560998667528,4.5471250384741,9.12707930711604,7.67496725874015,3.43781330781873,3.45162147015372,6.53605795132475,7.91414998253577,9.70007358287865,4.57324522652873,3.50764208330992,2.72624959828911,2.80413842629782,5.31899141468436,4.44224983243461,5.1216252167938,3.1082209391985,9.66051963904199,3.29028472740233,3.16730816361083,7.14600398050992,4.40931864561547,3.83424238376995,3.25790950069979,5.7162339773624,3.19396241365026,5.57928334393411,8.51420656186966,3.23233397367791,3.14744370115606,9.18882704640356,4.32896426290895,8.32764620960893,3.21617854391879,6.19414135377969,3.05906383654352,4.71853012620428
"KARPAS45",7.01073057547635,3.21757126147755,10.2249238893937,4.17028387999642,4.75019107820609,3.82368903717635,2.96448190563885,3.56573071911075,5.16908012500984,6.83504926686731,3.0322177148329,6.19025702599314,4.35874169405409,5.22606581084731,3.87292923558158,2.94965227716882,8.09020935289743,3.4303804665532,3.88744576440024,7.41847870094809,7.02182060780264,9.89062277192069,2.91342724625694,3.23685504012196,2.89688954830083,3.13176685579109,7.3238042822006,4.56673695625542,5.24726766285149,3.20448084126587,8.94667490802206,3.09679516489953,3.34529240527614,3.74332609563875,3.32629166060861,3.5205463484215,3.11775946139445,4.64707937419727,3.36656642555699,4.92356457499558,8.22670746609206,3.46429442909805,3.05287750702025,8.93110539934709,3.20674364044863,7.86628850650096,4.8910001414574,6.7554348552726,4.31532515163016,4.66358858572089
"ES6",9.42703642618648,3.50178783847999,10.7801599914704,3.90271624484176,3.82958086039112,3.29753320424243,3.28268609228995,3.24877972145421,5.6228018170319,3.96114952289852,2.993692391924,3.29704353936111,4.72768384387151,3.26628077026753,3.98694295820798,2.895416185884,7.97120519972061,4.4468578703152,3.72140583417055,7.2222625052139,5.9892669954019,9.2433253316102,3.01278766538978,3.38270312621895,2.91677046500187,3.01318246570573,4.24252455174513,4.66567740252165,4.25841319999281,7.12240360989807,10.8621560980301,3.16416644754133,3.33450649081368,3.38146595310341,4.41192841830335,3.76577668623971,2.90867325211227,5.3565709502811,8.2800031286718,6.15512146438925,8.02155083928512,3.336268495837,3.38390962928585,8.96138368559615,4.01073149523696,7.55406848655197,4.93429079365484,6.26622468917057,3.1552173184576,4.80846811397733
"SNUC1",10.3142861960832,3.33322754136934,10.8106953663249,5.66845208538438,3.22040197808977,3.31783354907631,3.62482616273867,8.13037941657897,7.65849422608792,4.4550674203906,3.89820330867163,7.40285383316128,3.7371600869474,4.97452629299328,4.05062226378839,8.21235309596662,8.87432035919253,4.13924312280018,3.51592047497069,6.7448468193846,5.06855109695063,7.34641236455736,4.36316824492867,8.29421536025689,3.08271669835089,3.16485110395739,3.98055733959133,4.59736343012475,4.9315042558334,4.70073002846607,8.97133934542981,3.02456295407752,2.99478662468064,6.52126011146762,3.65986571389751,3.47553911862789,3.27628440755334,5.61185156014663,3.59933100872393,5.18164909962145,8.84734982047441,3.26038166447153,2.9508526393397,9.14981164636874,4.07049964195395,7.77100562249042,3.26055401072858,5.96716506708676,5.12421400568518,4.18375308454897
"KG1",3.02407139423779,2.71556634084626,9.61702635810887,4.44025122906753,4.25345000348339,4.5497567953482,5.17166117617032,3.6841091240134,6.32198998303322,5.59526989854946,3.49579214799928,5.98167372260789,4.80716590017701,4.93335543623986,4.09110453737472,2.97162459513126,7.36008563256272,4.0929210778015,3.90340911328112,6.02714454972611,6.29398531575154,8.64432947335248,3.17075117685881,3.3303953054123,2.75303315632247,2.96007792183119,7.38632923187446,4.38202416075808,4.51699601924506,3.35595459461732,9.886951285243,3.13828356784285,3.10205153258494,4.66922950050554,3.38795458408592,3.86057257821592,3.9022786684484,6.51183027052969,8.25355362586862,6.02636928219733,9.24354688067856,3.50891894365257,2.98294010701799,7.26001823135786,3.14833246539272,7.35175616755285,6.94490337305561,7.31484234951876,8.96990674180059,6.59002556323119
"K562",3.233893309465,2.99135469026112,10.2075345485574,4.5146302675624,4.01868231691402,3.35374434543764,8.18738352160224,8.25878093714915,4.9048780764053,4.88937795054855,4.06277255018823,6.55470669985689,4.26684890842026,2.87731668705994,3.8123842393436,3.30600797672532,7.22806278185944,4.29357211493313,3.51353747990427,5.51417721606149,6.21677523879155,6.6621868012023,3.19179388595176,3.79884401045284,2.70799936077697,2.9633658866122,6.06945158223278,4.54576346785858,4.78886404296483,2.91603770942426,8.42734318533698,3.63857930389302,3.05838738144741,7.09938535442956,3.93922292706452,3.67666417904329,3.39492233634633,5.84591274878329,9.73479902082202,5.23537647864014,8.26475944142654,3.4769849820855,3.28758604891328,8.60146194513588,3.26383566932892,7.03806764427778,3.64652300512771,7.00727600703606,3.80048716062942,4.08367350737105
"LNCAPCLONEFGC",6.68033399551144,3.13964660453867,10.1362328236736,4.77735972415125,3.29246839637121,3.71348705529081,3.05738755599472,6.21161787040332,5.26805620147258,4.96184421671357,3.31846215771979,6.69778402128715,4.39755558776816,5.0686501654078,4.20720483761485,3.1500063884104,7.44180923396333,3.7492022765785,3.4286830877583,6.8472470041344,6.7071478514415,9.13688082175592,3.25654372157754,3.32351812281982,3.0869331747738,2.72103348870843,5.2787210872873,3.88749589020417,4.85549851613913,3.29270289028753,7.89379285995182,3.43514276546521,3.09323492313726,7.29437745793349,4.68673624818522,3.78319534599226,3.00728927076633,4.3234176124861,10.0160557768023,5.83034220882721,8.37544161465523,3.60933037504943,5.31201268620444,8.71962123500182,4.04697509213305,8.10398521175993,3.23516506519683,6.61612699384677,3.22438322495457,5.53976381712544
"ESS1",7.35421666623857,2.65549660381811,10.159473747399,3.98501691502655,3.82204253362175,3.29648422535451,3.80708579732167,8.71522648206939,5.43242030178805,4.90116775383401,3.46779375438023,6.37243176007387,3.99873495584509,3.69968659589663,6.06641291641435,3.20244781054722,8.26537201854947,3.6315550835002,3.27795552509062,7.04622372840203,7.28936380218415,8.76291428991383,2.98026066136263,3.30534166882471,2.71195759488179,2.77783299232842,5.05819066390836,4.80114703120734,4.87367598541159,2.94921308315658,9.19368910732271,3.51167599310231,3.01659410309592,3.21102376919702,4.07515173604462,4.48457021127778,2.88917176299768,5.39694199699712,6.652628130108,5.72633239240534,7.66266578443413,3.60153130419941,2.99073011900462,8.7576428607138,3.27809627544052,7.10645792008546,5.37245529990903,6.8155376060242,3.56549091539499,4.06255200435227
"HSC2",7.24820190652064,2.63823317121709,11.4469037891133,3.68048928464858,4.04721838960305,3.27356978661707,4.37960665919356,8.11436788988608,5.39328651580368,5.55194435180015,3.63512220053035,6.82073873393176,4.59114150713034,3.32961654137757,4.38545794705847,3.20254507129446,8.55423409228222,3.75524490926556,3.61604863882672,8.15194287094006,6.19782358142052,8.13889534780412,7.18950508048635,3.32799087004092,2.99918011626391,2.76003719571702,7.32252424983761,4.43524587077804,5.42422660556136,3.53763858223902,10.0306937369068,6.20839014380915,3.10668034872879,3.2542868387091,3.30515395256113,3.98373324247292,3.00108808489948,4.42063060221736,3.21721750369129,5.80970684739044,7.61618175958806,3.46183886994723,3.12072834188318,8.34142756537059,2.96930596805528,7.53628826659088,3.81075735749067,6.16258671103996,2.70657295372014,4.77741224461423
"LB996RCC",7.69758956774513,2.7638812399736,9.73645509240855,3.94220933801234,3.34926550543658,3.35520784864412,7.49662700189853,8.95243168081985,5.98601461331398,4.5681432307572,3.18006963793199,5.64562351597197,3.69266031642735,4.93738161147937,4.99376238901085,3.23487624493362,8.52822793055952,3.94245192850056,3.68597693011839,6.91594402841671,6.5178155639733,7.13421316092619,4.61449729851594,3.23826150434169,2.85790482259649,2.88258566954899,4.94321634447696,4.69992654158374,4.54590229780201,3.1088290903882,9.35460203791463,7.38873503592494,2.92001249917216,5.79126867896857,3.62589152390474,3.92542140632938,3.20832542861296,5.38515109408125,11.3266909990318,5.72354605427726,7.09723974666194,3.47963954700103,4.28068217318009,8.93857076890956,3.29861252641312,7.98250112067453,6.20254096325253,5.32764368628958,3.32151009740024,4.13938856042709
"SNGM",8.52151617614405,2.72018724549383,10.3404665743591,3.86639910279198,3.4997612830445,3.33423851430754,3.17286211070375,8.41112601342975,5.55522617309693,4.82075590755351,3.67292049306898,6.66638706596424,3.98006334122323,5.73058899679593,4.45671733193503,3.05729036403625,8.49461443755191,3.82415798821435,3.36046705572836,6.60373717286964,6.99557730070894,8.48621652602394,7.37394286308039,3.32612509034719,2.74647768188105,2.68087142347211,5.17618062849705,4.56685483749382,4.9485266196364,3.04477574809519,8.82225457249103,6.1370066724866,3.31278332399418,5.59055713943969,4.45879732662573,4.17378122166026,2.86832992285937,6.66440615251705,7.91376913594559,5.62354276548069,8.23703700370928,3.36009051416947,3.06606807685222,7.82458282226095,3.212423445293,7.04082945740798,2.93865596445142,6.18147857433698,3.04109204140905,4.55157502052207
"JVM2",3.07815579044953,2.81102467849495,10.4177560015672,4.60652612371684,3.92714114012683,8.76582137612131,3.18517135497131,7.65513428293863,5.9314696851466,5.2675799811855,3.36620875645911,5.78868021673397,4.15016501430738,5.33356222695786,3.90292490448713,2.92690338113154,8.00089069912742,4.06052013404269,3.41678581856762,6.29464496634268,8.47795662276089,8.35327016292975,3.17454732090071,3.55094565222978,2.85063060587637,2.76521286031617,6.46413399891808,4.47002078067414,5.86118254726835,3.26838035046052,9.26357195927852,3.378946723934,2.94538437868597,4.05233858344404,3.47890888721418,3.72932000642405,3.51493460523807,6.842293879409,3.53941658270988,5.82886072525607,8.65213114534154,3.52273409808178,3.08948559674923,8.23742225139596,3.92173787814747,7.57261667259777,3.54381798368549,7.23301072751084,8.33730338049959,3.95817750896113
"DBTRG05MG",6.95488542997274,2.71731654330404,10.6216694833603,3.41489560653975,3.30109333102884,3.15232296670128,3.73108081693631,7.84248263253819,5.01442257821988,4.3605408451636,3.11767778924931,6.74768907728257,3.90453585238746,4.52590304782859,3.69316540649436,2.83712768989915,8.74296943706135,4.20029113479882,3.23283212426776,7.8269112518334,7.1852126552812,10.5218463112215,4.29981157361988,4.09838145111309,2.68689306000819,2.78073941869702,4.80756713869739,4.43879812289006,5.05795982655932,3.28996348367899,9.19482960653429,5.83703657213171,2.97612864057747,3.42487891683193,3.65670725267693,3.81544973602339,3.01381571855201,5.02392744778244,7.37893762734552,6.0986193213612,7.96079571291328,3.41431291966689,3.23209077710012,9.08549759584025,3.50998072541574,7.34709087990947,7.44247801579117,5.75005944269493,2.86429507812339,3.95658908565921
"KPNYN",6.95123543316364,3.03538795881704,9.90216714188637,3.83576469849754,3.45696649517455,3.69055202922707,3.34288288463756,3.13189263534266,5.73199367383387,5.93504610769243,3.13455298671144,4.4722375984139,4.20117786172349,3.43300292656504,4.79500854618315,3.00972492594793,7.82608722323485,4.34311775574788,3.46083037337384,5.99912236319656,6.09712129620148,7.10269170330943,3.80051695894014,3.39438597572661,2.94295129772706,2.6386802699277,4.70083334981572,3.98374423744648,4.26656529965987,3.46042429792973,8.07832280050639,9.29493492697637,2.98757787188634,9.38128003127225,3.86202859309741,3.60132299288319,2.90999263789958,4.10080426277055,3.2082379038211,5.46343737115024,9.05019247824925,4.15704224846312,4.57360410044706,8.57325007243817,4.30718272366522,5.62434331133201,4.18735408859229,5.05833461022075,3.16199667472113,4.8408940213924
"NCIH446",6.35421760443074,3.21166359455783,11.4843010162978,4.06573035546353,3.6957516373376,3.22756170916902,3.48256935021234,6.93419971275632,5.7363276643626,5.06423404131428,3.01151995296399,5.21694531707111,4.15434590925978,5.37385191213433,3.75346762408985,2.99986206031876,7.81993318239811,3.7447276580909,3.3397847122207,7.10718384363732,5.97869632900033,5.36198649551474,4.67428903890657,3.28643022892079,2.79393280958168,2.90181584074823,5.62449084238694,3.7845678452265,5.16253525653475,3.10834565314686,9.49905415401138,5.57524327704145,3.2788608582815,6.45025133586688,3.31936717801598,4.4860296437497,2.93156549098397,3.87962786352725,4.59449012872498,6.58038959078656,7.59617942233679,3.58981924452606,3.21416741472893,7.36698536055871,4.24855959972346,6.72833353228604,3.77681377717562,6.7274544193579,2.87154460522817,4.56834943237785
"TK10",7.53656506300653,2.62373496179137,10.9581673860722,3.66797218423269,3.98471095457886,3.23206878959621,3.2510848610718,8.86704072794998,5.40312252272057,4.44278968066259,3.35377687276763,5.71253672998108,4.38396926127063,4.45863738583951,4.68084569152461,3.15248097068748,8.78907141163256,3.76842374131182,3.47758267825609,6.19546109992828,7.19249759833596,8.30573344731535,3.81677961558289,3.31692487938,2.85095353349412,3.67945702734476,6.80331934220842,4.96955469536232,5.11876531276112,2.99430848951855,9.32471847589249,4.73809908216903,3.53167827994897,4.67705182824599,4.18814466131696,4.14371291581395,3.11173359870371,6.36991154306916,9.36664254657343,5.76873611058055,7.94602074816097,3.56668937074363,4.72000773297136,8.84463797007646,3.80028192338363,7.57223939751857,4.41351778110245,6.61028925218677,2.81837470115495,4.90835793438297
"L428",3.17552261409809,2.89895943260516,10.1019394422776,3.86356935281242,4.12131596627106,3.46364913790183,3.1612724115759,6.7844560885548,5.51822849482275,4.78815403312466,3.42666889580422,5.90875745202381,4.4399162595317,5.67701748843225,3.9821577802704,3.29431363682333,9.11594167564076,4.89907407363873,3.68843374021639,6.73293162103252,7.47198646355737,5.21801025760018,5.60564675670084,3.10452026830152,2.89024901760978,2.94582039013521,5.33520983891628,4.0235179777972,8.02715247467746,3.12164573550063,10.3483776714398,3.34806455315743,2.98878832462466,3.74523747428746,3.40488662886128,3.58535900514201,3.14260367480724,8.04423491195886,3.63749244569037,5.917966306366,8.4525921447576,3.51445731864518,3.29341422896751,9.56298434723904,3.80004087605947,8.09813700624526,3.85472143456794,6.81129500049097,3.24445161256196,4.76647517038731
"DAUDI",3.46669680269974,3.03130211605071,9.67921014672652,4.34681623957864,3.67061771003445,7.42081386490675,3.52751571847939,3.85403775644068,6.11487948674142,4.64781580343496,3.30532050410263,6.73135932530887,4.1225446691209,6.04562516017462,4.43486324772045,3.46691619032178,8.05506292411646,3.81114550339624,3.45746395529165,5.04458028572072,9.09097169326495,5.94920137810771,2.9667977860446,3.96860799249177,2.84537647534374,2.98775537651309,5.04818504373914,4.2467903245618,4.43577366775624,3.67996558910898,10.1814668332339,3.53350475746545,2.97943239196879,3.6337944503369,3.59402848300197,3.57769049721953,3.37854458919528,4.98058465855045,3.49882513144893,6.35982343548567,9.30718718331574,3.66634267833203,3.1270106800647,8.43463561766875,3.42285006746906,6.95755975842343,3.76410892585699,6.89621354704208,10.9200096548154,3.95488228519828
"CW2",8.19289798024647,3.28061998346718,10.1048719659305,4.36771509622856,3.32337367776559,3.36716775764889,3.69534454613191,8.31485999204081,6.84920447715851,5.48797857891218,3.28477803245208,6.7096237556565,3.4845939356314,5.90124708049488,3.76078170728556,5.37527702995189,7.92452058032404,4.01666712696565,3.7000788778279,6.07715049060304,6.32817544943391,8.49332132117258,4.42059188365046,5.08380482432921,2.87365687126033,2.88981449877292,4.82152857285511,4.51282138726576,4.65368777307845,6.43061675636522,8.22231409364625,3.03459857892138,3.37240337826274,6.780010423973,3.90944799863822,3.7838952217657,3.37175448926606,4.84977498479944,3.5717904905871,6.16841814538552,8.32438248344532,3.32900084315685,3.1272954466159,8.17397104979722,4.5512894565334,7.09100369459547,3.68289880902752,6.57330375115077,2.86396389335806,4.40512996142876
"GDM1",5.4410568577567,2.7320388330875,9.72825447076963,4.72343577985811,3.78415321754089,3.45308878598388,3.35654413907503,3.51363567536429,5.5685987607476,5.40429407261727,3.05164812508558,7.08866742560645,3.71723278447709,3.90613665695103,4.26630318992487,3.18943881517726,7.87013208403557,4.09568674879604,4.64212477008989,5.58220022581253,5.74101624148534,9.6423316275358,3.12061819737187,3.30612951439938,2.72535878389437,2.79212786121524,6.66667474848359,4.04934558897151,4.41028390839886,3.3280035745135,10.1392045422944,6.96650706236784,3.03186715367801,6.04035857137246,3.30196968138795,3.7249067002977,3.29966102543016,5.65367987368053,9.17669814426131,5.872787617667,9.53443470899747,3.61075785290082,3.20691234481312,7.81418904562138,3.0981654731628,6.18308692744933,7.23251459718611,7.16036078694164,3.24624362145887,5.8375939605652
"HCC38",7.45672245605988,2.88398289987092,10.177204072595,3.73985074614839,3.78729281321019,3.18212670543321,4.97380620174399,8.78686930168241,5.37106560807756,4.64199401826036,3.17894197886694,6.20240016316643,3.92417516637307,6.04338039283719,4.43715753197164,3.0217247057024,9.47032931976179,4.36289499847009,3.37430072804875,7.43622504496114,5.62808791798215,6.84689473443595,3.11925504328904,3.699823154274,2.9841805391465,2.78081951408751,5.190702840098,4.74528965395381,5.17444437654594,3.07747722164891,9.22260220952007,3.34241967849928,3.58405626792855,4.9026410172783,3.65858082299372,4.30029539154033,2.78830694462193,5.46681242841589,4.75020617881019,5.75745478837308,7.67397366822929,3.52528096558973,2.93758889711679,9.02532874994823,3.68300293796424,8.11124195860587,4.32130096845182,6.30996264961247,3.27383886828874,4.6428968838212
"RL952",6.81500167326445,2.65631727165407,10.3538570713459,3.88567160897146,3.9400714412739,3.29340225220396,10.3598442448468,8.0423712947238,6.53859190314509,5.57292219342531,3.23755612879628,5.8231984605335,4.10638150776911,4.55783401985913,4.50666686111186,3.20666904551585,8.42916704095809,4.17221280985633,3.53275644097694,6.264442026015,6.89411599034695,8.19085739163218,3.74206100237331,3.27472895487821,2.74825339272178,2.8190985476258,4.73234230046554,4.89588330713561,4.46751698522486,2.81681440857267,9.37407556583614,6.23884953333515,3.48684524232693,3.55079174397882,3.33942570334468,3.87889786319877,3.00285986635571,4.89264141777108,3.71354479582049,6.37241029963858,8.56294262121801,3.45070982086964,3.10626747653821,8.73388847153638,3.12224003526298,7.35861311389698,3.66198495236436,6.49611314252844,2.80143792365473,5.01804609930101
"NCIH2087",7.68570089073213,2.6900241089342,9.83143133460931,4.54938449692151,4.07256976066311,3.29266404819961,5.49186672071217,8.37439254793263,8.90020525056331,4.76862653098422,3.59219273064772,7.6789407950718,3.90962256695108,5.07037236175912,3.8793976403448,3.20745763460954,7.98049832212356,3.43363458476613,3.44201153567287,6.01413785670334,7.08175535224755,7.59595644988031,6.52458061401543,3.65003684363809,2.7759168753665,2.8212687023445,5.60917933024696,4.31114718581857,4.42255871488104,3.08849932850267,8.49665558970768,4.00959675705529,2.91900277351778,6.96060497880395,4.23826201309751,3.8085071639262,3.08058874557782,6.37750953706026,9.85229773964177,7.0011777889522,7.36629898555401,3.4100692587628,3.10395412003651,8.25050609742233,3.45223783206578,7.86710905496286,3.55132055486993,6.64185940062599,2.95278295031449,4.67849039322306
"8505C",7.98041292555055,2.82138361290208,10.8701338958749,3.61116207990995,3.62004002465514,3.29714638446662,3.17479533049599,8.59892242287744,4.94218236504866,4.95011821366281,3.18150204789502,6.85124755914863,4.52177452825416,4.47859110947436,4.84458556170985,3.06491894360519,7.69909582891584,3.42917668360678,3.30401058762653,7.90572640596674,6.15325782797396,9.56854805147949,4.06769175581423,3.18202866462456,2.7766303467278,2.73445354730472,5.70217827319855,5.00470974712214,4.75219554723711,3.24657067467754,9.48899432074473,3.52399550749347,3.08043209945236,3.1846409592157,3.37357963144582,3.86414096399263,2.93193302125828,5.97384152605594,10.4365376680257,4.94536485346135,8.12376955548432,3.4950864657655,3.67926586122907,7.65248932104666,3.65702011300908,7.46856305565716,4.61985855956211,6.99653635552472,3.24818927180469,4.07728105601095
"M059J",7.06399641535704,2.91695473256384,10.4927964340116,3.73975055810932,3.52258521726223,3.29792541179262,4.6222927254831,9.26859730380424,5.04814569441506,5.57199988971142,3.53537374379023,7.5808717612922,4.76931186943547,3.99795779413482,3.96467104417788,3.13665640586949,8.63749413684574,3.53366159718908,3.07202221495785,6.62015832903382,6.91406513402714,9.5595398782346,3.06959586980193,2.97009489749626,2.81744613522358,2.84660032134056,4.88186485010032,4.98880238011175,5.02696294897861,3.21693708807451,9.02853957137814,3.43182922372895,3.47706070207457,3.1831372973258,3.25385581369067,4.08150447202865,3.01917111654295,4.48852832227556,8.93987669986265,5.74324072959018,7.84423816320141,3.44116300743503,2.99187517855812,8.63236055631797,3.25416208011495,7.27523654595114,5.6541733280653,6.58148538495825,3.5390524368585,3.66480566677342
"CAL62",7.33329835721746,2.86889983125089,10.8939877467191,3.90724883140183,3.82067099160302,3.36342452467037,3.33809606262253,7.92309173410603,5.4128169767401,6.1817759177333,3.38768969129026,6.73796615670132,4.52093562890257,4.84428152377523,4.19976841314389,3.00465232180683,8.4382227579621,4.30893602181927,3.85603926523218,7.32433665019954,5.79635131607343,7.25524491226017,2.90315179490274,3.31908429437123,2.94894461967047,2.78052626306038,4.77161281458055,4.57588497492905,4.22199734926771,2.94535159679222,8.66664460400002,3.87477314559479,3.34037605541117,3.52969446116517,3.73773616774469,4.00930105918767,2.84569636942576,5.38535692528638,3.37322729836912,6.24458881728579,7.93092106243314,3.53237478848109,4.15993583899284,8.68111438162221,4.29100813598859,7.6657205454339,4.57484000553073,6.32999440785347,3.11449224543248,4.52714295990334
"SW626",7.05840393793203,2.72958320752462,11.0830155241607,3.84943176431975,3.52103409091106,3.39628671184501,3.22519841116965,7.92897883516489,5.25524298496226,5.13987158477845,3.42837613218723,6.85478823793604,4.04114267489772,5.30268870374981,3.84821859326038,2.93080776015773,8.74290736189724,3.90341433191692,3.62345935895848,6.67947203859378,6.0728618433086,5.99211909089723,4.55352624777997,3.6805612316598,2.68082180359663,2.73317621032672,5.4631176860115,5.09484747497841,4.95446277887249,3.1729970578898,9.32879624973347,3.14135320615024,2.89593406869336,5.79021217543937,4.02393977879447,5.09418797022225,2.88164047116891,5.63964275327456,3.33542161584861,6.5417042317681,7.74556586226784,3.44097091433017,3.03387313706072,9.49509621439937,3.25722752358428,7.16066354120343,4.17927288352237,6.06156680825196,3.08004812784804,5.20348041806372
"DMS273",7.8477920699491,2.86040159746303,10.1161767046546,3.64604625172282,3.48253543561498,3.51522453607847,3.47137979457941,7.54329643265046,5.51591279172744,4.47754333100764,3.4260808200244,6.33661523667541,5.14108914485857,4.91010900842104,3.95747443498684,2.99548933736872,8.52532511093117,4.21038951109264,3.35336546846959,5.56456472689178,6.66853772948122,7.64531125285507,4.99597506456414,3.22872398691992,2.88733071147195,2.78221451916068,4.29989109238384,3.73692513788491,4.84618720237815,3.15595579664813,8.14376697002405,6.6395074939173,3.13591352527569,6.38670776530905,3.71871351531412,3.7566435082336,2.98081897971854,4.46238103645827,6.8821226017071,6.63997496706102,7.80714612212588,3.53895669830868,6.66197815993313,8.74057489812329,4.53253914269864,7.78490528603935,6.02496447214456,6.74769868628104,3.26072846923859,4.77948698087065
"MSTO211H",7.80534954392366,2.86014839519305,10.2803104382802,3.5612535600301,3.48645041914995,3.20908276893921,5.05802514454066,9.20094774709517,6.09371302587094,4.65425916070742,3.37395361223808,6.85074304541345,4.54757474521843,5.364665538209,3.91188962192616,3.14080017377668,7.940948780056,3.7631219202138,3.48623348303355,6.33515225983166,6.55998371195372,8.66964102864074,3.20363630195946,3.15138941445988,2.75647306112448,2.91246828418167,7.21979000461204,5.08550349457683,4.80619805510255,3.18372323770855,9.7892077675201,5.52625177557775,2.93752450855587,3.81380263804578,3.34228791720421,4.40611685368944,2.95867772571096,5.20847128190008,10.9508252480889,6.38243478084625,7.53616838635937,3.62214673493146,5.17634441860741,8.14993153869446,3.62141429490345,7.84045348046551,3.80843753219817,6.88742830081508,3.30342967511403,5.34996861512984
"NOS1HUMANOSTEOSARCOMA",6.55100887189128,3.13602125538518,9.14569454934147,4.41172223542289,3.6972127314279,3.21421527441516,3.25337473468809,8.14926652325456,6.21654465338604,6.1387676306662,3.41331076644854,6.74273400281798,3.81531796698582,4.44615834003827,3.93409552726516,3.00258709607902,7.51560424543911,3.60840862139839,3.07929258076631,6.04497816964335,6.55836736326474,8.80128864273003,3.03648611388771,3.31273048021094,2.59356970878657,2.90534858194223,6.56677255665141,3.99916488623051,5.21724583644673,2.99991216694501,8.92667989279956,6.00104864947396,3.05611487417412,4.91539032026571,3.51085962512925,4.28915818477083,2.93131762184344,4.91788495079111,3.85134044760076,5.57087555144142,8.50057025517939,3.44329780195581,3.67015013485499,7.65648049980685,3.12181310889354,6.36195000251113,4.52958527773338,6.55150413425058,3.02030619996447,4.64941214319502
"MN60",3.53299428817416,3.02672550744285,9.63441062933195,4.43683698627805,4.13072415152518,5.42872271616087,3.89839758720108,4.3532942176246,5.54107473117107,5.16361466491844,3.39240108367298,6.00160919313135,4.65762925435506,4.39301379070432,4.20742899365403,3.18057172391917,6.64551502309913,3.24589273074116,3.46060358427066,6.91350710290888,5.91920762177124,8.88637519534489,3.18287482090247,3.04719492754061,3.13137962491262,2.85317197891086,7.9897913613869,4.16184122015333,4.68068055191076,3.65880007347572,8.47256532725673,3.7411535970223,3.07060284365863,3.64447756913196,3.44293143932338,3.59995048185432,3.0754167278272,3.47554535335612,3.47739560421923,7.02436072192339,8.63156993289717,3.81651443303657,3.31835723562912,8.49691525946516,3.79116883285464,7.58388155194054,4.56437571726944,7.20997969284197,8.51003490983447,5.1182256761918
"KM12",6.86495825020359,2.81305152680538,10.4817586289456,4.60552467401355,3.48726519713269,3.36359316489551,2.96219842770978,8.41423488813605,7.31343542648588,4.67729740714955,3.73405908036594,7.07534009042164,3.91033069557852,5.48385056464427,3.9771143920437,3.21323207728701,7.84634556481731,3.91075736244974,3.60305298835668,5.48891029551358,6.46509677373494,6.8430422474298,5.63049836131534,3.29141933403535,2.88404974991489,2.8747039648254,5.20289516204919,4.28963637011529,4.73770321129764,3.40787160881616,9.15794046012546,5.35591277961725,2.93808020747404,6.70835405917971,3.52239410875191,3.74870910607151,3.20433946883779,5.29263227562419,9.21294721035926,6.1024807883242,8.85882427857028,3.36047169106235,4.86434133724446,8.77801178526343,3.28046515486529,7.27638472339767,3.50168673122535,6.18949759592748,3.1468374421958,4.37008139356399
"22RV1",4.79798397181201,2.84567964648877,10.3349217195959,5.14231480697205,3.53666984069962,2.98018871148348,3.29385768460474,8.05472462431197,8.36535490412969,5.28291299583078,3.56130316308695,8.01584435490319,3.96873211519641,5.18112302305743,3.7595553605361,3.08719111373349,8.9034959255151,3.82937335887136,3.74348704777519,7.28849354719875,5.88765700856631,7.42194313944106,3.07579256434753,3.63999370146089,2.72815265374759,3.07195562012987,5.48043371602898,4.52816124108051,4.69075797782144,3.54090693093663,9.12053767574908,3.44967471831054,2.90663410877163,7.56389199014,3.65111588810557,3.53599767667544,2.90090682405044,4.2845550482811,6.31565317427065,5.09805542005835,8.53719138437094,3.45781585928595,5.23462832898463,9.12791914585862,4.4415402258615,7.43346273245301,3.69799225566928,6.32398486023622,3.19346174758236,5.10811551890814
"LB771HNC",3.3629930873719,2.96085967683373,10.5664838564643,4.05880455325442,3.57771475039832,3.2663403385384,3.07377366437806,8.08181929514464,6.22993485188045,5.13810997919598,3.84397902777943,5.6324396434539,4.50709790048043,3.45656858638718,4.01548996786938,3.10236147389089,8.01538144635607,3.71381262924975,3.36686807874187,6.17543758797625,5.71218043860513,8.97965572076568,3.25083614584767,3.69089973181867,2.89844608543169,2.92590078729903,6.16223347772906,4.50325803005797,4.8602832786338,3.08556993650689,10.2388052305257,3.06136019213666,3.28752521160266,3.0315559957531,3.80670230428683,3.77579651042644,2.98131891780986,5.87130406078878,3.32174947925649,6.44271760628865,8.24207579322516,3.38764784603955,3.04524375186634,8.74863421875586,3.54456643047,7.63047254372764,3.69899785609482,6.83554024644057,2.89453994434329,4.6105595768263
"NCIH720",3.30368200976775,2.77770436133306,9.36753664611999,3.74637879284193,3.87312644042957,3.26899702128316,3.1384118840312,5.73589929170687,5.33252760935698,6.3195022461525,2.95364909946495,7.54614634679723,4.18253318251061,6.69882279777156,3.86460810597941,3.12023261984169,8.73889656525711,4.56737558098608,3.30685452744269,6.92443306267249,5.8745675675776,3.93961631119834,3.24656248972984,3.49861155210578,2.76938990446261,2.77820610225908,4.31530245652916,3.68942170592253,5.0676388983343,4.78617957302682,8.82262850503368,6.39797066474321,2.81097124902451,7.25744870865949,3.99783777545937,4.12752227022624,2.79333480569283,4.55022423341243,3.43929987927724,5.67955195827559,7.58858542714315,4.98706892928262,6.75015189774745,9.27728536835416,4.28206690734633,7.28998347257153,5.49370781755787,5.14105156525237,3.31933733024664,4.27793977536215
"VMRCRCZ",4.14245855793164,2.77687625563133,10.4696593496154,3.3750774228866,3.51737687803665,3.19913727283748,3.23791821814861,9.32580959256014,5.39583124900213,5.4640432509682,3.29889117866801,5.93220317262895,4.13653268257105,4.62306488418029,4.63655269757561,3.32343672170378,9.7339472440191,4.31287839067384,3.22778749363385,7.17968945534795,6.77422280687711,9.15541044200638,3.00333805289905,3.39444831137467,2.69014215161042,2.80132088861662,5.99626989662854,4.90603822735228,4.99699004892268,2.95288638947981,9.08553558311473,3.48118347108329,2.87583422409536,3.18405496239152,3.46991948144443,4.58857680376228,2.92252103275271,7.52806847473653,7.43056818150242,5.46623033139221,7.20304528918216,3.5813050427048,3.12642351809916,9.09003512368351,3.4085726432371,7.92118154926656,3.57576297342588,6.15698374537754,2.88669380077604,4.3660457697245
"NCIH345",3.5414212688549,2.77664646369709,10.120670903207,4.24772576352614,4.04370036162464,3.12775277579528,3.14329224331703,3.35998027756973,4.76317595368878,5.63686340522033,3.50684718374075,7.98851007895385,4.29618800106199,6.16135396644409,3.95608146751117,2.93862133853746,8.52499504626413,4.47606994623812,3.4120113199567,7.63064694502537,4.50738050743262,6.23308114476233,3.8879989029574,2.96545139226763,2.88232263428342,2.63942119376127,7.69535871647969,4.10374377102353,4.60170941550293,5.06857917831285,8.16790127459695,6.79722743361531,2.85558714259222,8.06849491525869,3.76305991818243,4.34518246612882,2.79429804081872,4.98906316330932,3.48721740985076,5.9644969157669,8.30218114740969,3.90941331160316,3.25628952553832,9.39827678994081,4.2341730048478,6.93941742069384,4.51216670699841,5.37578616564381,3.18886639403846,4.66194190289799
"KU1919",7.79599537470144,2.62466770084053,10.6802827394502,4.46404432530463,3.36953451501752,3.17049128942165,6.78352753450096,7.97984081098921,5.67907016149425,4.61617805743717,4.38223159538993,7.44820786100389,3.91828403508625,5.24088967410986,4.33922528373287,3.17164233967777,8.14286848294821,3.89723764102781,3.68225535199949,6.33745558525204,5.3253199692852,6.63907254830934,5.07270285142153,3.47226805438387,2.77671539316542,3.09461197442258,5.11065240591052,4.25018679580887,5.05791268334271,3.87824023423882,9.37914856430443,4.59500496487097,3.09589534184393,6.42780543390392,3.71296929362775,3.93476556187598,3.07136496271578,5.08418224168599,11.2144537484376,5.61088496614035,8.64140671408799,3.57815318000069,3.25886525076689,8.23531791091865,3.08973011082458,6.78936909247273,3.69005891247415,6.46749005654733,3.12649946397925,3.52617373159687
"U2OS",8.27656964527422,2.64722449412024,10.3420604059322,3.6513529961638,3.55163446335388,3.42159564861376,3.91855805889312,7.92894550823919,5.8152411500469,5.68832553316337,3.52090044896684,5.1612369518719,4.17652287317194,5.29589497613174,4.58592715600632,3.22452376583332,8.39918948181126,3.43769145640069,3.48805861316975,7.05143163013422,5.55413006666042,7.41249253775207,2.85297550075701,3.37499039320356,2.73386964632438,2.86741634837813,8.22790535318719,4.89194110796056,5.2101309230303,3.27858637567162,9.88500925199587,4.12600415576928,3.31994326089668,3.61967883483863,3.54181683735838,3.86212959467275,2.90040093590855,4.87461701153721,8.08086133343399,6.57297679708567,8.74827347601965,3.61963003220135,4.71978719757371,7.9445702131259,3.33389278060565,7.34111300106872,5.03201888983894,6.36170586471351,3.15083507251242,5.553518278838
"NCIH2122",7.73282812170916,2.68985063783281,10.4222380687229,3.64585168975152,4.00591051271388,3.25776535486518,5.1917096502799,8.53504020814482,7.95675549562704,4.81965586599378,3.19110401842355,6.45029232738603,4.06040807358783,4.96332259695574,4.41190022058374,3.15540896319903,8.47532606210093,4.11939948885193,3.29720122908911,6.23601278530153,7.0395174268703,8.79395229228193,4.73065188244729,3.47586547493541,2.81706053910253,2.94343235807933,4.9829435926847,4.24684121552615,4.5565302336422,3.10382573169082,8.68432931360456,4.39035808108413,3.41810872222873,7.53519036581148,3.74380615419045,3.56413804213485,3.18386283164134,5.73495324675714,8.81970035299651,6.40294840248023,7.67731836330847,3.67647928974723,9.40126092557361,7.92455408442059,3.18251396082942,8.27514555170842,3.68611025291356,6.34868589776651,3.07298397752022,5.52161964259622
"COLO829",7.17379348882773,2.81027728622259,10.2188469599381,4.04696538460017,3.74948894255523,3.07735213912656,3.23591089309323,8.64201124849347,5.51576430823133,5.30032995921543,3.42842167333974,6.42306859055718,4.12730478045025,3.63151242419112,3.99711594629179,2.80284347106652,8.14507434039675,4.33804953759973,3.30147303168618,6.3444845287007,6.0417013730792,8.85658105365314,3.85249730369507,3.30924301435518,2.88971631879239,2.79233430284759,9.35758128765019,4.11134076447021,4.51503707586933,3.33319319312799,10.0243250797769,4.75261564500897,2.87234107864705,3.47638354913965,3.53642585012434,4.07692550888758,2.94838705774871,4.93042664798097,5.56384594547525,6.27367241444749,8.49839844967239,3.40915322317643,4.89447996126037,9.43706048090629,3.46126637276642,7.27802712014475,5.10482184020613,6.61872930028816,3.22266055425716,4.03729187626846
"MFE296",8.26550799338531,2.67312184997837,10.2595412274067,4.71739865245695,3.89751684443322,3.16713625334428,3.20651562446837,8.0811744268612,5.58715465901433,5.07620481048595,3.37894025097283,6.68400997450365,3.96553928277646,4.44758193796241,3.8304079366989,2.95908685363783,8.42301692666364,3.66963399814625,3.32754957549704,7.37651660696998,5.70622770192768,9.02210411924189,3.05872794918775,3.34691606148461,2.9072109405357,2.92025433053674,4.8614857169209,3.90725031638065,4.49177074476667,3.03921435273232,8.40415781969024,6.1168731666635,2.68526638253482,3.40272232444827,3.50817824911611,4.10198570026482,3.05890107335323,5.19987043054814,4.13955967742777,6.35530180606535,8.71980345576177,3.56525470373112,7.59296950876611,9.28749635248335,3.7825060477488,7.59071198559555,5.15106076477096,6.65339403191931,3.57734971884422,4.24454518042213
"K5",6.8119200347573,2.8417443777971,10.3960885914822,3.7714765511165,3.30240410690042,3.67241538053248,6.1172032759067,7.81972213166509,4.88335721503487,4.7284726675535,3.71226217129229,6.75827512755918,3.62992821186584,3.8066466941937,4.54804503618675,3.01783977202276,8.34272084636133,3.77812433047315,3.54916025977173,7.4004492325392,5.74879352995119,8.87916519671441,3.15745686303019,3.10947354331146,2.92585421718536,2.80600351690789,6.2214267320014,4.74425781195281,4.84405483049923,3.0082400896996,8.94009676771961,3.51029332111572,4.23818218599548,3.34445225211785,3.26988459835538,4.0117839298816,3.00585334926845,5.92468344939414,7.8872997360356,5.77935113348213,8.66959910510366,3.51275534651286,9.68037726165803,8.29527857869382,3.06391604171491,6.47527183372105,4.02900172056079,5.59401039723793,3.9281765955577,3.46484744108667
"NCIH226",5.80280097731909,2.78002744618227,10.2806556542432,3.81193863366375,3.76331467756252,3.15207453894258,3.50198687770064,9.03164948390908,5.89408880373826,4.46831160651119,3.25603289868007,6.54162982289353,4.04988913156901,4.80070965595059,3.9929389605584,3.08392840413212,8.40889113249936,4.02738843246409,3.37267910750749,6.98692756355447,5.64760496541594,9.25944229362542,3.07286799185187,3.2691259325941,2.85758680234718,2.85559706839116,5.99797701781792,4.86889065659986,5.26585876430266,3.20189579655535,10.3257607294245,3.47322369255107,3.16704937258779,4.02657442999929,3.57158431835377,3.89190955653918,3.00867769234981,5.68394107740887,3.32721637544012,5.74738140732599,7.73773933540078,3.52269038472212,3.92611771262832,8.74698646001658,3.96958212218892,8.09618531240784,5.3121542802111,7.10559718470553,3.00191762983996,4.80842455254862
"NCIH716",3.60675729367807,2.864854363002,10.2521866132353,3.78140298691982,3.49792196605067,3.05509288373833,3.70776582062817,7.8180535008019,6.3722704281661,4.73554390722827,3.34684765133849,6.71870133377981,3.87034006308768,4.84970395980253,3.84920772308464,3.18026735261321,8.0672645662241,4.00784684661611,3.51646649046598,5.91919401907363,5.58417974429605,9.34957984343874,4.0785644753912,3.44234303987241,2.77811555170717,2.67454170062462,7.76564779367525,4.20579023049533,4.7132543323328,8.10866364236238,8.8324344472019,7.34739878787226,2.9291935768345,7.95906391346014,3.74135345452137,4.28312150786882,2.92966934009502,4.4723936267361,9.80447714448332,6.34674510905183,7.72289508581181,3.54813708061949,5.83547953487416,9.09448365903288,4.42898464742382,7.20753243608585,5.66426079492157,6.82826650582421,3.17479777544841,4.55689611119898
"LB831BLC",7.10450854608391,2.79716825671625,10.4884043200728,3.69423176977735,3.72419235918638,3.24389143997463,3.43846259258687,9.04170558647451,5.28820996183775,5.46940614579205,3.42660185999349,5.9737152606338,4.29765980161239,5.6243358786044,3.89051242457337,3.00174706436994,8.67509452593593,3.91593153285116,3.2665962193687,7.148953695581,5.3802125010717,9.09979247257871,3.04001623621681,3.34997623094483,2.76587364931059,2.90250662647254,4.90783684015892,5.06179297041569,4.75264513993606,3.23992200749777,9.23770457305237,3.32383035027804,3.29033439975317,3.75308559664769,3.28556333723798,3.91766613685236,3.02922386749107,4.93787354415977,9.75802551803469,5.25605319978624,7.81356712029562,3.4447707033684,3.50511149252893,8.59578557652436,3.18084206960925,7.14130901324379,5.72146487284574,6.28429620088008,3.02656092972706,4.03948921369394
"HC1",3.23319539271578,2.74335818214744,10.4376851320229,4.62144618190209,3.94646519566879,8.96821687510609,3.32179308931871,5.65253014788197,6.74622916037343,5.45073928867971,3.09110210442246,4.93358068390861,4.27674975997252,3.34500310114218,3.82365080822368,2.98115589046335,8.12008353598337,3.89016481520637,3.5518620130836,6.47965504095215,8.59067178662363,9.38813915723295,2.95166742017833,3.61659001795791,2.92554220071139,2.85508136361249,5.30116334206811,4.25710284109535,6.75385264240352,3.36377871386609,9.64832748502579,4.52151261865526,3.21490058069644,5.84731491762962,4.38280054615662,3.55354420273748,3.38641955286676,6.27501843641067,3.76215393364751,6.15400734129303,9.10580650835875,3.28545998953968,3.12443240627328,8.4392150448855,4.00627966737206,7.41967277810425,3.37612208587375,7.44190402204531,10.1237274519202,4.26902605335284
